location_id,country
00235947-16c8-11ed-9b5f-1234bde3cd05,US
00236a27-16c8-11ed-9b5f-1234bde3cd05,US
00236f47-16c8-11ed-9b5f-1234bde3cd05,US
00237418-16c8-11ed-9b5f-1234bde3cd05,US
002378d7-16c8-11ed-9b5f-1234bde3cd05,US
00238cb7-16c8-11ed-9b5f-1234bde3cd05,US
00239181-16c8-11ed-9b5f-1234bde3cd05,US
002395ca-16c8-11ed-9b5f-1234bde3cd05,US
002399e0-16c8-11ed-9b5f-1234bde3cd05,US
00239f81-16c8-11ed-9b5f-1234bde3cd05,US
0023a82d-16c8-11ed-9b5f-1234bde3cd05,US
002e7171-16c8-11ed-9b5f-1234bde3cd05,US
002e75d2-16c8-11ed-9b5f-1234bde3cd05,US
002e7cbb-16c8-11ed-9b5f-1234bde3cd05,US
002e821a-16c8-11ed-9b5f-1234bde3cd05,US
002e8a36-16c8-11ed-9b5f-1234bde3cd05,US
002e9ce1-16c8-11ed-9b5f-1234bde3cd05,US
002ea140-16c8-11ed-9b5f-1234bde3cd05,US
002ea561-16c8-11ed-9b5f-1234bde3cd05,US
002ea9b1-16c8-11ed-9b5f-1234bde3cd05,US
002eadac-16c8-11ed-9b5f-1234bde3cd05,US
002eb275-16c8-11ed-9b5f-1234bde3cd05,US
002eb7c5-16c8-11ed-9b5f-1234bde3cd05,US
002eccb3-16c8-11ed-9b5f-1234bde3cd05,US
002ed36f-16c8-11ed-9b5f-1234bde3cd05,US
002ed867-16c8-11ed-9b5f-1234bde3cd05,US
002eeb7a-16c8-11ed-9b5f-1234bde3cd05,US
002ef10b-16c8-11ed-9b5f-1234bde3cd05,US
002ef552-16c8-11ed-9b5f-1234bde3cd05,US
002efd71-16c8-11ed-9b5f-1234bde3cd05,US
002f10d7-16c8-11ed-9b5f-1234bde3cd05,US
002f14c1-16c8-11ed-9b5f-1234bde3cd05,US
002f188d-16c8-11ed-9b5f-1234bde3cd05,US
002f1e31-16c8-11ed-9b5f-1234bde3cd05,US
002f22cf-16c8-11ed-9b5f-1234bde3cd05,US
002f270a-16c8-11ed-9b5f-1234bde3cd05,US
002f2b0a-16c8-11ed-9b5f-1234bde3cd05,US
002f2ef3-16c8-11ed-9b5f-1234bde3cd05,US
002f3312-16c8-11ed-9b5f-1234bde3cd05,US
002f373f-16c8-11ed-9b5f-1234bde3cd05,US
002f3b9b-16c8-11ed-9b5f-1234bde3cd05,US
002f3f9e-16c8-11ed-9b5f-1234bde3cd05,US
002f43c8-16c8-11ed-9b5f-1234bde3cd05,US
002f47b0-16c8-11ed-9b5f-1234bde3cd05,US
002f4be0-16c8-11ed-9b5f-1234bde3cd05,US
002f50dd-16c8-11ed-9b5f-1234bde3cd05,US
002f5529-16c8-11ed-9b5f-1234bde3cd05,US
002f59bb-16c8-11ed-9b5f-1234bde3cd05,US
002f5e0a-16c8-11ed-9b5f-1234bde3cd05,US
00389d25-16c8-11ed-9b5f-1234bde3cd05,US
0038a17e-16c8-11ed-9b5f-1234bde3cd05,US
0038a8f4-16c8-11ed-9b5f-1234bde3cd05,US
0038ad5b-16c8-11ed-9b5f-1234bde3cd05,US
0038b1a9-16c8-11ed-9b5f-1234bde3cd05,US
0038b625-16c8-11ed-9b5f-1234bde3cd05,US
003d5826-16c8-11ed-9b5f-1234bde3cd05,US
003d5d7f-16c8-11ed-9b5f-1234bde3cd05,US
003d6249-16c8-11ed-9b5f-1234bde3cd05,US
003d6a71-16c8-11ed-9b5f-1234bde3cd05,US
003d7132-16c8-11ed-9b5f-1234bde3cd05,US
003d762a-16c8-11ed-9b5f-1234bde3cd05,US
003d7aab-16c8-11ed-9b5f-1234bde3cd05,US
003d8251-16c8-11ed-9b5f-1234bde3cd05,US
003d961a-16c8-11ed-9b5f-1234bde3cd05,US
003d9d56-16c8-11ed-9b5f-1234bde3cd05,US
003dab88-16c8-11ed-9b5f-1234bde3cd05,US
003dafcf-16c8-11ed-9b5f-1234bde3cd05,US
003db42e-16c8-11ed-9b5f-1234bde3cd05,US
003db98a-16c8-11ed-9b5f-1234bde3cd05,US
003dc70f-16c8-11ed-9b5f-1234bde3cd05,US
003dcba6-16c8-11ed-9b5f-1234bde3cd05,US
003dcff9-16c8-11ed-9b5f-1234bde3cd05,US
003ddc4f-16c8-11ed-9b5f-1234bde3cd05,US
003de14c-16c8-11ed-9b5f-1234bde3cd05,US
003de546-16c8-11ed-9b5f-1234bde3cd05,US
003de98d-16c8-11ed-9b5f-1234bde3cd05,US
003dedd6-16c8-11ed-9b5f-1234bde3cd05,US
003df218-16c8-11ed-9b5f-1234bde3cd05,US
003df6ef-16c8-11ed-9b5f-1234bde3cd05,US
003dfbb8-16c8-11ed-9b5f-1234bde3cd05,US
003e0174-16c8-11ed-9b5f-1234bde3cd05,US
003e072c-16c8-11ed-9b5f-1234bde3cd05,US
003e104f-16c8-11ed-9b5f-1234bde3cd05,US
005b586f-16c8-11ed-9b5f-1234bde3cd05,US
005b614c-16c8-11ed-9b5f-1234bde3cd05,US
005b65d2-16c8-11ed-9b5f-1234bde3cd05,US
005b6b31-16c8-11ed-9b5f-1234bde3cd05,US
005b6f6f-16c8-11ed-9b5f-1234bde3cd05,US
005b73af-16c8-11ed-9b5f-1234bde3cd05,US
005b77ba-16c8-11ed-9b5f-1234bde3cd05,US
005b7bce-16c8-11ed-9b5f-1234bde3cd05,US
005b802d-16c8-11ed-9b5f-1234bde3cd05,US
005b847a-16c8-11ed-9b5f-1234bde3cd05,US
005b88db-16c8-11ed-9b5f-1234bde3cd05,US
005b91cc-16c8-11ed-9b5f-1234bde3cd05,US
005b9599-16c8-11ed-9b5f-1234bde3cd05,GB
005b9b78-16c8-11ed-9b5f-1234bde3cd05,US
005ba909-16c8-11ed-9b5f-1234bde3cd05,US
005bad88-16c8-11ed-9b5f-1234bde3cd05,US
005bb1c7-16c8-11ed-9b5f-1234bde3cd05,US
005bb5e7-16c8-11ed-9b5f-1234bde3cd05,US
005bca98-16c8-11ed-9b5f-1234bde3cd05,US
005bd296-16c8-11ed-9b5f-1234bde3cd05,GB
005bd6ba-16c8-11ed-9b5f-1234bde3cd05,US
005bdaf9-16c8-11ed-9b5f-1234bde3cd05,US
005be06c-16c8-11ed-9b5f-1234bde3cd05,US
005d6ebb-16c8-11ed-9b5f-1234bde3cd05,US
005d7675-16c8-11ed-9b5f-1234bde3cd05,US
005d7ca3-16c8-11ed-9b5f-1234bde3cd05,US
005d80b0-16c8-11ed-9b5f-1234bde3cd05,US
005d853f-16c8-11ed-9b5f-1234bde3cd05,US
005d8be6-16c8-11ed-9b5f-1234bde3cd05,US
005d9110-16c8-11ed-9b5f-1234bde3cd05,US
005d9529-16c8-11ed-9b5f-1234bde3cd05,US
005d9935-16c8-11ed-9b5f-1234bde3cd05,US
005d9d38-16c8-11ed-9b5f-1234bde3cd05,US
005da197-16c8-11ed-9b5f-1234bde3cd05,US
005da5c8-16c8-11ed-9b5f-1234bde3cd05,US
005daa40-16c8-11ed-9b5f-1234bde3cd05,US
005dae55-16c8-11ed-9b5f-1234bde3cd05,US
005db352-16c8-11ed-9b5f-1234bde3cd05,US
005dc2a9-16c8-11ed-9b5f-1234bde3cd05,US
005dc71a-16c8-11ed-9b5f-1234bde3cd05,US
005dcb8f-16c8-11ed-9b5f-1234bde3cd05,US
005dd421-16c8-11ed-9b5f-1234bde3cd05,US
005de048-16c8-11ed-9b5f-1234bde3cd05,US
005ded3c-16c8-11ed-9b5f-1234bde3cd05,US
005df15a-16c8-11ed-9b5f-1234bde3cd05,US
005df590-16c8-11ed-9b5f-1234bde3cd05,US
005df9d3-16c8-11ed-9b5f-1234bde3cd05,US
005dfe32-16c8-11ed-9b5f-1234bde3cd05,US
005e0240-16c8-11ed-9b5f-1234bde3cd05,US
005e0708-16c8-11ed-9b5f-1234bde3cd05,US
005e0b00-16c8-11ed-9b5f-1234bde3cd05,US
005e100c-16c8-11ed-9b5f-1234bde3cd05,US
005e142a-16c8-11ed-9b5f-1234bde3cd05,US
005e1ac8-16c8-11ed-9b5f-1234bde3cd05,US
005e1f9a-16c8-11ed-9b5f-1234bde3cd05,US
005e2495-16c8-11ed-9b5f-1234bde3cd05,US
005e28cc-16c8-11ed-9b5f-1234bde3cd05,US
005e2d33-16c8-11ed-9b5f-1234bde3cd05,US
005e3b27-16c8-11ed-9b5f-1234bde3cd05,US
005e3f68-16c8-11ed-9b5f-1234bde3cd05,US
005e436c-16c8-11ed-9b5f-1234bde3cd05,US
005e4722-16c8-11ed-9b5f-1234bde3cd05,US
005e4b14-16c8-11ed-9b5f-1234bde3cd05,US
005e50f7-16c8-11ed-9b5f-1234bde3cd05,US
005e5524-16c8-11ed-9b5f-1234bde3cd05,US
005e5936-16c8-11ed-9b5f-1234bde3cd05,US
005e5d60-16c8-11ed-9b5f-1234bde3cd05,US
005e61bc-16c8-11ed-9b5f-1234bde3cd05,US
005e69f9-16c8-11ed-9b5f-1234bde3cd05,US
005e70b8-16c8-11ed-9b5f-1234bde3cd05,US
005e74e3-16c8-11ed-9b5f-1234bde3cd05,US
005e79e2-16c8-11ed-9b5f-1234bde3cd05,US
005e8afe-16c8-11ed-9b5f-1234bde3cd05,US
005e8f51-16c8-11ed-9b5f-1234bde3cd05,US
005e93b5-16c8-11ed-9b5f-1234bde3cd05,US
00602ba7-16c8-11ed-9b5f-1234bde3cd05,US
0060301c-16c8-11ed-9b5f-1234bde3cd05,US
0060345d-16c8-11ed-9b5f-1234bde3cd05,US
00604784-16c8-11ed-9b5f-1234bde3cd05,US
006091f5-16c8-11ed-9b5f-1234bde3cd05,US
00609ab5-16c8-11ed-9b5f-1234bde3cd05,US
00609f46-16c8-11ed-9b5f-1234bde3cd05,US
0060a363-16c8-11ed-9b5f-1234bde3cd05,US
0060a817-16c8-11ed-9b5f-1234bde3cd05,US
0060abef-16c8-11ed-9b5f-1234bde3cd05,US
0060afcf-16c8-11ed-9b5f-1234bde3cd05,US
0060b3ce-16c8-11ed-9b5f-1234bde3cd05,US
0060b7dc-16c8-11ed-9b5f-1234bde3cd05,US
0060bc07-16c8-11ed-9b5f-1234bde3cd05,US
0060c1f3-16c8-11ed-9b5f-1234bde3cd05,US
0060c61d-16c8-11ed-9b5f-1234bde3cd05,US
0060cc38-16c8-11ed-9b5f-1234bde3cd05,US
0060d09f-16c8-11ed-9b5f-1234bde3cd05,US
0060d50f-16c8-11ed-9b5f-1234bde3cd05,US
0060d94a-16c8-11ed-9b5f-1234bde3cd05,US
0060e698-16c8-11ed-9b5f-1234bde3cd05,US
0060eafe-16c8-11ed-9b5f-1234bde3cd05,US
0060f0dd-16c8-11ed-9b5f-1234bde3cd05,US
0060f4f7-16c8-11ed-9b5f-1234bde3cd05,US
0060f933-16c8-11ed-9b5f-1234bde3cd05,US
0060fd41-16c8-11ed-9b5f-1234bde3cd05,US
00610149-16c8-11ed-9b5f-1234bde3cd05,US
0061136c-16c8-11ed-9b5f-1234bde3cd05,US
00611f15-16c8-11ed-9b5f-1234bde3cd05,US
0061236c-16c8-11ed-9b5f-1234bde3cd05,US
006126fe-16c8-11ed-9b5f-1234bde3cd05,DE
00643f19-16c8-11ed-9b5f-1234bde3cd05,US
0064449d-16c8-11ed-9b5f-1234bde3cd05,US
00644b32-16c8-11ed-9b5f-1234bde3cd05,US
00645020-16c8-11ed-9b5f-1234bde3cd05,US
006453b2-16c8-11ed-9b5f-1234bde3cd05,GB
0065e94e-16c8-11ed-9b5f-1234bde3cd05,US
0065ed7a-16c8-11ed-9b5f-1234bde3cd05,US
0065f1d2-16c8-11ed-9b5f-1234bde3cd05,US
0065f604-16c8-11ed-9b5f-1234bde3cd05,US
0065fe31-16c8-11ed-9b5f-1234bde3cd05,US
00660207-16c8-11ed-9b5f-1234bde3cd05,US
00679040-16c8-11ed-9b5f-1234bde3cd05,US
0067944c-16c8-11ed-9b5f-1234bde3cd05,US
0067985e-16c8-11ed-9b5f-1234bde3cd05,US
00679c6b-16c8-11ed-9b5f-1234bde3cd05,US
0067a069-16c8-11ed-9b5f-1234bde3cd05,US
0067a3bd-16c8-11ed-9b5f-1234bde3cd05,FR
0067a794-16c8-11ed-9b5f-1234bde3cd05,US
0067ab98-16c8-11ed-9b5f-1234bde3cd05,US
0067afbb-16c8-11ed-9b5f-1234bde3cd05,US
0067b4cb-16c8-11ed-9b5f-1234bde3cd05,US
006acd9b-16c8-11ed-9b5f-1234bde3cd05,US
006ad2c9-16c8-11ed-9b5f-1234bde3cd05,US
006ad7f4-16c8-11ed-9b5f-1234bde3cd05,US
006ade05-16c8-11ed-9b5f-1234bde3cd05,US
0078bf51-16c8-11ed-9b5f-1234bde3cd05,US
0078c3b9-16c8-11ed-9b5f-1234bde3cd05,US
0078c7f1-16c8-11ed-9b5f-1234bde3cd05,US
0078cc44-16c8-11ed-9b5f-1234bde3cd05,US
0078d511-16c8-11ed-9b5f-1234bde3cd05,US
0078da73-16c8-11ed-9b5f-1234bde3cd05,US
0078de6b-16c8-11ed-9b5f-1234bde3cd05,US
0078e3ab-16c8-11ed-9b5f-1234bde3cd05,US
0078e7a6-16c8-11ed-9b5f-1234bde3cd05,US
0078eb99-16c8-11ed-9b5f-1234bde3cd05,US
0078efe8-16c8-11ed-9b5f-1234bde3cd05,US
0078f3ef-16c8-11ed-9b5f-1234bde3cd05,US
0078f809-16c8-11ed-9b5f-1234bde3cd05,US
0078fdf4-16c8-11ed-9b5f-1234bde3cd05,US
00823ec1-16c8-11ed-9b5f-1234bde3cd05,US
0082434b-16c8-11ed-9b5f-1234bde3cd05,US
00824986-16c8-11ed-9b5f-1234bde3cd05,US
00824da4-16c8-11ed-9b5f-1234bde3cd05,US
0082621d-16c8-11ed-9b5f-1234bde3cd05,US
008265e3-16c8-11ed-9b5f-1234bde3cd05,IT
00826ec6-16c8-11ed-9b5f-1234bde3cd05,US
00827316-16c8-11ed-9b5f-1234bde3cd05,US
00827751-16c8-11ed-9b5f-1234bde3cd05,US
00827bc3-16c8-11ed-9b5f-1234bde3cd05,US
00827ff6-16c8-11ed-9b5f-1234bde3cd05,US
00828440-16c8-11ed-9b5f-1234bde3cd05,US
0082888a-16c8-11ed-9b5f-1234bde3cd05,US
00af2eb8-16c8-11ed-9b5f-1234bde3cd05,US
00af34df-16c8-11ed-9b5f-1234bde3cd05,US
00af3951-16c8-11ed-9b5f-1234bde3cd05,US
00af3dcc-16c8-11ed-9b5f-1234bde3cd05,US
00af422d-16c8-11ed-9b5f-1234bde3cd05,US
00af4692-16c8-11ed-9b5f-1234bde3cd05,US
00af4ad9-16c8-11ed-9b5f-1234bde3cd05,US
00af4f44-16c8-11ed-9b5f-1234bde3cd05,US
00af5372-16c8-11ed-9b5f-1234bde3cd05,US
00af5810-16c8-11ed-9b5f-1234bde3cd05,US
00af5c8d-16c8-11ed-9b5f-1234bde3cd05,US
00af6c61-16c8-11ed-9b5f-1234bde3cd05,US
00af7aab-16c8-11ed-9b5f-1234bde3cd05,US
00af88d4-16c8-11ed-9b5f-1234bde3cd05,US
00af927e-16c8-11ed-9b5f-1234bde3cd05,US
00af975a-16c8-11ed-9b5f-1234bde3cd05,US
00af9cc2-16c8-11ed-9b5f-1234bde3cd05,US
00afa13a-16c8-11ed-9b5f-1234bde3cd05,US
00afa5ac-16c8-11ed-9b5f-1234bde3cd05,US
00afa9d0-16c8-11ed-9b5f-1234bde3cd05,US
00afae57-16c8-11ed-9b5f-1234bde3cd05,US
00afb28b-16c8-11ed-9b5f-1234bde3cd05,US
00afb7a2-16c8-11ed-9b5f-1234bde3cd05,US
00b1463c-16c8-11ed-9b5f-1234bde3cd05,US
00b14f94-16c8-11ed-9b5f-1234bde3cd05,US
00b154f8-16c8-11ed-9b5f-1234bde3cd05,US
00b15a35-16c8-11ed-9b5f-1234bde3cd05,US
00b15e30-16c8-11ed-9b5f-1234bde3cd05,US
00b1622e-16c8-11ed-9b5f-1234bde3cd05,US
00b16632-16c8-11ed-9b5f-1234bde3cd05,US
00b169dd-16c8-11ed-9b5f-1234bde3cd05,US
00b16dd0-16c8-11ed-9b5f-1234bde3cd05,US
00b171e5-16c8-11ed-9b5f-1234bde3cd05,US
00b175dc-16c8-11ed-9b5f-1234bde3cd05,US
00b179c2-16c8-11ed-9b5f-1234bde3cd05,US
00b308ad-16c8-11ed-9b5f-1234bde3cd05,US
00b30ce2-16c8-11ed-9b5f-1234bde3cd05,US
00b319c9-16c8-11ed-9b5f-1234bde3cd05,US
00b32346-16c8-11ed-9b5f-1234bde3cd05,US
00cd53db-16c8-11ed-9b5f-1234bde3cd05,US
00d06ed3-16c8-11ed-9b5f-1234bde3cd05,US
00d074a8-16c8-11ed-9b5f-1234bde3cd05,US
00d07932-16c8-11ed-9b5f-1234bde3cd05,US
00d07db2-16c8-11ed-9b5f-1234bde3cd05,US
00d081e4-16c8-11ed-9b5f-1234bde3cd05,US
00d085b6-16c8-11ed-9b5f-1234bde3cd05,US
00d089b1-16c8-11ed-9b5f-1234bde3cd05,US
01392a1b-16c8-11ed-9b5f-1234bde3cd05,US
01393023-16c8-11ed-9b5f-1234bde3cd05,US
013934b6-16c8-11ed-9b5f-1234bde3cd05,US
0139474a-16c8-11ed-9b5f-1234bde3cd05,US
01395830-16c8-11ed-9b5f-1234bde3cd05,US
01396498-16c8-11ed-9b5f-1234bde3cd05,US
0139691b-16c8-11ed-9b5f-1234bde3cd05,US
01396f7f-16c8-11ed-9b5f-1234bde3cd05,US
01539cb0-16c8-11ed-9b5f-1234bde3cd05,US
0153a1bd-16c8-11ed-9b5f-1234bde3cd05,US
0153a61f-16c8-11ed-9b5f-1234bde3cd05,US
0153aa57-16c8-11ed-9b5f-1234bde3cd05,US
0153b045-16c8-11ed-9b5f-1234bde3cd05,US
0153caf2-16c8-11ed-9b5f-1234bde3cd05,US
0153df8f-16c8-11ed-9b5f-1234bde3cd05,US
0153e5cf-16c8-11ed-9b5f-1234bde3cd05,US
0153f621-16c8-11ed-9b5f-1234bde3cd05,US
0154037b-16c8-11ed-9b5f-1234bde3cd05,US
015407e2-16c8-11ed-9b5f-1234bde3cd05,US
01540bc3-16c8-11ed-9b5f-1234bde3cd05,US
01541010-16c8-11ed-9b5f-1234bde3cd05,US
0154147c-16c8-11ed-9b5f-1234bde3cd05,US
01541911-16c8-11ed-9b5f-1234bde3cd05,US
015a4515-16c8-11ed-9b5f-1234bde3cd05,US
015a4af5-16c8-11ed-9b5f-1234bde3cd05,US
015a4f28-16c8-11ed-9b5f-1234bde3cd05,US
015a5347-16c8-11ed-9b5f-1234bde3cd05,US
015a574e-16c8-11ed-9b5f-1234bde3cd05,US
015a5b87-16c8-11ed-9b5f-1234bde3cd05,US
015a5fc8-16c8-11ed-9b5f-1234bde3cd05,US
015a64de-16c8-11ed-9b5f-1234bde3cd05,US
015a6970-16c8-11ed-9b5f-1234bde3cd05,US
015a7055-16c8-11ed-9b5f-1234bde3cd05,US
015a73e4-16c8-11ed-9b5f-1234bde3cd05,CZ
015a7739-16c8-11ed-9b5f-1234bde3cd05,CZ
015a7a2d-16c8-11ed-9b5f-1234bde3cd05,CZ
015a7d6f-16c8-11ed-9b5f-1234bde3cd05,CZ
015a8091-16c8-11ed-9b5f-1234bde3cd05,CZ
015a83a0-16c8-11ed-9b5f-1234bde3cd05,CZ
015a8696-16c8-11ed-9b5f-1234bde3cd05,CZ
015a8ac4-16c8-11ed-9b5f-1234bde3cd05,CZ
015a8e11-16c8-11ed-9b5f-1234bde3cd05,CZ
015a9123-16c8-11ed-9b5f-1234bde3cd05,CZ
015a9468-16c8-11ed-9b5f-1234bde3cd05,CZ
015aa9a3-16c8-11ed-9b5f-1234bde3cd05,US
015aae18-16c8-11ed-9b5f-1234bde3cd05,US
015ac1f4-16c8-11ed-9b5f-1234bde3cd05,US
015ac61d-16c8-11ed-9b5f-1234bde3cd05,US
015aca3a-16c8-11ed-9b5f-1234bde3cd05,US
015ace84-16c8-11ed-9b5f-1234bde3cd05,US
015ad2d2-16c8-11ed-9b5f-1234bde3cd05,US
015ad73e-16c8-11ed-9b5f-1234bde3cd05,US
015ae552-16c8-11ed-9b5f-1234bde3cd05,US
015aea7b-16c8-11ed-9b5f-1234bde3cd05,US
015c7901-16c8-11ed-9b5f-1234bde3cd05,US
015c7d06-16c8-11ed-9b5f-1234bde3cd05,US
015c80e1-16c8-11ed-9b5f-1234bde3cd05,US
015c84d7-16c8-11ed-9b5f-1234bde3cd05,US
015c88c0-16c8-11ed-9b5f-1234bde3cd05,US
015c95cd-16c8-11ed-9b5f-1234bde3cd05,US
015c9c64-16c8-11ed-9b5f-1234bde3cd05,US
015ca2e8-16c8-11ed-9b5f-1234bde3cd05,US
015caa20-16c8-11ed-9b5f-1234bde3cd05,US
015cb1ef-16c8-11ed-9b5f-1234bde3cd05,US
015cb615-16c8-11ed-9b5f-1234bde3cd05,US
015cba3a-16c8-11ed-9b5f-1234bde3cd05,US
015cbe65-16c8-11ed-9b5f-1234bde3cd05,US
015cce5a-16c8-11ed-9b5f-1234bde3cd05,US
015cd782-16c8-11ed-9b5f-1234bde3cd05,US
015cdc4c-16c8-11ed-9b5f-1234bde3cd05,US
015ce09c-16c8-11ed-9b5f-1234bde3cd05,US
015ce48f-16c8-11ed-9b5f-1234bde3cd05,US
015cebfa-16c8-11ed-9b5f-1234bde3cd05,US
015cf003-16c8-11ed-9b5f-1234bde3cd05,US
015cfdca-16c8-11ed-9b5f-1234bde3cd05,US
015d07c6-16c8-11ed-9b5f-1234bde3cd05,US
015d0c28-16c8-11ed-9b5f-1234bde3cd05,US
015d14c5-16c8-11ed-9b5f-1234bde3cd05,US
015d2766-16c8-11ed-9b5f-1234bde3cd05,US
015d2f44-16c8-11ed-9b5f-1234bde3cd05,US
015d3360-16c8-11ed-9b5f-1234bde3cd05,US
015d39a7-16c8-11ed-9b5f-1234bde3cd05,US
015d4056-16c8-11ed-9b5f-1234bde3cd05,US
015d4605-16c8-11ed-9b5f-1234bde3cd05,US
015d4a23-16c8-11ed-9b5f-1234bde3cd05,US
015d54c3-16c8-11ed-9b5f-1234bde3cd05,US
015d5966-16c8-11ed-9b5f-1234bde3cd05,US
015d6b80-16c8-11ed-9b5f-1234bde3cd05,US
015d7188-16c8-11ed-9b5f-1234bde3cd05,US
015d763a-16c8-11ed-9b5f-1234bde3cd05,US
015d7a63-16c8-11ed-9b5f-1234bde3cd05,US
015d8069-16c8-11ed-9b5f-1234bde3cd05,US
015d8485-16c8-11ed-9b5f-1234bde3cd05,US
01609cb2-16c8-11ed-9b5f-1234bde3cd05,US
0191dca9-16c8-11ed-9b5f-1234bde3cd05,US
0191e24b-16c8-11ed-9b5f-1234bde3cd05,US
0191e6ee-16c8-11ed-9b5f-1234bde3cd05,US
0191eb51-16c8-11ed-9b5f-1234bde3cd05,US
0197306f-16c8-11ed-9b5f-1234bde3cd05,US
01973558-16c8-11ed-9b5f-1234bde3cd05,US
019739d2-16c8-11ed-9b5f-1234bde3cd05,US
01973ee9-16c8-11ed-9b5f-1234bde3cd05,US
01afe288-16c8-11ed-9b5f-1234bde3cd05,US
01afeaf5-16c8-11ed-9b5f-1234bde3cd05,US
01afff55-16c8-11ed-9b5f-1234bde3cd05,US
01b0047a-16c8-11ed-9b5f-1234bde3cd05,US
01b19362-16c8-11ed-9b5f-1234bde3cd05,US
01b1a968-16c8-11ed-9b5f-1234bde3cd05,US
01b1b8d1-16c8-11ed-9b5f-1234bde3cd05,US
01b1bd77-16c8-11ed-9b5f-1234bde3cd05,US
01b1c241-16c8-11ed-9b5f-1234bde3cd05,US
01b1c699-16c8-11ed-9b5f-1234bde3cd05,US
01b1cc9a-16c8-11ed-9b5f-1234bde3cd05,US
01b1d99f-16c8-11ed-9b5f-1234bde3cd05,US
01b1e44d-16c8-11ed-9b5f-1234bde3cd05,US
01b1f65e-16c8-11ed-9b5f-1234bde3cd05,US
01b2029a-16c8-11ed-9b5f-1234bde3cd05,US
01b206e4-16c8-11ed-9b5f-1234bde3cd05,US
01b20af7-16c8-11ed-9b5f-1234bde3cd05,US
01b20eea-16c8-11ed-9b5f-1234bde3cd05,US
01b21300-16c8-11ed-9b5f-1234bde3cd05,US
01b220d0-16c8-11ed-9b5f-1234bde3cd05,US
01b2251a-16c8-11ed-9b5f-1234bde3cd05,US
01b22948-16c8-11ed-9b5f-1234bde3cd05,US
01b22eb7-16c8-11ed-9b5f-1234bde3cd05,US
01b232e3-16c8-11ed-9b5f-1234bde3cd05,US
01b244e2-16c8-11ed-9b5f-1234bde3cd05,US
01b24a19-16c8-11ed-9b5f-1234bde3cd05,US
01b24e7c-16c8-11ed-9b5f-1234bde3cd05,US
01b25757-16c8-11ed-9b5f-1234bde3cd05,US
01b25eb4-16c8-11ed-9b5f-1234bde3cd05,US
01b27171-16c8-11ed-9b5f-1234bde3cd05,US
01b27584-16c8-11ed-9b5f-1234bde3cd05,US
01b27ae7-16c8-11ed-9b5f-1234bde3cd05,US
01b27f90-16c8-11ed-9b5f-1234bde3cd05,US
01b283c9-16c8-11ed-9b5f-1234bde3cd05,US
01b28859-16c8-11ed-9b5f-1234bde3cd05,US
01b290d9-16c8-11ed-9b5f-1234bde3cd05,US
01b294b8-16c8-11ed-9b5f-1234bde3cd05,US
01b298d2-16c8-11ed-9b5f-1234bde3cd05,US
01b29cde-16c8-11ed-9b5f-1234bde3cd05,US
01b2a285-16c8-11ed-9b5f-1234bde3cd05,US
01b2a6ad-16c8-11ed-9b5f-1234bde3cd05,US
01b2aac8-16c8-11ed-9b5f-1234bde3cd05,US
01b2aee0-16c8-11ed-9b5f-1234bde3cd05,US
01b2b2eb-16c8-11ed-9b5f-1234bde3cd05,US
01b2b71f-16c8-11ed-9b5f-1234bde3cd05,US
01b2bb93-16c8-11ed-9b5f-1234bde3cd05,US
01b2c5b7-16c8-11ed-9b5f-1234bde3cd05,US
01b2c9fe-16c8-11ed-9b5f-1234bde3cd05,US
01b2ce09-16c8-11ed-9b5f-1234bde3cd05,US
01b2d265-16c8-11ed-9b5f-1234bde3cd05,US
01b2d66e-16c8-11ed-9b5f-1234bde3cd05,US
01b2da95-16c8-11ed-9b5f-1234bde3cd05,US
01b2de90-16c8-11ed-9b5f-1234bde3cd05,US
01b2e369-16c8-11ed-9b5f-1234bde3cd05,US
01b2e77d-16c8-11ed-9b5f-1234bde3cd05,US
01b2ebbb-16c8-11ed-9b5f-1234bde3cd05,US
01b2f019-16c8-11ed-9b5f-1234bde3cd05,US
01b2f621-16c8-11ed-9b5f-1234bde3cd05,US
01b2fa96-16c8-11ed-9b5f-1234bde3cd05,US
01b2fe9b-16c8-11ed-9b5f-1234bde3cd05,US
01b302c6-16c8-11ed-9b5f-1234bde3cd05,US
01b306ee-16c8-11ed-9b5f-1234bde3cd05,US
01b31a46-16c8-11ed-9b5f-1234bde3cd05,US
01b31e51-16c8-11ed-9b5f-1234bde3cd05,US
01b3277a-16c8-11ed-9b5f-1234bde3cd05,US
01b32be6-16c8-11ed-9b5f-1234bde3cd05,US
01b33e5e-16c8-11ed-9b5f-1234bde3cd05,US
01b342b1-16c8-11ed-9b5f-1234bde3cd05,US
01b346aa-16c8-11ed-9b5f-1234bde3cd05,US
01b34b41-16c8-11ed-9b5f-1234bde3cd05,US
01b34f8b-16c8-11ed-9b5f-1234bde3cd05,US
01b3631d-16c8-11ed-9b5f-1234bde3cd05,US
01b36731-16c8-11ed-9b5f-1234bde3cd05,US
01b36b43-16c8-11ed-9b5f-1234bde3cd05,US
01b37213-16c8-11ed-9b5f-1234bde3cd05,US
01b3762a-16c8-11ed-9b5f-1234bde3cd05,US
01b37a38-16c8-11ed-9b5f-1234bde3cd05,US
01b382ce-16c8-11ed-9b5f-1234bde3cd05,US
01b38710-16c8-11ed-9b5f-1234bde3cd05,US
01b38b7a-16c8-11ed-9b5f-1234bde3cd05,US
01b38fc7-16c8-11ed-9b5f-1234bde3cd05,US
01b39804-16c8-11ed-9b5f-1234bde3cd05,US
01b39d67-16c8-11ed-9b5f-1234bde3cd05,US
01b3a153-16c8-11ed-9b5f-1234bde3cd05,US
01b3a53a-16c8-11ed-9b5f-1234bde3cd05,US
01b3a90c-16c8-11ed-9b5f-1234bde3cd05,US
01b3b18b-16c8-11ed-9b5f-1234bde3cd05,US
01b3b561-16c8-11ed-9b5f-1234bde3cd05,US
01b3b9e7-16c8-11ed-9b5f-1234bde3cd05,US
01b3bdb2-16c8-11ed-9b5f-1234bde3cd05,US
01b3c1da-16c8-11ed-9b5f-1234bde3cd05,US
01b3c5ff-16c8-11ed-9b5f-1234bde3cd05,US
01b3c9e0-16c8-11ed-9b5f-1234bde3cd05,US
01b3cde4-16c8-11ed-9b5f-1234bde3cd05,US
01b3d1f7-16c8-11ed-9b5f-1234bde3cd05,US
01b3d563-16c8-11ed-9b5f-1234bde3cd05,DE
01b3d926-16c8-11ed-9b5f-1234bde3cd05,US
01b3e345-16c8-11ed-9b5f-1234bde3cd05,US
01b3e779-16c8-11ed-9b5f-1234bde3cd05,US
01b3ebac-16c8-11ed-9b5f-1234bde3cd05,US
01b3f0ce-16c8-11ed-9b5f-1234bde3cd05,US
01b3f771-16c8-11ed-9b5f-1234bde3cd05,US
01b3fbd2-16c8-11ed-9b5f-1234bde3cd05,SE
01b3ffff-16c8-11ed-9b5f-1234bde3cd05,US
01b40405-16c8-11ed-9b5f-1234bde3cd05,US
01b415ce-16c8-11ed-9b5f-1234bde3cd05,US
01b41bf6-16c8-11ed-9b5f-1234bde3cd05,US
01b4202f-16c8-11ed-9b5f-1234bde3cd05,US
01b42465-16c8-11ed-9b5f-1234bde3cd05,US
01b428a7-16c8-11ed-9b5f-1234bde3cd05,US
01b42d0e-16c8-11ed-9b5f-1234bde3cd05,US
01b43131-16c8-11ed-9b5f-1234bde3cd05,US
01b4457e-16c8-11ed-9b5f-1234bde3cd05,US
01b44b89-16c8-11ed-9b5f-1234bde3cd05,US
01b4532b-16c8-11ed-9b5f-1234bde3cd05,US
01b456c9-16c8-11ed-9b5f-1234bde3cd05,CH
01b45a0b-16c8-11ed-9b5f-1234bde3cd05,CH
01b45d94-16c8-11ed-9b5f-1234bde3cd05,CH
01b46202-16c8-11ed-9b5f-1234bde3cd05,CH
01b465f3-16c8-11ed-9b5f-1234bde3cd05,US
01b46a09-16c8-11ed-9b5f-1234bde3cd05,US
01b46e0e-16c8-11ed-9b5f-1234bde3cd05,US
01b47218-16c8-11ed-9b5f-1234bde3cd05,US
01b47653-16c8-11ed-9b5f-1234bde3cd05,US
01b48404-16c8-11ed-9b5f-1234bde3cd05,US
01b4886a-16c8-11ed-9b5f-1234bde3cd05,US
01d04498-16c8-11ed-9b5f-1234bde3cd05,US
01d04aa0-16c8-11ed-9b5f-1234bde3cd05,US
01d04f79-16c8-11ed-9b5f-1234bde3cd05,US
01d05f50-16c8-11ed-9b5f-1234bde3cd05,US
01d0692b-16c8-11ed-9b5f-1234bde3cd05,US
01d06d86-16c8-11ed-9b5f-1234bde3cd05,US
01d071c8-16c8-11ed-9b5f-1234bde3cd05,US
01d075f9-16c8-11ed-9b5f-1234bde3cd05,US
01d07ece-16c8-11ed-9b5f-1234bde3cd05,US
01d082fd-16c8-11ed-9b5f-1234bde3cd05,US
01d095db-16c8-11ed-9b5f-1234bde3cd05,US
01d09a2a-16c8-11ed-9b5f-1234bde3cd05,US
01d0a053-16c8-11ed-9b5f-1234bde3cd05,US
01d0a673-16c8-11ed-9b5f-1234bde3cd05,US
01d0aabd-16c8-11ed-9b5f-1234bde3cd05,US
01d0b0f7-16c8-11ed-9b5f-1234bde3cd05,US
01d0b563-16c8-11ed-9b5f-1234bde3cd05,US
01d0b911-16c8-11ed-9b5f-1234bde3cd05,GB
01d0be05-16c8-11ed-9b5f-1234bde3cd05,US
01d0c219-16c8-11ed-9b5f-1234bde3cd05,US
01d0c64c-16c8-11ed-9b5f-1234bde3cd05,US
01d0cc2c-16c8-11ed-9b5f-1234bde3cd05,US
01d0d0af-16c8-11ed-9b5f-1234bde3cd05,US
01d0ddad-16c8-11ed-9b5f-1234bde3cd05,US
01d0e1ff-16c8-11ed-9b5f-1234bde3cd05,US
01d0ebda-16c8-11ed-9b5f-1234bde3cd05,US
01d0efe5-16c8-11ed-9b5f-1234bde3cd05,US
01d0f570-16c8-11ed-9b5f-1234bde3cd05,US
01d0f9ab-16c8-11ed-9b5f-1234bde3cd05,US
01d0fd8d-16c8-11ed-9b5f-1234bde3cd05,US
01d1017a-16c8-11ed-9b5f-1234bde3cd05,US
01d10ff5-16c8-11ed-9b5f-1234bde3cd05,US
01d114a9-16c8-11ed-9b5f-1234bde3cd05,US
01d1191a-16c8-11ed-9b5f-1234bde3cd05,US
01d11d7c-16c8-11ed-9b5f-1234bde3cd05,US
01d1217d-16c8-11ed-9b5f-1234bde3cd05,US
01d12561-16c8-11ed-9b5f-1234bde3cd05,US
01d12954-16c8-11ed-9b5f-1234bde3cd05,US
01d12e47-16c8-11ed-9b5f-1234bde3cd05,US
01d17789-16c8-11ed-9b5f-1234bde3cd05,US
01d17b0e-16c8-11ed-9b5f-1234bde3cd05,US
01d181b9-16c8-11ed-9b5f-1234bde3cd05,US
01d18617-16c8-11ed-9b5f-1234bde3cd05,US
01d18a2d-16c8-11ed-9b5f-1234bde3cd05,US
01d193b6-16c8-11ed-9b5f-1234bde3cd05,US
01d197c4-16c8-11ed-9b5f-1234bde3cd05,US
01d19d0f-16c8-11ed-9b5f-1234bde3cd05,US
01d1a176-16c8-11ed-9b5f-1234bde3cd05,US
01d1aeb9-16c8-11ed-9b5f-1234bde3cd05,US
01d1b2ef-16c8-11ed-9b5f-1234bde3cd05,US
01d1b963-16c8-11ed-9b5f-1234bde3cd05,US
01d1bd5c-16c8-11ed-9b5f-1234bde3cd05,US
01d1c141-16c8-11ed-9b5f-1234bde3cd05,US
01d1c8dc-16c8-11ed-9b5f-1234bde3cd05,US
01d1cce2-16c8-11ed-9b5f-1234bde3cd05,US
01d1d0f0-16c8-11ed-9b5f-1234bde3cd05,US
01d1ded0-16c8-11ed-9b5f-1234bde3cd05,US
01d1e3aa-16c8-11ed-9b5f-1234bde3cd05,US
01d99ceb-16c8-11ed-9b5f-1234bde3cd05,US
01d9a186-16c8-11ed-9b5f-1234bde3cd05,US
01dcc2d3-16c8-11ed-9b5f-1234bde3cd05,US
01dcc737-16c8-11ed-9b5f-1234bde3cd05,US
01dccb7a-16c8-11ed-9b5f-1234bde3cd05,US
01dcd0c4-16c8-11ed-9b5f-1234bde3cd05,US
01dfe8a0-16c8-11ed-9b5f-1234bde3cd05,US
01dfed02-16c8-11ed-9b5f-1234bde3cd05,US
01dff101-16c8-11ed-9b5f-1234bde3cd05,US
01dff576-16c8-11ed-9b5f-1234bde3cd05,US
01dffbc3-16c8-11ed-9b5f-1234bde3cd05,US
01e6269f-16c8-11ed-9b5f-1234bde3cd05,US
01e62df1-16c8-11ed-9b5f-1234bde3cd05,US
01e7bde6-16c8-11ed-9b5f-1234bde3cd05,US
01e7c1e0-16c8-11ed-9b5f-1234bde3cd05,US
01e7c5d2-16c8-11ed-9b5f-1234bde3cd05,US
01e7c9b7-16c8-11ed-9b5f-1234bde3cd05,US
01e7cea7-16c8-11ed-9b5f-1234bde3cd05,US
01e7d28f-16c8-11ed-9b5f-1234bde3cd05,US
01e7d673-16c8-11ed-9b5f-1234bde3cd05,US
01e7dac3-16c8-11ed-9b5f-1234bde3cd05,US
01e7dfad-16c8-11ed-9b5f-1234bde3cd05,US
01e7e39e-16c8-11ed-9b5f-1234bde3cd05,US
01e7ea11-16c8-11ed-9b5f-1234bde3cd05,US
01e7ee1a-16c8-11ed-9b5f-1234bde3cd05,US
01e7f1ec-16c8-11ed-9b5f-1234bde3cd05,US
01e7f5e2-16c8-11ed-9b5f-1234bde3cd05,US
01e7fada-16c8-11ed-9b5f-1234bde3cd05,US
01e800f3-16c8-11ed-9b5f-1234bde3cd05,US
01e804e4-16c8-11ed-9b5f-1234bde3cd05,US
01e808f6-16c8-11ed-9b5f-1234bde3cd05,US
01e80cb8-16c8-11ed-9b5f-1234bde3cd05,US
01e81027-16c8-11ed-9b5f-1234bde3cd05,US
01e813cc-16c8-11ed-9b5f-1234bde3cd05,US
01e81772-16c8-11ed-9b5f-1234bde3cd05,US
01e81b6a-16c8-11ed-9b5f-1234bde3cd05,US
01e82176-16c8-11ed-9b5f-1234bde3cd05,US
01e82560-16c8-11ed-9b5f-1234bde3cd05,US
01e82970-16c8-11ed-9b5f-1234bde3cd05,US
01e82da0-16c8-11ed-9b5f-1234bde3cd05,US
01e832ce-16c8-11ed-9b5f-1234bde3cd05,US
01eb4ad0-16c8-11ed-9b5f-1234bde3cd05,US
01eb4f2e-16c8-11ed-9b5f-1234bde3cd05,US
01eb5cb1-16c8-11ed-9b5f-1234bde3cd05,US
01eb610a-16c8-11ed-9b5f-1234bde3cd05,US
01eb6501-16c8-11ed-9b5f-1234bde3cd05,US
01eb69cf-16c8-11ed-9b5f-1234bde3cd05,US
01ecf843-16c8-11ed-9b5f-1234bde3cd05,US
01ecfcbb-16c8-11ed-9b5f-1234bde3cd05,US
01ed00d4-16c8-11ed-9b5f-1234bde3cd05,US
01ed13d5-16c8-11ed-9b5f-1234bde3cd05,US
01ed18b4-16c8-11ed-9b5f-1234bde3cd05,US
01ed2df4-16c8-11ed-9b5f-1234bde3cd05,US
01ed347b-16c8-11ed-9b5f-1234bde3cd05,US
01ed3cd4-16c8-11ed-9b5f-1234bde3cd05,US
01ed40e9-16c8-11ed-9b5f-1234bde3cd05,US
01ed44c4-16c8-11ed-9b5f-1234bde3cd05,US
01ed48b3-16c8-11ed-9b5f-1234bde3cd05,US
01f075a7-16c8-11ed-9b5f-1234bde3cd05,US
01f07e6b-16c8-11ed-9b5f-1234bde3cd05,US
01f08674-16c8-11ed-9b5f-1234bde3cd05,US
01f090b4-16c8-11ed-9b5f-1234bde3cd05,US
01f0a6df-16c8-11ed-9b5f-1234bde3cd05,US
01f0b029-16c8-11ed-9b5f-1234bde3cd05,US
01f0b7f7-16c8-11ed-9b5f-1234bde3cd05,US
01f0bf77-16c8-11ed-9b5f-1234bde3cd05,US
01f0c75a-16c8-11ed-9b5f-1234bde3cd05,US
01f0d66c-16c8-11ed-9b5f-1234bde3cd05,US
01f0e278-16c8-11ed-9b5f-1234bde3cd05,US
01f0e737-16c8-11ed-9b5f-1234bde3cd05,US
01f0f395-16c8-11ed-9b5f-1234bde3cd05,US
01f0f806-16c8-11ed-9b5f-1234bde3cd05,US
01f0fc6d-16c8-11ed-9b5f-1234bde3cd05,US
01f1007f-16c8-11ed-9b5f-1234bde3cd05,US
01f10455-16c8-11ed-9b5f-1234bde3cd05,US
01f109a2-16c8-11ed-9b5f-1234bde3cd05,US
01f10ddd-16c8-11ed-9b5f-1234bde3cd05,US
01f1139d-16c8-11ed-9b5f-1234bde3cd05,US
01f11868-16c8-11ed-9b5f-1234bde3cd05,US
01f11c6e-16c8-11ed-9b5f-1234bde3cd05,US
01f12091-16c8-11ed-9b5f-1234bde3cd05,US
01f12659-16c8-11ed-9b5f-1234bde3cd05,US
01f2b51e-16c8-11ed-9b5f-1234bde3cd05,US
01f2bd89-16c8-11ed-9b5f-1234bde3cd05,US
01f2c208-16c8-11ed-9b5f-1234bde3cd05,US
01f2c604-16c8-11ed-9b5f-1234bde3cd05,US
01f2cb0b-16c8-11ed-9b5f-1234bde3cd05,US
01f2d24e-16c8-11ed-9b5f-1234bde3cd05,US
01f2d9d4-16c8-11ed-9b5f-1234bde3cd05,US
01f2dffc-16c8-11ed-9b5f-1234bde3cd05,US
01f2e8e3-16c8-11ed-9b5f-1234bde3cd05,US
01f2edba-16c8-11ed-9b5f-1234bde3cd05,US
01f2f170-16c8-11ed-9b5f-1234bde3cd05,DE
01f2f576-16c8-11ed-9b5f-1234bde3cd05,US
01f2fd2c-16c8-11ed-9b5f-1234bde3cd05,US
01f3021d-16c8-11ed-9b5f-1234bde3cd05,US
01f309f4-16c8-11ed-9b5f-1234bde3cd05,US
01f30e72-16c8-11ed-9b5f-1234bde3cd05,US
01f31a90-16c8-11ed-9b5f-1234bde3cd05,US
01f31ee5-16c8-11ed-9b5f-1234bde3cd05,US
01f323e8-16c8-11ed-9b5f-1234bde3cd05,US
01f337c3-16c8-11ed-9b5f-1234bde3cd05,US
01f33c85-16c8-11ed-9b5f-1234bde3cd05,US
01f34144-16c8-11ed-9b5f-1234bde3cd05,US
01f347d4-16c8-11ed-9b5f-1234bde3cd05,US
01f34c4b-16c8-11ed-9b5f-1234bde3cd05,US
01f35fe9-16c8-11ed-9b5f-1234bde3cd05,US
01f36d9d-16c8-11ed-9b5f-1234bde3cd05,US
01f37302-16c8-11ed-9b5f-1234bde3cd05,US
01f37900-16c8-11ed-9b5f-1234bde3cd05,US
01f37f14-16c8-11ed-9b5f-1234bde3cd05,US
01f38438-16c8-11ed-9b5f-1234bde3cd05,US
01f38949-16c8-11ed-9b5f-1234bde3cd05,US
01f38e83-16c8-11ed-9b5f-1234bde3cd05,US
01f393ad-16c8-11ed-9b5f-1234bde3cd05,US
01f39a55-16c8-11ed-9b5f-1234bde3cd05,US
01f39f5e-16c8-11ed-9b5f-1234bde3cd05,US
01f3a46f-16c8-11ed-9b5f-1234bde3cd05,US
01f3b027-16c8-11ed-9b5f-1234bde3cd05,US
01f3b678-16c8-11ed-9b5f-1234bde3cd05,US
01f3bd3a-16c8-11ed-9b5f-1234bde3cd05,US
01f3c143-16c8-11ed-9b5f-1234bde3cd05,US
01f3c543-16c8-11ed-9b5f-1234bde3cd05,US
01f3c962-16c8-11ed-9b5f-1234bde3cd05,US
01f3cf40-16c8-11ed-9b5f-1234bde3cd05,US
01f3d4c8-16c8-11ed-9b5f-1234bde3cd05,US
01f3dc3d-16c8-11ed-9b5f-1234bde3cd05,US
01f3e084-16c8-11ed-9b5f-1234bde3cd05,US
01f3e4fc-16c8-11ed-9b5f-1234bde3cd05,US
01f3e974-16c8-11ed-9b5f-1234bde3cd05,US
01f3ed7d-16c8-11ed-9b5f-1234bde3cd05,US
01f3f186-16c8-11ed-9b5f-1234bde3cd05,US
01f3f55e-16c8-11ed-9b5f-1234bde3cd05,US
01f4015a-16c8-11ed-9b5f-1234bde3cd05,US
01f405a9-16c8-11ed-9b5f-1234bde3cd05,US
01f4092b-16c8-11ed-9b5f-1234bde3cd05,DE
01f41882-16c8-11ed-9b5f-1234bde3cd05,US
01f423af-16c8-11ed-9b5f-1234bde3cd05,US
01f42809-16c8-11ed-9b5f-1234bde3cd05,US
01f42c2a-16c8-11ed-9b5f-1234bde3cd05,US
01f43016-16c8-11ed-9b5f-1234bde3cd05,US
01f43747-16c8-11ed-9b5f-1234bde3cd05,US
01f43b10-16c8-11ed-9b5f-1234bde3cd05,US
01f43e5a-16c8-11ed-9b5f-1234bde3cd05,DE
01f4423f-16c8-11ed-9b5f-1234bde3cd05,US
01f446e4-16c8-11ed-9b5f-1234bde3cd05,US
01f44af4-16c8-11ed-9b5f-1234bde3cd05,US
01f44f5e-16c8-11ed-9b5f-1234bde3cd05,US
01f4538b-16c8-11ed-9b5f-1234bde3cd05,US
01f46200-16c8-11ed-9b5f-1234bde3cd05,US
01f4662c-16c8-11ed-9b5f-1234bde3cd05,US
01f46a2e-16c8-11ed-9b5f-1234bde3cd05,US
01f46e2a-16c8-11ed-9b5f-1234bde3cd05,US
01f4720c-16c8-11ed-9b5f-1234bde3cd05,US
01f475e0-16c8-11ed-9b5f-1234bde3cd05,US
01f479cd-16c8-11ed-9b5f-1234bde3cd05,US
01f47dd3-16c8-11ed-9b5f-1234bde3cd05,US
01f48238-16c8-11ed-9b5f-1234bde3cd05,US
01f486d3-16c8-11ed-9b5f-1234bde3cd05,US
01f48c7b-16c8-11ed-9b5f-1234bde3cd05,US
01f494be-16c8-11ed-9b5f-1234bde3cd05,US
01f498e8-16c8-11ed-9b5f-1234bde3cd05,US
01f49d3d-16c8-11ed-9b5f-1234bde3cd05,US
02167f72-16c8-11ed-9b5f-1234bde3cd05,US
02bfb235-16c8-11ed-9b5f-1234bde3cd05,US
02bfc36f-16c8-11ed-9b5f-1234bde3cd05,US
02bfcaf9-16c8-11ed-9b5f-1234bde3cd05,US
02bfd034-16c8-11ed-9b5f-1234bde3cd05,US
02bfd4cb-16c8-11ed-9b5f-1234bde3cd05,US
02bfd8f2-16c8-11ed-9b5f-1234bde3cd05,US
02bfdd25-16c8-11ed-9b5f-1234bde3cd05,US
02c172e8-16c8-11ed-9b5f-1234bde3cd05,US
02c17729-16c8-11ed-9b5f-1234bde3cd05,US
02c18ff6-16c8-11ed-9b5f-1234bde3cd05,US
02c1943d-16c8-11ed-9b5f-1234bde3cd05,US
02c1a9f9-16c8-11ed-9b5f-1234bde3cd05,US
02c1ae62-16c8-11ed-9b5f-1234bde3cd05,US
02c1b289-16c8-11ed-9b5f-1234bde3cd05,US
02c1b701-16c8-11ed-9b5f-1234bde3cd05,US
02c1bb66-16c8-11ed-9b5f-1234bde3cd05,US
02c1c1b1-16c8-11ed-9b5f-1234bde3cd05,US
02c1ca4a-16c8-11ed-9b5f-1234bde3cd05,US
02c1ce86-16c8-11ed-9b5f-1234bde3cd05,US
02c1d26e-16c8-11ed-9b5f-1234bde3cd05,US
02c1d6f3-16c8-11ed-9b5f-1234bde3cd05,US
02c1dfb3-16c8-11ed-9b5f-1234bde3cd05,US
02c1e57c-16c8-11ed-9b5f-1234bde3cd05,US
02c1e9b3-16c8-11ed-9b5f-1234bde3cd05,US
02c20250-16c8-11ed-9b5f-1234bde3cd05,US
02c206a1-16c8-11ed-9b5f-1234bde3cd05,US
02c20d81-16c8-11ed-9b5f-1234bde3cd05,US
02c21222-16c8-11ed-9b5f-1234bde3cd05,US
02c2160e-16c8-11ed-9b5f-1234bde3cd05,US
02c219e0-16c8-11ed-9b5f-1234bde3cd05,US
02c21df6-16c8-11ed-9b5f-1234bde3cd05,US
02c535e5-16c8-11ed-9b5f-1234bde3cd05,US
02c5399c-16c8-11ed-9b5f-1234bde3cd05,US
02c53d7a-16c8-11ed-9b5f-1234bde3cd05,US
02c546c4-16c8-11ed-9b5f-1234bde3cd05,US
02c54c0e-16c8-11ed-9b5f-1234bde3cd05,US
02c55092-16c8-11ed-9b5f-1234bde3cd05,US
02c55499-16c8-11ed-9b5f-1234bde3cd05,US
02c558be-16c8-11ed-9b5f-1234bde3cd05,US
02c55cc0-16c8-11ed-9b5f-1234bde3cd05,US
02c5610b-16c8-11ed-9b5f-1234bde3cd05,US
02c564f4-16c8-11ed-9b5f-1234bde3cd05,US
02c56892-16c8-11ed-9b5f-1234bde3cd05,DE
02c56c8c-16c8-11ed-9b5f-1234bde3cd05,US
02c571dc-16c8-11ed-9b5f-1234bde3cd05,US
02c575c1-16c8-11ed-9b5f-1234bde3cd05,US
02c5795d-16c8-11ed-9b5f-1234bde3cd05,US
02c58a0e-16c8-11ed-9b5f-1234bde3cd05,US
02c58f8a-16c8-11ed-9b5f-1234bde3cd05,US
02c593ed-16c8-11ed-9b5f-1234bde3cd05,US
02c5a189-16c8-11ed-9b5f-1234bde3cd05,US
02c5b0b6-16c8-11ed-9b5f-1234bde3cd05,US
02c5b555-16c8-11ed-9b5f-1234bde3cd05,US
02d08e73-16c8-11ed-9b5f-1234bde3cd05,US
02d09311-16c8-11ed-9b5f-1234bde3cd05,US
02d09711-16c8-11ed-9b5f-1234bde3cd05,US
02d09ace-16c8-11ed-9b5f-1234bde3cd05,US
02d09efa-16c8-11ed-9b5f-1234bde3cd05,US
02d22d3b-16c8-11ed-9b5f-1234bde3cd05,US
02d859d7-16c8-11ed-9b5f-1234bde3cd05,US
02d85ef3-16c8-11ed-9b5f-1234bde3cd05,US
02d9204b-16c8-11ed-9b5f-1234bde3cd05,US
02d924e4-16c8-11ed-9b5f-1234bde3cd05,US
02d935ba-16c8-11ed-9b5f-1234bde3cd05,US
02d93a0c-16c8-11ed-9b5f-1234bde3cd05,US
02d93e8c-16c8-11ed-9b5f-1234bde3cd05,US
02d9432a-16c8-11ed-9b5f-1234bde3cd05,US
02d95221-16c8-11ed-9b5f-1234bde3cd05,US
02d9567f-16c8-11ed-9b5f-1234bde3cd05,US
02d95ac2-16c8-11ed-9b5f-1234bde3cd05,US
02f20094-16c8-11ed-9b5f-1234bde3cd05,US
02f206cc-16c8-11ed-9b5f-1234bde3cd05,US
02f20b9a-16c8-11ed-9b5f-1234bde3cd05,US
02f21030-16c8-11ed-9b5f-1234bde3cd05,US
02f214cd-16c8-11ed-9b5f-1234bde3cd05,US
02f21f6f-16c8-11ed-9b5f-1234bde3cd05,US
02f223a8-16c8-11ed-9b5f-1234bde3cd05,US
02f22888-16c8-11ed-9b5f-1234bde3cd05,US
02f23237-16c8-11ed-9b5f-1234bde3cd05,UA
02f236db-16c8-11ed-9b5f-1234bde3cd05,US
02f23bd2-16c8-11ed-9b5f-1234bde3cd05,US
02f2406c-16c8-11ed-9b5f-1234bde3cd05,US
02f24498-16c8-11ed-9b5f-1234bde3cd05,US
02f24898-16c8-11ed-9b5f-1234bde3cd05,US
02f24cba-16c8-11ed-9b5f-1234bde3cd05,US
02f250e2-16c8-11ed-9b5f-1234bde3cd05,US
02f2556b-16c8-11ed-9b5f-1234bde3cd05,US
02f259c2-16c8-11ed-9b5f-1234bde3cd05,US
02f25de3-16c8-11ed-9b5f-1234bde3cd05,US
02f27821-16c8-11ed-9b5f-1234bde3cd05,US
02f27c83-16c8-11ed-9b5f-1234bde3cd05,US
02f280cb-16c8-11ed-9b5f-1234bde3cd05,US
02f28844-16c8-11ed-9b5f-1234bde3cd05,US
02f28ca8-16c8-11ed-9b5f-1234bde3cd05,US
02f290ab-16c8-11ed-9b5f-1234bde3cd05,US
02f294c1-16c8-11ed-9b5f-1234bde3cd05,US
02f29a30-16c8-11ed-9b5f-1234bde3cd05,US
02f29ea0-16c8-11ed-9b5f-1234bde3cd05,US
02f2a354-16c8-11ed-9b5f-1234bde3cd05,US
02f2a815-16c8-11ed-9b5f-1234bde3cd05,US
02f2ac35-16c8-11ed-9b5f-1234bde3cd05,US
02f2b054-16c8-11ed-9b5f-1234bde3cd05,US
02f2c9af-16c8-11ed-9b5f-1234bde3cd05,US
02f2ce0e-16c8-11ed-9b5f-1234bde3cd05,US
02f2d257-16c8-11ed-9b5f-1234bde3cd05,US
02f2d885-16c8-11ed-9b5f-1234bde3cd05,US
02f2dd83-16c8-11ed-9b5f-1234bde3cd05,US
02f2e277-16c8-11ed-9b5f-1234bde3cd05,US
02f2e7e1-16c8-11ed-9b5f-1234bde3cd05,US
02f2ec2f-16c8-11ed-9b5f-1234bde3cd05,US
02f2f058-16c8-11ed-9b5f-1234bde3cd05,US
02f2f543-16c8-11ed-9b5f-1234bde3cd05,US
02f2f9a2-16c8-11ed-9b5f-1234bde3cd05,US
02f2fda3-16c8-11ed-9b5f-1234bde3cd05,US
02f301c4-16c8-11ed-9b5f-1234bde3cd05,US
02f305d8-16c8-11ed-9b5f-1234bde3cd05,US
02f30a84-16c8-11ed-9b5f-1234bde3cd05,US
02f30e0d-16c8-11ed-9b5f-1234bde3cd05,US
02f3146d-16c8-11ed-9b5f-1234bde3cd05,US
02f31893-16c8-11ed-9b5f-1234bde3cd05,US
02f31c9a-16c8-11ed-9b5f-1234bde3cd05,US
02f328db-16c8-11ed-9b5f-1234bde3cd05,US
02f32ce5-16c8-11ed-9b5f-1234bde3cd05,US
02f33176-16c8-11ed-9b5f-1234bde3cd05,US
02f33572-16c8-11ed-9b5f-1234bde3cd05,US
02f339e6-16c8-11ed-9b5f-1234bde3cd05,US
02f33e54-16c8-11ed-9b5f-1234bde3cd05,US
02f3428d-16c8-11ed-9b5f-1234bde3cd05,US
02f346a6-16c8-11ed-9b5f-1234bde3cd05,US
02f34ab0-16c8-11ed-9b5f-1234bde3cd05,US
02f34f13-16c8-11ed-9b5f-1234bde3cd05,US
0308e24a-16c8-11ed-9b5f-1234bde3cd05,US
0308f677-16c8-11ed-9b5f-1234bde3cd05,US
0308fb89-16c8-11ed-9b5f-1234bde3cd05,US
03090007-16c8-11ed-9b5f-1234bde3cd05,US
03090494-16c8-11ed-9b5f-1234bde3cd05,US
030909dd-16c8-11ed-9b5f-1234bde3cd05,US
03090e4b-16c8-11ed-9b5f-1234bde3cd05,US
03091292-16c8-11ed-9b5f-1234bde3cd05,US
030916f5-16c8-11ed-9b5f-1234bde3cd05,US
03091f9e-16c8-11ed-9b5f-1234bde3cd05,US
03092429-16c8-11ed-9b5f-1234bde3cd05,US
030928b3-16c8-11ed-9b5f-1234bde3cd05,US
03093011-16c8-11ed-9b5f-1234bde3cd05,US
03093426-16c8-11ed-9b5f-1234bde3cd05,US
03093b06-16c8-11ed-9b5f-1234bde3cd05,US
03093f48-16c8-11ed-9b5f-1234bde3cd05,US
030943db-16c8-11ed-9b5f-1234bde3cd05,US
03094820-16c8-11ed-9b5f-1234bde3cd05,US
03094d3e-16c8-11ed-9b5f-1234bde3cd05,US
03095190-16c8-11ed-9b5f-1234bde3cd05,US
03095a1c-16c8-11ed-9b5f-1234bde3cd05,US
03096995-16c8-11ed-9b5f-1234bde3cd05,US
03096e5a-16c8-11ed-9b5f-1234bde3cd05,US
03097309-16c8-11ed-9b5f-1234bde3cd05,US
0309835d-16c8-11ed-9b5f-1234bde3cd05,US
030987b6-16c8-11ed-9b5f-1234bde3cd05,US
03098c24-16c8-11ed-9b5f-1234bde3cd05,US
030990bc-16c8-11ed-9b5f-1234bde3cd05,US
030994a0-16c8-11ed-9b5f-1234bde3cd05,US
03099898-16c8-11ed-9b5f-1234bde3cd05,US
030b2c41-16c8-11ed-9b5f-1234bde3cd05,US
030b41d7-16c8-11ed-9b5f-1234bde3cd05,US
030b471c-16c8-11ed-9b5f-1234bde3cd05,US
030b4ea0-16c8-11ed-9b5f-1234bde3cd05,US
030b52cf-16c8-11ed-9b5f-1234bde3cd05,US
030b5711-16c8-11ed-9b5f-1234bde3cd05,US
030b5b79-16c8-11ed-9b5f-1234bde3cd05,US
030b62ad-16c8-11ed-9b5f-1234bde3cd05,US
030b66f2-16c8-11ed-9b5f-1234bde3cd05,US
030b6b41-16c8-11ed-9b5f-1234bde3cd05,US
030b6fba-16c8-11ed-9b5f-1234bde3cd05,US
030b75e2-16c8-11ed-9b5f-1234bde3cd05,US
030b7a9a-16c8-11ed-9b5f-1234bde3cd05,US
030b7ee2-16c8-11ed-9b5f-1234bde3cd05,US
030ba118-16c8-11ed-9b5f-1234bde3cd05,US
030ba559-16c8-11ed-9b5f-1234bde3cd05,US
030baf29-16c8-11ed-9b5f-1234bde3cd05,US
030bb360-16c8-11ed-9b5f-1234bde3cd05,US
030bb7c1-16c8-11ed-9b5f-1234bde3cd05,US
030bbcce-16c8-11ed-9b5f-1234bde3cd05,US
030bccb8-16c8-11ed-9b5f-1234bde3cd05,US
030bd0d3-16c8-11ed-9b5f-1234bde3cd05,US
030bd4da-16c8-11ed-9b5f-1234bde3cd05,US
030bd9de-16c8-11ed-9b5f-1234bde3cd05,US
030bde21-16c8-11ed-9b5f-1234bde3cd05,US
030be2d8-16c8-11ed-9b5f-1234bde3cd05,US
030be766-16c8-11ed-9b5f-1234bde3cd05,US
030beb8c-16c8-11ed-9b5f-1234bde3cd05,US
030bf960-16c8-11ed-9b5f-1234bde3cd05,US
030bfdbc-16c8-11ed-9b5f-1234bde3cd05,US
030c0667-16c8-11ed-9b5f-1234bde3cd05,US
030c0a79-16c8-11ed-9b5f-1234bde3cd05,US
030c0e9b-16c8-11ed-9b5f-1234bde3cd05,US
030c1309-16c8-11ed-9b5f-1234bde3cd05,US
030c17d3-16c8-11ed-9b5f-1234bde3cd05,US
030c1ca3-16c8-11ed-9b5f-1234bde3cd05,US
030c2325-16c8-11ed-9b5f-1234bde3cd05,US
030c2766-16c8-11ed-9b5f-1234bde3cd05,US
030c2cf0-16c8-11ed-9b5f-1234bde3cd05,US
030c312b-16c8-11ed-9b5f-1234bde3cd05,US
030f50f3-16c8-11ed-9b5f-1234bde3cd05,US
030f58d9-16c8-11ed-9b5f-1234bde3cd05,US
030f5dc3-16c8-11ed-9b5f-1234bde3cd05,US
030f6266-16c8-11ed-9b5f-1234bde3cd05,US
03127d10-16c8-11ed-9b5f-1234bde3cd05,US
03128240-16c8-11ed-9b5f-1234bde3cd05,US
032e3e51-16c8-11ed-9b5f-1234bde3cd05,US
032e442a-16c8-11ed-9b5f-1234bde3cd05,US
032e498c-16c8-11ed-9b5f-1234bde3cd05,US
032e4e1f-16c8-11ed-9b5f-1234bde3cd05,US
032e52c0-16c8-11ed-9b5f-1234bde3cd05,US
032e5d72-16c8-11ed-9b5f-1234bde3cd05,US
032e61d0-16c8-11ed-9b5f-1234bde3cd05,US
032e65dd-16c8-11ed-9b5f-1234bde3cd05,US
032e6a66-16c8-11ed-9b5f-1234bde3cd05,US
032e6ea7-16c8-11ed-9b5f-1234bde3cd05,US
032e76d9-16c8-11ed-9b5f-1234bde3cd05,US
032e7b4b-16c8-11ed-9b5f-1234bde3cd05,US
0334aa7d-16c8-11ed-9b5f-1234bde3cd05,US
0334b019-16c8-11ed-9b5f-1234bde3cd05,US
0334b588-16c8-11ed-9b5f-1234bde3cd05,US
0334bac5-16c8-11ed-9b5f-1234bde3cd05,US
0334c48c-16c8-11ed-9b5f-1234bde3cd05,US
0334c8d8-16c8-11ed-9b5f-1234bde3cd05,US
0334cda6-16c8-11ed-9b5f-1234bde3cd05,US
0334d1fd-16c8-11ed-9b5f-1234bde3cd05,US
0334d623-16c8-11ed-9b5f-1234bde3cd05,US
0334e629-16c8-11ed-9b5f-1234bde3cd05,US
0334eab2-16c8-11ed-9b5f-1234bde3cd05,US
0334eef5-16c8-11ed-9b5f-1234bde3cd05,US
0334f33a-16c8-11ed-9b5f-1234bde3cd05,US
0334fb58-16c8-11ed-9b5f-1234bde3cd05,US
0335111e-16c8-11ed-9b5f-1234bde3cd05,US
03351700-16c8-11ed-9b5f-1234bde3cd05,US
03351ef3-16c8-11ed-9b5f-1234bde3cd05,US
0335232c-16c8-11ed-9b5f-1234bde3cd05,US
03352b94-16c8-11ed-9b5f-1234bde3cd05,US
03352fa5-16c8-11ed-9b5f-1234bde3cd05,US
0335381a-16c8-11ed-9b5f-1234bde3cd05,US
03353d6b-16c8-11ed-9b5f-1234bde3cd05,US
033541c5-16c8-11ed-9b5f-1234bde3cd05,US
0335462f-16c8-11ed-9b5f-1234bde3cd05,US
03354a69-16c8-11ed-9b5f-1234bde3cd05,US
03354ea0-16c8-11ed-9b5f-1234bde3cd05,US
033554ce-16c8-11ed-9b5f-1234bde3cd05,US
03355910-16c8-11ed-9b5f-1234bde3cd05,US
03356d9e-16c8-11ed-9b5f-1234bde3cd05,US
033571d1-16c8-11ed-9b5f-1234bde3cd05,US
033575e7-16c8-11ed-9b5f-1234bde3cd05,US
03357a9d-16c8-11ed-9b5f-1234bde3cd05,US
03357f0e-16c8-11ed-9b5f-1234bde3cd05,US
03358317-16c8-11ed-9b5f-1234bde3cd05,US
03358711-16c8-11ed-9b5f-1234bde3cd05,US
03358b3d-16c8-11ed-9b5f-1234bde3cd05,US
03358f6f-16c8-11ed-9b5f-1234bde3cd05,US
03359388-16c8-11ed-9b5f-1234bde3cd05,US
03359793-16c8-11ed-9b5f-1234bde3cd05,US
03359b8a-16c8-11ed-9b5f-1234bde3cd05,US
0335a025-16c8-11ed-9b5f-1234bde3cd05,US
0335a5b7-16c8-11ed-9b5f-1234bde3cd05,US
0335a9df-16c8-11ed-9b5f-1234bde3cd05,US
0335ae28-16c8-11ed-9b5f-1234bde3cd05,US
0335b332-16c8-11ed-9b5f-1234bde3cd05,US
0335b7b8-16c8-11ed-9b5f-1234bde3cd05,US
0335d633-16c8-11ed-9b5f-1234bde3cd05,US
0335e025-16c8-11ed-9b5f-1234bde3cd05,US
0335e451-16c8-11ed-9b5f-1234bde3cd05,US
0335e85b-16c8-11ed-9b5f-1234bde3cd05,US
0335ec91-16c8-11ed-9b5f-1234bde3cd05,US
0335f068-16c8-11ed-9b5f-1234bde3cd05,FR
0335f7d4-16c8-11ed-9b5f-1234bde3cd05,US
0335ff1c-16c8-11ed-9b5f-1234bde3cd05,US
03360396-16c8-11ed-9b5f-1234bde3cd05,US
03361864-16c8-11ed-9b5f-1234bde3cd05,US
03361c8f-16c8-11ed-9b5f-1234bde3cd05,US
033620d9-16c8-11ed-9b5f-1234bde3cd05,US
03362547-16c8-11ed-9b5f-1234bde3cd05,US
0336298a-16c8-11ed-9b5f-1234bde3cd05,US
03363c65-16c8-11ed-9b5f-1234bde3cd05,US
0336429d-16c8-11ed-9b5f-1234bde3cd05,US
0336477a-16c8-11ed-9b5f-1234bde3cd05,US
03364beb-16c8-11ed-9b5f-1234bde3cd05,US
03365027-16c8-11ed-9b5f-1234bde3cd05,US
03365473-16c8-11ed-9b5f-1234bde3cd05,US
033658b7-16c8-11ed-9b5f-1234bde3cd05,US
03365cfe-16c8-11ed-9b5f-1234bde3cd05,US
033670c7-16c8-11ed-9b5f-1234bde3cd05,US
03367604-16c8-11ed-9b5f-1234bde3cd05,US
03367a56-16c8-11ed-9b5f-1234bde3cd05,US
03367f0d-16c8-11ed-9b5f-1234bde3cd05,US
03368336-16c8-11ed-9b5f-1234bde3cd05,US
03368782-16c8-11ed-9b5f-1234bde3cd05,US
03368c3c-16c8-11ed-9b5f-1234bde3cd05,US
0336907f-16c8-11ed-9b5f-1234bde3cd05,US
033694c5-16c8-11ed-9b5f-1234bde3cd05,US
03369d97-16c8-11ed-9b5f-1234bde3cd05,US
0336ac2d-16c8-11ed-9b5f-1234bde3cd05,US
0336b09b-16c8-11ed-9b5f-1234bde3cd05,US
0336b4dd-16c8-11ed-9b5f-1234bde3cd05,US
0336c3d8-16c8-11ed-9b5f-1234bde3cd05,US
0336d80e-16c8-11ed-9b5f-1234bde3cd05,US
0336dcd4-16c8-11ed-9b5f-1234bde3cd05,US
0336e172-16c8-11ed-9b5f-1234bde3cd05,US
0336e5e3-16c8-11ed-9b5f-1234bde3cd05,US
0336ea5d-16c8-11ed-9b5f-1234bde3cd05,US
0336ee7e-16c8-11ed-9b5f-1234bde3cd05,US
0336f315-16c8-11ed-9b5f-1234bde3cd05,US
0336f827-16c8-11ed-9b5f-1234bde3cd05,US
0336fc90-16c8-11ed-9b5f-1234bde3cd05,US
033700d9-16c8-11ed-9b5f-1234bde3cd05,US
03370543-16c8-11ed-9b5f-1234bde3cd05,US
033709c4-16c8-11ed-9b5f-1234bde3cd05,US
03370e7b-16c8-11ed-9b5f-1234bde3cd05,US
033713ad-16c8-11ed-9b5f-1234bde3cd05,US
03371807-16c8-11ed-9b5f-1234bde3cd05,US
03371c62-16c8-11ed-9b5f-1234bde3cd05,US
0337231c-16c8-11ed-9b5f-1234bde3cd05,US
0337277c-16c8-11ed-9b5f-1234bde3cd05,US
03372c79-16c8-11ed-9b5f-1234bde3cd05,US
03373085-16c8-11ed-9b5f-1234bde3cd05,US
03373ad2-16c8-11ed-9b5f-1234bde3cd05,US
03373fcb-16c8-11ed-9b5f-1234bde3cd05,US
03374435-16c8-11ed-9b5f-1234bde3cd05,US
0337484c-16c8-11ed-9b5f-1234bde3cd05,US
03374ca4-16c8-11ed-9b5f-1234bde3cd05,US
033755cf-16c8-11ed-9b5f-1234bde3cd05,US
033763cf-16c8-11ed-9b5f-1234bde3cd05,US
0337690b-16c8-11ed-9b5f-1234bde3cd05,US
03376d65-16c8-11ed-9b5f-1234bde3cd05,US
03377ddc-16c8-11ed-9b5f-1234bde3cd05,US
033784ef-16c8-11ed-9b5f-1234bde3cd05,TH
03379154-16c8-11ed-9b5f-1234bde3cd05,US
034a114b-16c8-11ed-9b5f-1234bde3cd05,US
034a19ac-16c8-11ed-9b5f-1234bde3cd05,US
03504d2b-16c8-11ed-9b5f-1234bde3cd05,US
035051d6-16c8-11ed-9b5f-1234bde3cd05,US
03505675-16c8-11ed-9b5f-1234bde3cd05,US
03505ece-16c8-11ed-9b5f-1234bde3cd05,US
03506346-16c8-11ed-9b5f-1234bde3cd05,US
035067b2-16c8-11ed-9b5f-1234bde3cd05,US
03506bd4-16c8-11ed-9b5f-1234bde3cd05,US
035070ef-16c8-11ed-9b5f-1234bde3cd05,US
03507705-16c8-11ed-9b5f-1234bde3cd05,US
03507ba4-16c8-11ed-9b5f-1234bde3cd05,US
03507f3e-16c8-11ed-9b5f-1234bde3cd05,DE
03508312-16c8-11ed-9b5f-1234bde3cd05,US
0350878f-16c8-11ed-9b5f-1234bde3cd05,US
0350994f-16c8-11ed-9b5f-1234bde3cd05,US
03509e05-16c8-11ed-9b5f-1234bde3cd05,US
0350a28d-16c8-11ed-9b5f-1234bde3cd05,US
0350a6d2-16c8-11ed-9b5f-1234bde3cd05,US
045314d6-16c8-11ed-9b5f-1234bde3cd05,US
04531d6e-16c8-11ed-9b5f-1234bde3cd05,US
045324ee-16c8-11ed-9b5f-1234bde3cd05,US
04532f85-16c8-11ed-9b5f-1234bde3cd05,US
045336b3-16c8-11ed-9b5f-1234bde3cd05,US
0453457c-16c8-11ed-9b5f-1234bde3cd05,US
04708274-16c8-11ed-9b5f-1234bde3cd05,US
0470879e-16c8-11ed-9b5f-1234bde3cd05,US
04708d98-16c8-11ed-9b5f-1234bde3cd05,US
04709e5c-16c8-11ed-9b5f-1234bde3cd05,US
0470a4bb-16c8-11ed-9b5f-1234bde3cd05,US
0470a921-16c8-11ed-9b5f-1234bde3cd05,US
0470b6e0-16c8-11ed-9b5f-1234bde3cd05,US
0470bb23-16c8-11ed-9b5f-1234bde3cd05,US
0470c105-16c8-11ed-9b5f-1234bde3cd05,US
0470c84e-16c8-11ed-9b5f-1234bde3cd05,US
0470cd8b-16c8-11ed-9b5f-1234bde3cd05,US
0470d1de-16c8-11ed-9b5f-1234bde3cd05,US
0470d614-16c8-11ed-9b5f-1234bde3cd05,US
0470da2d-16c8-11ed-9b5f-1234bde3cd05,US
0470de79-16c8-11ed-9b5f-1234bde3cd05,US
0470f0e1-16c8-11ed-9b5f-1234bde3cd05,US
0470f576-16c8-11ed-9b5f-1234bde3cd05,US
0470fa18-16c8-11ed-9b5f-1234bde3cd05,US
0470feb8-16c8-11ed-9b5f-1234bde3cd05,US
047102e8-16c8-11ed-9b5f-1234bde3cd05,US
04710707-16c8-11ed-9b5f-1234bde3cd05,US
04710b2a-16c8-11ed-9b5f-1234bde3cd05,US
04710f29-16c8-11ed-9b5f-1234bde3cd05,US
04711523-16c8-11ed-9b5f-1234bde3cd05,US
04711ceb-16c8-11ed-9b5f-1234bde3cd05,US
04712b09-16c8-11ed-9b5f-1234bde3cd05,US
04712fae-16c8-11ed-9b5f-1234bde3cd05,US
047133da-16c8-11ed-9b5f-1234bde3cd05,US
047137ff-16c8-11ed-9b5f-1234bde3cd05,US
04714a5e-16c8-11ed-9b5f-1234bde3cd05,US
04714eb9-16c8-11ed-9b5f-1234bde3cd05,US
047152df-16c8-11ed-9b5f-1234bde3cd05,US
04715907-16c8-11ed-9b5f-1234bde3cd05,US
04715d5f-16c8-11ed-9b5f-1234bde3cd05,US
0471623b-16c8-11ed-9b5f-1234bde3cd05,US
04716943-16c8-11ed-9b5f-1234bde3cd05,US
04716db0-16c8-11ed-9b5f-1234bde3cd05,US
047171f2-16c8-11ed-9b5f-1234bde3cd05,US
04717609-16c8-11ed-9b5f-1234bde3cd05,US
047179eb-16c8-11ed-9b5f-1234bde3cd05,US
04717e0a-16c8-11ed-9b5f-1234bde3cd05,US
047181f8-16c8-11ed-9b5f-1234bde3cd05,US
04718621-16c8-11ed-9b5f-1234bde3cd05,US
04718a4f-16c8-11ed-9b5f-1234bde3cd05,US
04718e5d-16c8-11ed-9b5f-1234bde3cd05,US
04719283-16c8-11ed-9b5f-1234bde3cd05,US
04719b8d-16c8-11ed-9b5f-1234bde3cd05,US
04719fa9-16c8-11ed-9b5f-1234bde3cd05,US
0471a3b4-16c8-11ed-9b5f-1234bde3cd05,US
0471a7ec-16c8-11ed-9b5f-1234bde3cd05,US
0471b056-16c8-11ed-9b5f-1234bde3cd05,US
0471b466-16c8-11ed-9b5f-1234bde3cd05,US
0471b871-16c8-11ed-9b5f-1234bde3cd05,US
0471bca6-16c8-11ed-9b5f-1234bde3cd05,US
0471c1aa-16c8-11ed-9b5f-1234bde3cd05,DE
0471c88c-16c8-11ed-9b5f-1234bde3cd05,US
0471cd92-16c8-11ed-9b5f-1234bde3cd05,US
0471d19b-16c8-11ed-9b5f-1234bde3cd05,US
0471d5d7-16c8-11ed-9b5f-1234bde3cd05,US
0471d9f1-16c8-11ed-9b5f-1234bde3cd05,US
0471de1d-16c8-11ed-9b5f-1234bde3cd05,US
0471e371-16c8-11ed-9b5f-1234bde3cd05,US
0471e7c8-16c8-11ed-9b5f-1234bde3cd05,US
0471ed2e-16c8-11ed-9b5f-1234bde3cd05,DE
0471f33c-16c8-11ed-9b5f-1234bde3cd05,US
0471f816-16c8-11ed-9b5f-1234bde3cd05,US
0471fb41-16c8-11ed-9b5f-1234bde3cd05,US
047210f8-16c8-11ed-9b5f-1234bde3cd05,US
04722505-16c8-11ed-9b5f-1234bde3cd05,US
04722a73-16c8-11ed-9b5f-1234bde3cd05,US
04722e81-16c8-11ed-9b5f-1234bde3cd05,US
047235b3-16c8-11ed-9b5f-1234bde3cd05,US
047244ad-16c8-11ed-9b5f-1234bde3cd05,US
04724927-16c8-11ed-9b5f-1234bde3cd05,US
0472500b-16c8-11ed-9b5f-1234bde3cd05,US
04725c96-16c8-11ed-9b5f-1234bde3cd05,US
047260b6-16c8-11ed-9b5f-1234bde3cd05,US
04726503-16c8-11ed-9b5f-1234bde3cd05,US
04726932-16c8-11ed-9b5f-1234bde3cd05,US
04727838-16c8-11ed-9b5f-1234bde3cd05,US
04727c27-16c8-11ed-9b5f-1234bde3cd05,US
04728028-16c8-11ed-9b5f-1234bde3cd05,US
047284f9-16c8-11ed-9b5f-1234bde3cd05,US
047292a5-16c8-11ed-9b5f-1234bde3cd05,US
047420e9-16c8-11ed-9b5f-1234bde3cd05,US
04742a5c-16c8-11ed-9b5f-1234bde3cd05,US
04742e10-16c8-11ed-9b5f-1234bde3cd05,US
047431fc-16c8-11ed-9b5f-1234bde3cd05,US
04743553-16c8-11ed-9b5f-1234bde3cd05,GB
04743f6b-16c8-11ed-9b5f-1234bde3cd05,US
0474438a-16c8-11ed-9b5f-1234bde3cd05,US
047448fc-16c8-11ed-9b5f-1234bde3cd05,US
04744d75-16c8-11ed-9b5f-1234bde3cd05,US
04745172-16c8-11ed-9b5f-1234bde3cd05,US
04745576-16c8-11ed-9b5f-1234bde3cd05,US
04745951-16c8-11ed-9b5f-1234bde3cd05,US
04745d76-16c8-11ed-9b5f-1234bde3cd05,US
04746115-16c8-11ed-9b5f-1234bde3cd05,US
047464fc-16c8-11ed-9b5f-1234bde3cd05,US
04746a50-16c8-11ed-9b5f-1234bde3cd05,US
04746e67-16c8-11ed-9b5f-1234bde3cd05,US
0474726c-16c8-11ed-9b5f-1234bde3cd05,US
04747779-16c8-11ed-9b5f-1234bde3cd05,US
04747dd1-16c8-11ed-9b5f-1234bde3cd05,US
0474833c-16c8-11ed-9b5f-1234bde3cd05,US
0474875d-16c8-11ed-9b5f-1234bde3cd05,US
04748b71-16c8-11ed-9b5f-1234bde3cd05,US
04748fa8-16c8-11ed-9b5f-1234bde3cd05,US
04749415-16c8-11ed-9b5f-1234bde3cd05,US
04749bcf-16c8-11ed-9b5f-1234bde3cd05,US
0474aad7-16c8-11ed-9b5f-1234bde3cd05,US
0474af6d-16c8-11ed-9b5f-1234bde3cd05,US
0474b348-16c8-11ed-9b5f-1234bde3cd05,US
0474b6e5-16c8-11ed-9b5f-1234bde3cd05,US
0474bac4-16c8-11ed-9b5f-1234bde3cd05,US
0474be91-16c8-11ed-9b5f-1234bde3cd05,US
0474c2e5-16c8-11ed-9b5f-1234bde3cd05,US
0474c6cc-16c8-11ed-9b5f-1234bde3cd05,US
0474cebc-16c8-11ed-9b5f-1234bde3cd05,US
0474d282-16c8-11ed-9b5f-1234bde3cd05,US
0474d6b0-16c8-11ed-9b5f-1234bde3cd05,US
0474dd5a-16c8-11ed-9b5f-1234bde3cd05,US
0474e184-16c8-11ed-9b5f-1234bde3cd05,US
0474e57e-16c8-11ed-9b5f-1234bde3cd05,US
0474ea81-16c8-11ed-9b5f-1234bde3cd05,US
0474efa8-16c8-11ed-9b5f-1234bde3cd05,US
0474f3ee-16c8-11ed-9b5f-1234bde3cd05,US
0474f7f6-16c8-11ed-9b5f-1234bde3cd05,US
0474fd4a-16c8-11ed-9b5f-1234bde3cd05,US
047cbead-16c8-11ed-9b5f-1234bde3cd05,US
04878778-16c8-11ed-9b5f-1234bde3cd05,US
04878dd0-16c8-11ed-9b5f-1234bde3cd05,US
0487922c-16c8-11ed-9b5f-1234bde3cd05,US
04879688-16c8-11ed-9b5f-1234bde3cd05,US
04879aaf-16c8-11ed-9b5f-1234bde3cd05,US
04879ef0-16c8-11ed-9b5f-1234bde3cd05,US
0487a319-16c8-11ed-9b5f-1234bde3cd05,US
0487a75a-16c8-11ed-9b5f-1234bde3cd05,US
0487ab68-16c8-11ed-9b5f-1234bde3cd05,US
0487af79-16c8-11ed-9b5f-1234bde3cd05,US
0487b59a-16c8-11ed-9b5f-1234bde3cd05,US
0487c309-16c8-11ed-9b5f-1234bde3cd05,US
0487c7b8-16c8-11ed-9b5f-1234bde3cd05,US
0487cbe8-16c8-11ed-9b5f-1234bde3cd05,US
0487dd73-16c8-11ed-9b5f-1234bde3cd05,US
0487e1e4-16c8-11ed-9b5f-1234bde3cd05,US
0487e607-16c8-11ed-9b5f-1234bde3cd05,US
0487ea0f-16c8-11ed-9b5f-1234bde3cd05,US
0487ee09-16c8-11ed-9b5f-1234bde3cd05,US
0487f22f-16c8-11ed-9b5f-1234bde3cd05,US
0487f639-16c8-11ed-9b5f-1234bde3cd05,US
0487ff8f-16c8-11ed-9b5f-1234bde3cd05,US
048803cb-16c8-11ed-9b5f-1234bde3cd05,US
04881566-16c8-11ed-9b5f-1234bde3cd05,US
048819ce-16c8-11ed-9b5f-1234bde3cd05,US
04881dc0-16c8-11ed-9b5f-1234bde3cd05,US
048822ef-16c8-11ed-9b5f-1234bde3cd05,US
04882718-16c8-11ed-9b5f-1234bde3cd05,US
04882cf8-16c8-11ed-9b5f-1234bde3cd05,US
04883113-16c8-11ed-9b5f-1234bde3cd05,US
048834e8-16c8-11ed-9b5f-1234bde3cd05,US
04883915-16c8-11ed-9b5f-1234bde3cd05,US
04883d27-16c8-11ed-9b5f-1234bde3cd05,US
04884113-16c8-11ed-9b5f-1234bde3cd05,US
0488454f-16c8-11ed-9b5f-1234bde3cd05,US
04884975-16c8-11ed-9b5f-1234bde3cd05,US
048855b0-16c8-11ed-9b5f-1234bde3cd05,US
048859c0-16c8-11ed-9b5f-1234bde3cd05,US
04885d8c-16c8-11ed-9b5f-1234bde3cd05,US
0488619e-16c8-11ed-9b5f-1234bde3cd05,US
0488669c-16c8-11ed-9b5f-1234bde3cd05,US
04886ab4-16c8-11ed-9b5f-1234bde3cd05,US
04886eb2-16c8-11ed-9b5f-1234bde3cd05,US
0488756b-16c8-11ed-9b5f-1234bde3cd05,US
04887989-16c8-11ed-9b5f-1234bde3cd05,US
04887ef4-16c8-11ed-9b5f-1234bde3cd05,US
048882f8-16c8-11ed-9b5f-1234bde3cd05,US
0488921f-16c8-11ed-9b5f-1234bde3cd05,US
0488968b-16c8-11ed-9b5f-1234bde3cd05,US
04889bcb-16c8-11ed-9b5f-1234bde3cd05,US
0488a00a-16c8-11ed-9b5f-1234bde3cd05,US
0488a585-16c8-11ed-9b5f-1234bde3cd05,US
0488a962-16c8-11ed-9b5f-1234bde3cd05,US
0488ad40-16c8-11ed-9b5f-1234bde3cd05,US
0488b1b8-16c8-11ed-9b5f-1234bde3cd05,US
0488b5d4-16c8-11ed-9b5f-1234bde3cd05,US
0488bad6-16c8-11ed-9b5f-1234bde3cd05,US
0488bf01-16c8-11ed-9b5f-1234bde3cd05,US
0488d0a7-16c8-11ed-9b5f-1234bde3cd05,US
0488d4e6-16c8-11ed-9b5f-1234bde3cd05,US
0488d8bc-16c8-11ed-9b5f-1234bde3cd05,US
0488dca1-16c8-11ed-9b5f-1234bde3cd05,US
0488e0c8-16c8-11ed-9b5f-1234bde3cd05,US
0488e87d-16c8-11ed-9b5f-1234bde3cd05,US
0488fcec-16c8-11ed-9b5f-1234bde3cd05,US
04890146-16c8-11ed-9b5f-1234bde3cd05,US
048909de-16c8-11ed-9b5f-1234bde3cd05,US
04890df8-16c8-11ed-9b5f-1234bde3cd05,US
048915ed-16c8-11ed-9b5f-1234bde3cd05,US
048923f4-16c8-11ed-9b5f-1234bde3cd05,US
048927fb-16c8-11ed-9b5f-1234bde3cd05,US
04892c1a-16c8-11ed-9b5f-1234bde3cd05,US
04893b3f-16c8-11ed-9b5f-1234bde3cd05,US
048944df-16c8-11ed-9b5f-1234bde3cd05,US
04894913-16c8-11ed-9b5f-1234bde3cd05,US
04894d42-16c8-11ed-9b5f-1234bde3cd05,US
048954b3-16c8-11ed-9b5f-1234bde3cd05,US
0489589f-16c8-11ed-9b5f-1234bde3cd05,US
04895d02-16c8-11ed-9b5f-1234bde3cd05,US
0489611b-16c8-11ed-9b5f-1234bde3cd05,US
048965ba-16c8-11ed-9b5f-1234bde3cd05,US
04896a29-16c8-11ed-9b5f-1234bde3cd05,US
04896e54-16c8-11ed-9b5f-1234bde3cd05,US
0489724f-16c8-11ed-9b5f-1234bde3cd05,US
0489766a-16c8-11ed-9b5f-1234bde3cd05,US
04897a8b-16c8-11ed-9b5f-1234bde3cd05,US
048982ab-16c8-11ed-9b5f-1234bde3cd05,US
04a6c8e9-16c8-11ed-9b5f-1234bde3cd05,US
04a6cdf7-16c8-11ed-9b5f-1234bde3cd05,US
04a6d26d-16c8-11ed-9b5f-1234bde3cd05,US
04a6d6d1-16c8-11ed-9b5f-1234bde3cd05,US
04a6dab4-16c8-11ed-9b5f-1234bde3cd05,US
04a6df48-16c8-11ed-9b5f-1234bde3cd05,US
04a6e362-16c8-11ed-9b5f-1234bde3cd05,US
04a6e781-16c8-11ed-9b5f-1234bde3cd05,US
04a6eb74-16c8-11ed-9b5f-1234bde3cd05,US
04a6ef98-16c8-11ed-9b5f-1234bde3cd05,US
04a6f385-16c8-11ed-9b5f-1234bde3cd05,US
04a6f757-16c8-11ed-9b5f-1234bde3cd05,US
04a6fb77-16c8-11ed-9b5f-1234bde3cd05,US
04a6ff56-16c8-11ed-9b5f-1234bde3cd05,US
04a70348-16c8-11ed-9b5f-1234bde3cd05,US
04a70892-16c8-11ed-9b5f-1234bde3cd05,US
04a70cd1-16c8-11ed-9b5f-1234bde3cd05,US
04a711b5-16c8-11ed-9b5f-1234bde3cd05,US
04a7156f-16c8-11ed-9b5f-1234bde3cd05,US
04a7194e-16c8-11ed-9b5f-1234bde3cd05,US
04a72772-16c8-11ed-9b5f-1234bde3cd05,US
04a72b82-16c8-11ed-9b5f-1234bde3cd05,US
04a730c0-16c8-11ed-9b5f-1234bde3cd05,US
04a734fa-16c8-11ed-9b5f-1234bde3cd05,US
04a7393e-16c8-11ed-9b5f-1234bde3cd05,US
04a73d2a-16c8-11ed-9b5f-1234bde3cd05,US
04a74148-16c8-11ed-9b5f-1234bde3cd05,US
04a7456e-16c8-11ed-9b5f-1234bde3cd05,US
04a7498f-16c8-11ed-9b5f-1234bde3cd05,US
04a74d9b-16c8-11ed-9b5f-1234bde3cd05,US
04a751ae-16c8-11ed-9b5f-1234bde3cd05,US
04a755c2-16c8-11ed-9b5f-1234bde3cd05,US
04a75df7-16c8-11ed-9b5f-1234bde3cd05,US
04a7629d-16c8-11ed-9b5f-1234bde3cd05,US
04a766d1-16c8-11ed-9b5f-1234bde3cd05,US
04a76aeb-16c8-11ed-9b5f-1234bde3cd05,US
04a76f0a-16c8-11ed-9b5f-1234bde3cd05,US
04a772b9-16c8-11ed-9b5f-1234bde3cd05,US
04a776fa-16c8-11ed-9b5f-1234bde3cd05,US
04a785e8-16c8-11ed-9b5f-1234bde3cd05,US
04a78d2b-16c8-11ed-9b5f-1234bde3cd05,CZ
04a79029-16c8-11ed-9b5f-1234bde3cd05,CZ
04a7963e-16c8-11ed-9b5f-1234bde3cd05,CZ
04a799ac-16c8-11ed-9b5f-1234bde3cd05,CZ
04a79d86-16c8-11ed-9b5f-1234bde3cd05,CZ
04a7a08a-16c8-11ed-9b5f-1234bde3cd05,CZ
04a7a49d-16c8-11ed-9b5f-1234bde3cd05,US
04a7b1c3-16c8-11ed-9b5f-1234bde3cd05,CZ
04a7b79b-16c8-11ed-9b5f-1234bde3cd05,CZ
04a7bca0-16c8-11ed-9b5f-1234bde3cd05,US
04a7c084-16c8-11ed-9b5f-1234bde3cd05,US
04a7c472-16c8-11ed-9b5f-1234bde3cd05,US
04a7cd09-16c8-11ed-9b5f-1234bde3cd05,US
04a7d115-16c8-11ed-9b5f-1234bde3cd05,US
04a7d613-16c8-11ed-9b5f-1234bde3cd05,US
04a7da12-16c8-11ed-9b5f-1234bde3cd05,US
04a7de31-16c8-11ed-9b5f-1234bde3cd05,US
04a7e1cd-16c8-11ed-9b5f-1234bde3cd05,US
04a7e5b9-16c8-11ed-9b5f-1234bde3cd05,US
04a7e98f-16c8-11ed-9b5f-1234bde3cd05,US
04a7ed4f-16c8-11ed-9b5f-1234bde3cd05,US
04a7f128-16c8-11ed-9b5f-1234bde3cd05,US
04a82623-16c8-11ed-9b5f-1234bde3cd05,US
04a833d1-16c8-11ed-9b5f-1234bde3cd05,US
04a8382f-16c8-11ed-9b5f-1234bde3cd05,US
04a83c19-16c8-11ed-9b5f-1234bde3cd05,US
04a841fc-16c8-11ed-9b5f-1234bde3cd05,US
04a845af-16c8-11ed-9b5f-1234bde3cd05,CZ
04a84be8-16c8-11ed-9b5f-1234bde3cd05,CZ
04a84f10-16c8-11ed-9b5f-1234bde3cd05,CZ
04a85247-16c8-11ed-9b5f-1234bde3cd05,CZ
04a8581e-16c8-11ed-9b5f-1234bde3cd05,CZ
04a85bee-16c8-11ed-9b5f-1234bde3cd05,CZ
04a85edb-16c8-11ed-9b5f-1234bde3cd05,CZ
04a862fc-16c8-11ed-9b5f-1234bde3cd05,US
04a867a8-16c8-11ed-9b5f-1234bde3cd05,US
04a86d76-16c8-11ed-9b5f-1234bde3cd05,IE
04a87187-16c8-11ed-9b5f-1234bde3cd05,US
04a875a3-16c8-11ed-9b5f-1234bde3cd05,US
04a87c52-16c8-11ed-9b5f-1234bde3cd05,US
04a8889a-16c8-11ed-9b5f-1234bde3cd05,US
04a88c9e-16c8-11ed-9b5f-1234bde3cd05,US
04a8905b-16c8-11ed-9b5f-1234bde3cd05,US
04a89431-16c8-11ed-9b5f-1234bde3cd05,US
04a89852-16c8-11ed-9b5f-1234bde3cd05,US
04a89cfc-16c8-11ed-9b5f-1234bde3cd05,US
04a8a198-16c8-11ed-9b5f-1234bde3cd05,US
04a8a5a8-16c8-11ed-9b5f-1234bde3cd05,US
04a8a9bc-16c8-11ed-9b5f-1234bde3cd05,US
04a8ad9c-16c8-11ed-9b5f-1234bde3cd05,US
04a8b1af-16c8-11ed-9b5f-1234bde3cd05,US
04a8b9fd-16c8-11ed-9b5f-1234bde3cd05,US
04a8ca39-16c8-11ed-9b5f-1234bde3cd05,US
04a8ce8a-16c8-11ed-9b5f-1234bde3cd05,US
04a8d2df-16c8-11ed-9b5f-1234bde3cd05,US
04a8d6e3-16c8-11ed-9b5f-1234bde3cd05,US
04a8db15-16c8-11ed-9b5f-1234bde3cd05,US
04a8df41-16c8-11ed-9b5f-1234bde3cd05,US
04a8e35d-16c8-11ed-9b5f-1234bde3cd05,US
04a8e75b-16c8-11ed-9b5f-1234bde3cd05,US
04a8eb75-16c8-11ed-9b5f-1234bde3cd05,US
04a8ef7b-16c8-11ed-9b5f-1234bde3cd05,US
04a8f490-16c8-11ed-9b5f-1234bde3cd05,US
04a8f830-16c8-11ed-9b5f-1234bde3cd05,CZ
04a8fbf8-16c8-11ed-9b5f-1234bde3cd05,CZ
04a8ffca-16c8-11ed-9b5f-1234bde3cd05,CZ
04a903f8-16c8-11ed-9b5f-1234bde3cd05,CZ
04a90a14-16c8-11ed-9b5f-1234bde3cd05,CZ
04a90ddb-16c8-11ed-9b5f-1234bde3cd05,US
04a915fc-16c8-11ed-9b5f-1234bde3cd05,US
04a9194f-16c8-11ed-9b5f-1234bde3cd05,CZ
04a91c64-16c8-11ed-9b5f-1234bde3cd05,CZ
04a9200e-16c8-11ed-9b5f-1234bde3cd05,CZ
04c032f2-16c8-11ed-9b5f-1234bde3cd05,CZ
04c037be-16c8-11ed-9b5f-1234bde3cd05,US
04c03cab-16c8-11ed-9b5f-1234bde3cd05,US
04c040fc-16c8-11ed-9b5f-1234bde3cd05,US
04c04528-16c8-11ed-9b5f-1234bde3cd05,US
04c04928-16c8-11ed-9b5f-1234bde3cd05,US
04c04d38-16c8-11ed-9b5f-1234bde3cd05,US
04c05133-16c8-11ed-9b5f-1234bde3cd05,CZ
04c057e5-16c8-11ed-9b5f-1234bde3cd05,CZ
04c05b22-16c8-11ed-9b5f-1234bde3cd05,CZ
04c05e3e-16c8-11ed-9b5f-1234bde3cd05,CZ
04c5027b-16c8-11ed-9b5f-1234bde3cd05,US
04c509bd-16c8-11ed-9b5f-1234bde3cd05,US
04c50e29-16c8-11ed-9b5f-1234bde3cd05,US
04c69cc0-16c8-11ed-9b5f-1234bde3cd05,US
04c6a132-16c8-11ed-9b5f-1234bde3cd05,US
04c6b6c9-16c8-11ed-9b5f-1234bde3cd05,US
04c6bb6f-16c8-11ed-9b5f-1234bde3cd05,US
04c6bfdd-16c8-11ed-9b5f-1234bde3cd05,US
04c6c410-16c8-11ed-9b5f-1234bde3cd05,US
04c6c82b-16c8-11ed-9b5f-1234bde3cd05,US
04c6cc62-16c8-11ed-9b5f-1234bde3cd05,US
04c6d0a0-16c8-11ed-9b5f-1234bde3cd05,US
04c6d965-16c8-11ed-9b5f-1234bde3cd05,US
04c6ddca-16c8-11ed-9b5f-1234bde3cd05,US
04c6e209-16c8-11ed-9b5f-1234bde3cd05,US
04c6e619-16c8-11ed-9b5f-1234bde3cd05,US
04c6ea49-16c8-11ed-9b5f-1234bde3cd05,US
04c6f310-16c8-11ed-9b5f-1234bde3cd05,US
04c6f724-16c8-11ed-9b5f-1234bde3cd05,US
04c6fb3d-16c8-11ed-9b5f-1234bde3cd05,US
04c6ff5b-16c8-11ed-9b5f-1234bde3cd05,US
04c7169a-16c8-11ed-9b5f-1234bde3cd05,US
04c71b41-16c8-11ed-9b5f-1234bde3cd05,US
04cd46d0-16c8-11ed-9b5f-1234bde3cd05,US
04cd4ecf-16c8-11ed-9b5f-1234bde3cd05,US
04cd52e4-16c8-11ed-9b5f-1234bde3cd05,US
04cd56cd-16c8-11ed-9b5f-1234bde3cd05,US
04cd5a9e-16c8-11ed-9b5f-1234bde3cd05,US
04cd5e48-16c8-11ed-9b5f-1234bde3cd05,US
04cd6232-16c8-11ed-9b5f-1234bde3cd05,US
04cd670c-16c8-11ed-9b5f-1234bde3cd05,US
04cd75e8-16c8-11ed-9b5f-1234bde3cd05,US
04cd7a62-16c8-11ed-9b5f-1234bde3cd05,US
04cd7e99-16c8-11ed-9b5f-1234bde3cd05,US
04cd831b-16c8-11ed-9b5f-1234bde3cd05,US
04cd871c-16c8-11ed-9b5f-1234bde3cd05,US
04cd8b19-16c8-11ed-9b5f-1234bde3cd05,US
04cd8f2b-16c8-11ed-9b5f-1234bde3cd05,US
04cd949d-16c8-11ed-9b5f-1234bde3cd05,US
04cda32f-16c8-11ed-9b5f-1234bde3cd05,US
04cdab78-16c8-11ed-9b5f-1234bde3cd05,US
04cdafb9-16c8-11ed-9b5f-1234bde3cd05,US
04cdbf60-16c8-11ed-9b5f-1234bde3cd05,US
04cdc3c1-16c8-11ed-9b5f-1234bde3cd05,US
04cdc806-16c8-11ed-9b5f-1234bde3cd05,US
04cdcefa-16c8-11ed-9b5f-1234bde3cd05,US
04cdd363-16c8-11ed-9b5f-1234bde3cd05,US
04cdd88a-16c8-11ed-9b5f-1234bde3cd05,US
04cddd0c-16c8-11ed-9b5f-1234bde3cd05,US
04cde126-16c8-11ed-9b5f-1234bde3cd05,US
04cde556-16c8-11ed-9b5f-1234bde3cd05,US
04cde9a4-16c8-11ed-9b5f-1234bde3cd05,US
04cdf821-16c8-11ed-9b5f-1234bde3cd05,US
04cdfc96-16c8-11ed-9b5f-1234bde3cd05,US
04ce000d-16c8-11ed-9b5f-1234bde3cd05,JP
04ce0491-16c8-11ed-9b5f-1234bde3cd05,US
04ce088b-16c8-11ed-9b5f-1234bde3cd05,US
04ce1483-16c8-11ed-9b5f-1234bde3cd05,US
04ce1a41-16c8-11ed-9b5f-1234bde3cd05,US
04ce1eae-16c8-11ed-9b5f-1234bde3cd05,US
04ce23b6-16c8-11ed-9b5f-1234bde3cd05,US
04ce27cc-16c8-11ed-9b5f-1234bde3cd05,US
04ce2cbf-16c8-11ed-9b5f-1234bde3cd05,US
04ce30d1-16c8-11ed-9b5f-1234bde3cd05,US
04ce34d7-16c8-11ed-9b5f-1234bde3cd05,US
04ce38c4-16c8-11ed-9b5f-1234bde3cd05,US
04ce3ca2-16c8-11ed-9b5f-1234bde3cd05,US
04ce40b2-16c8-11ed-9b5f-1234bde3cd05,US
04ce454b-16c8-11ed-9b5f-1234bde3cd05,US
04ce5014-16c8-11ed-9b5f-1234bde3cd05,US
04ce546a-16c8-11ed-9b5f-1234bde3cd05,US
04ce5861-16c8-11ed-9b5f-1234bde3cd05,US
04d2fae5-16c8-11ed-9b5f-1234bde3cd05,US
04d2ff57-16c8-11ed-9b5f-1234bde3cd05,US
04d30340-16c8-11ed-9b5f-1234bde3cd05,US
04d3077e-16c8-11ed-9b5f-1234bde3cd05,US
04d310b2-16c8-11ed-9b5f-1234bde3cd05,US
04d94251-16c8-11ed-9b5f-1234bde3cd05,US
04d946c2-16c8-11ed-9b5f-1234bde3cd05,US
04d94e33-16c8-11ed-9b5f-1234bde3cd05,US
04d9526b-16c8-11ed-9b5f-1234bde3cd05,US
04d95773-16c8-11ed-9b5f-1234bde3cd05,US
04dc73da-16c8-11ed-9b5f-1234bde3cd05,US
04dc77f1-16c8-11ed-9b5f-1234bde3cd05,US
04dc7bfa-16c8-11ed-9b5f-1234bde3cd05,US
04dc83e4-16c8-11ed-9b5f-1234bde3cd05,US
04dc8834-16c8-11ed-9b5f-1234bde3cd05,US
04dc8c81-16c8-11ed-9b5f-1234bde3cd05,US
04dc90b1-16c8-11ed-9b5f-1234bde3cd05,US
04dc94b2-16c8-11ed-9b5f-1234bde3cd05,US
04dc98d1-16c8-11ed-9b5f-1234bde3cd05,US
04dc9cb6-16c8-11ed-9b5f-1234bde3cd05,US
04e13e35-16c8-11ed-9b5f-1234bde3cd05,US
04e142ce-16c8-11ed-9b5f-1234bde3cd05,US
04e146ba-16c8-11ed-9b5f-1234bde3cd05,US
04e14ad2-16c8-11ed-9b5f-1234bde3cd05,US
0528261f-16c8-11ed-9b5f-1234bde3cd05,US
05282adb-16c8-11ed-9b5f-1234bde3cd05,US
05282f10-16c8-11ed-9b5f-1234bde3cd05,US
05283599-16c8-11ed-9b5f-1234bde3cd05,US
05283a22-16c8-11ed-9b5f-1234bde3cd05,US
05283e86-16c8-11ed-9b5f-1234bde3cd05,US
052854d6-16c8-11ed-9b5f-1234bde3cd05,US
05285967-16c8-11ed-9b5f-1234bde3cd05,US
052b73b5-16c8-11ed-9b5f-1234bde3cd05,US
052b77fc-16c8-11ed-9b5f-1234bde3cd05,US
052b7c13-16c8-11ed-9b5f-1234bde3cd05,US
052b800a-16c8-11ed-9b5f-1234bde3cd05,US
052b8492-16c8-11ed-9b5f-1234bde3cd05,US
052b9c4d-16c8-11ed-9b5f-1234bde3cd05,US
052ba3c0-16c8-11ed-9b5f-1234bde3cd05,US
052ba7f1-16c8-11ed-9b5f-1234bde3cd05,US
052bac47-16c8-11ed-9b5f-1234bde3cd05,US
052bb0b2-16c8-11ed-9b5f-1234bde3cd05,US
052bb4e8-16c8-11ed-9b5f-1234bde3cd05,US
052bc4a8-16c8-11ed-9b5f-1234bde3cd05,US
052bc911-16c8-11ed-9b5f-1234bde3cd05,US
052bcd53-16c8-11ed-9b5f-1234bde3cd05,US
052bd2b6-16c8-11ed-9b5f-1234bde3cd05,US
052bd700-16c8-11ed-9b5f-1234bde3cd05,US
052bdb53-16c8-11ed-9b5f-1234bde3cd05,US
052bdf93-16c8-11ed-9b5f-1234bde3cd05,US
052be3dc-16c8-11ed-9b5f-1234bde3cd05,US
052be809-16c8-11ed-9b5f-1234bde3cd05,US
052bed6e-16c8-11ed-9b5f-1234bde3cd05,US
052bff9c-16c8-11ed-9b5f-1234bde3cd05,US
052c0af5-16c8-11ed-9b5f-1234bde3cd05,US
052c1008-16c8-11ed-9b5f-1234bde3cd05,US
052c1ad5-16c8-11ed-9b5f-1234bde3cd05,US
05681fb5-16c8-11ed-9b5f-1234bde3cd05,US
0568252f-16c8-11ed-9b5f-1234bde3cd05,US
05682970-16c8-11ed-9b5f-1234bde3cd05,US
056b4397-16c8-11ed-9b5f-1234bde3cd05,US
056b47f8-16c8-11ed-9b5f-1234bde3cd05,US
056b4d2f-16c8-11ed-9b5f-1234bde3cd05,US
056b607f-16c8-11ed-9b5f-1234bde3cd05,US
056b6500-16c8-11ed-9b5f-1234bde3cd05,US
056b6931-16c8-11ed-9b5f-1234bde3cd05,US
056b6d4c-16c8-11ed-9b5f-1234bde3cd05,US
056b7118-16c8-11ed-9b5f-1234bde3cd05,NZ
056b75e0-16c8-11ed-9b5f-1234bde3cd05,US
056b79f1-16c8-11ed-9b5f-1234bde3cd05,US
056b7e05-16c8-11ed-9b5f-1234bde3cd05,US
056b8291-16c8-11ed-9b5f-1234bde3cd05,US
056b864f-16c8-11ed-9b5f-1234bde3cd05,US
056b8a69-16c8-11ed-9b5f-1234bde3cd05,US
056b9129-16c8-11ed-9b5f-1234bde3cd05,US
056b9507-16c8-11ed-9b5f-1234bde3cd05,US
056b9abd-16c8-11ed-9b5f-1234bde3cd05,US
056b9fcb-16c8-11ed-9b5f-1234bde3cd05,US
056ba3ef-16c8-11ed-9b5f-1234bde3cd05,US
056ec202-16c8-11ed-9b5f-1234bde3cd05,US
056ec9c5-16c8-11ed-9b5f-1234bde3cd05,US
056ecfda-16c8-11ed-9b5f-1234bde3cd05,US
056ed633-16c8-11ed-9b5f-1234bde3cd05,US
056edae2-16c8-11ed-9b5f-1234bde3cd05,CZ
056ede23-16c8-11ed-9b5f-1234bde3cd05,CZ
056ee966-16c8-11ed-9b5f-1234bde3cd05,CZ
056eecc3-16c8-11ed-9b5f-1234bde3cd05,CZ
056eeff7-16c8-11ed-9b5f-1234bde3cd05,CZ
056ef383-16c8-11ed-9b5f-1234bde3cd05,CZ
056ef759-16c8-11ed-9b5f-1234bde3cd05,CZ
056efa80-16c8-11ed-9b5f-1234bde3cd05,DE
056efda5-16c8-11ed-9b5f-1234bde3cd05,CZ
056f0164-16c8-11ed-9b5f-1234bde3cd05,CZ
056f04a2-16c8-11ed-9b5f-1234bde3cd05,CZ
056f0791-16c8-11ed-9b5f-1234bde3cd05,CZ
056f0e71-16c8-11ed-9b5f-1234bde3cd05,CZ
056f1147-16c8-11ed-9b5f-1234bde3cd05,CZ
056f142e-16c8-11ed-9b5f-1234bde3cd05,CZ
056f175b-16c8-11ed-9b5f-1234bde3cd05,CZ
056f1a52-16c8-11ed-9b5f-1234bde3cd05,CZ
056f1da1-16c8-11ed-9b5f-1234bde3cd05,CZ
056f2358-16c8-11ed-9b5f-1234bde3cd05,CZ
056f26fe-16c8-11ed-9b5f-1234bde3cd05,CZ
056f2c4f-16c8-11ed-9b5f-1234bde3cd05,CZ
056f2f4a-16c8-11ed-9b5f-1234bde3cd05,CZ
056f329c-16c8-11ed-9b5f-1234bde3cd05,CZ
056f35ca-16c8-11ed-9b5f-1234bde3cd05,CZ
056f38d2-16c8-11ed-9b5f-1234bde3cd05,CZ
05a9b506-16c8-11ed-9b5f-1234bde3cd05,CZ
05a9b90a-16c8-11ed-9b5f-1234bde3cd05,CZ
05a9bcf5-16c8-11ed-9b5f-1234bde3cd05,CZ
05a9c561-16c8-11ed-9b5f-1234bde3cd05,CZ
05a9c897-16c8-11ed-9b5f-1234bde3cd05,CZ
05a9cba5-16c8-11ed-9b5f-1234bde3cd05,CZ
05a9cf0e-16c8-11ed-9b5f-1234bde3cd05,CZ
05a9d209-16c8-11ed-9b5f-1234bde3cd05,CZ
05a9d521-16c8-11ed-9b5f-1234bde3cd05,CZ
05a9d895-16c8-11ed-9b5f-1234bde3cd05,CZ
05a9dc1d-16c8-11ed-9b5f-1234bde3cd05,CZ
05a9dfd3-16c8-11ed-9b5f-1234bde3cd05,CZ
05a9e358-16c8-11ed-9b5f-1234bde3cd05,CZ
05a9e917-16c8-11ed-9b5f-1234bde3cd05,CZ
05a9f2e7-16c8-11ed-9b5f-1234bde3cd05,CZ
05a9f61e-16c8-11ed-9b5f-1234bde3cd05,CZ
05a9f8ff-16c8-11ed-9b5f-1234bde3cd05,CZ
05a9fe8c-16c8-11ed-9b5f-1234bde3cd05,CZ
05aa019f-16c8-11ed-9b5f-1234bde3cd05,CZ
05aa057f-16c8-11ed-9b5f-1234bde3cd05,CZ
05aa0884-16c8-11ed-9b5f-1234bde3cd05,CZ
05aa0bb3-16c8-11ed-9b5f-1234bde3cd05,CZ
05aa0f12-16c8-11ed-9b5f-1234bde3cd05,DE
05aa1235-16c8-11ed-9b5f-1234bde3cd05,CZ
05aa1843-16c8-11ed-9b5f-1234bde3cd05,CZ
05aa1eea-16c8-11ed-9b5f-1234bde3cd05,CZ
05aa2200-16c8-11ed-9b5f-1234bde3cd05,CZ
05aa2523-16c8-11ed-9b5f-1234bde3cd05,DE
05aa2884-16c8-11ed-9b5f-1234bde3cd05,DE
05aa2b92-16c8-11ed-9b5f-1234bde3cd05,DE
05aa2ea4-16c8-11ed-9b5f-1234bde3cd05,DE
05aa32df-16c8-11ed-9b5f-1234bde3cd05,DE
05aa35cb-16c8-11ed-9b5f-1234bde3cd05,DE
05aa38c6-16c8-11ed-9b5f-1234bde3cd05,GB
05aa3cf2-16c8-11ed-9b5f-1234bde3cd05,SE
05aa4040-16c8-11ed-9b5f-1234bde3cd05,DE
05aa43cb-16c8-11ed-9b5f-1234bde3cd05,GB
05aa46ef-16c8-11ed-9b5f-1234bde3cd05,ES
05aa4a21-16c8-11ed-9b5f-1234bde3cd05,CH
05aa4d66-16c8-11ed-9b5f-1234bde3cd05,CH
05aa5b65-16c8-11ed-9b5f-1234bde3cd05,CZ
05aa5e92-16c8-11ed-9b5f-1234bde3cd05,CZ
05aa61f4-16c8-11ed-9b5f-1234bde3cd05,CZ
05c6195e-16c8-11ed-9b5f-1234bde3cd05,CZ
05c61fd3-16c8-11ed-9b5f-1234bde3cd05,CZ
05c6235c-16c8-11ed-9b5f-1234bde3cd05,CZ
05c62654-16c8-11ed-9b5f-1234bde3cd05,CZ
05c629c2-16c8-11ed-9b5f-1234bde3cd05,CZ
05c62d22-16c8-11ed-9b5f-1234bde3cd05,CZ
05c6301d-16c8-11ed-9b5f-1234bde3cd05,CZ
05c63317-16c8-11ed-9b5f-1234bde3cd05,CZ
05c636fb-16c8-11ed-9b5f-1234bde3cd05,CA
05c63de1-16c8-11ed-9b5f-1234bde3cd05,CZ
05c641be-16c8-11ed-9b5f-1234bde3cd05,CZ
05c64809-16c8-11ed-9b5f-1234bde3cd05,CZ
05c7d86a-16c8-11ed-9b5f-1234bde3cd05,CZ
05c966f7-16c8-11ed-9b5f-1234bde3cd05,CZ
05c97070-16c8-11ed-9b5f-1234bde3cd05,CZ
05c9738c-16c8-11ed-9b5f-1234bde3cd05,CZ
05c97688-16c8-11ed-9b5f-1234bde3cd05,CZ
05c97984-16c8-11ed-9b5f-1234bde3cd05,CZ
05c97c80-16c8-11ed-9b5f-1234bde3cd05,CZ
05c97fa5-16c8-11ed-9b5f-1234bde3cd05,CZ
05c98989-16c8-11ed-9b5f-1234bde3cd05,CZ
05c98ef4-16c8-11ed-9b5f-1234bde3cd05,CZ
05cb1cb3-16c8-11ed-9b5f-1234bde3cd05,CZ
05cb236e-16c8-11ed-9b5f-1234bde3cd05,CZ
05cb26cd-16c8-11ed-9b5f-1234bde3cd05,CZ
05cb29ec-16c8-11ed-9b5f-1234bde3cd05,CZ
05cb2dc3-16c8-11ed-9b5f-1234bde3cd05,HR
05cb30cb-16c8-11ed-9b5f-1234bde3cd05,DE
05cb3781-16c8-11ed-9b5f-1234bde3cd05,DE
05cb3c89-16c8-11ed-9b5f-1234bde3cd05,DE
05cb470d-16c8-11ed-9b5f-1234bde3cd05,CZ
05cb4a60-16c8-11ed-9b5f-1234bde3cd05,CZ
05cb4f32-16c8-11ed-9b5f-1234bde3cd05,CZ
05cb5256-16c8-11ed-9b5f-1234bde3cd05,UA
05cb58e1-16c8-11ed-9b5f-1234bde3cd05,CZ
05cb5bc5-16c8-11ed-9b5f-1234bde3cd05,GB
05cb6033-16c8-11ed-9b5f-1234bde3cd05,DE
05cb634b-16c8-11ed-9b5f-1234bde3cd05,GB
05cb66fc-16c8-11ed-9b5f-1234bde3cd05,DE
05cb69f0-16c8-11ed-9b5f-1234bde3cd05,DE
05cb6f3e-16c8-11ed-9b5f-1234bde3cd05,GB
05cb744f-16c8-11ed-9b5f-1234bde3cd05,US
05cb7ad6-16c8-11ed-9b5f-1234bde3cd05,US
05cb7f5b-16c8-11ed-9b5f-1234bde3cd05,US
05cb8374-16c8-11ed-9b5f-1234bde3cd05,US
05d9606b-16c8-11ed-9b5f-1234bde3cd05,US
05d96546-16c8-11ed-9b5f-1234bde3cd05,US
05d9698f-16c8-11ed-9b5f-1234bde3cd05,US
05d96d8f-16c8-11ed-9b5f-1234bde3cd05,US
05d97146-16c8-11ed-9b5f-1234bde3cd05,US
05d974fd-16c8-11ed-9b5f-1234bde3cd05,US
05d978f0-16c8-11ed-9b5f-1234bde3cd05,US
05d97d09-16c8-11ed-9b5f-1234bde3cd05,US
05d98209-16c8-11ed-9b5f-1234bde3cd05,US
05d9862b-16c8-11ed-9b5f-1234bde3cd05,US
05d98a9c-16c8-11ed-9b5f-1234bde3cd05,US
05d9924a-16c8-11ed-9b5f-1234bde3cd05,US
05d99a1b-16c8-11ed-9b5f-1234bde3cd05,US
05d9a5ba-16c8-11ed-9b5f-1234bde3cd05,US
05d9ad8b-16c8-11ed-9b5f-1234bde3cd05,US
05d9b248-16c8-11ed-9b5f-1234bde3cd05,US
05d9b73e-16c8-11ed-9b5f-1234bde3cd05,US
05d9baff-16c8-11ed-9b5f-1234bde3cd05,US
05d9c0ab-16c8-11ed-9b5f-1234bde3cd05,US
05d9c444-16c8-11ed-9b5f-1234bde3cd05,US
05d9c852-16c8-11ed-9b5f-1234bde3cd05,US
05d9cc88-16c8-11ed-9b5f-1234bde3cd05,US
05d9d0ab-16c8-11ed-9b5f-1234bde3cd05,US
05d9d4da-16c8-11ed-9b5f-1234bde3cd05,US
05d9d8fc-16c8-11ed-9b5f-1234bde3cd05,US
05d9e06c-16c8-11ed-9b5f-1234bde3cd05,US
05d9e423-16c8-11ed-9b5f-1234bde3cd05,US
05d9e81a-16c8-11ed-9b5f-1234bde3cd05,US
05d9ecbf-16c8-11ed-9b5f-1234bde3cd05,US
05d9f0b2-16c8-11ed-9b5f-1234bde3cd05,US
05d9f88f-16c8-11ed-9b5f-1234bde3cd05,US
05d9fce3-16c8-11ed-9b5f-1234bde3cd05,US
05da0119-16c8-11ed-9b5f-1234bde3cd05,US
05da04e9-16c8-11ed-9b5f-1234bde3cd05,US
05da087f-16c8-11ed-9b5f-1234bde3cd05,US
05da0c09-16c8-11ed-9b5f-1234bde3cd05,US
05da0fca-16c8-11ed-9b5f-1234bde3cd05,US
05da1380-16c8-11ed-9b5f-1234bde3cd05,US
05da171b-16c8-11ed-9b5f-1234bde3cd05,US
05da1af9-16c8-11ed-9b5f-1234bde3cd05,US
05da1fd6-16c8-11ed-9b5f-1234bde3cd05,US
05da236f-16c8-11ed-9b5f-1234bde3cd05,US
05da26fb-16c8-11ed-9b5f-1234bde3cd05,US
05da2b1e-16c8-11ed-9b5f-1234bde3cd05,US
05da2f0e-16c8-11ed-9b5f-1234bde3cd05,US
05da3370-16c8-11ed-9b5f-1234bde3cd05,US
05da373c-16c8-11ed-9b5f-1234bde3cd05,US
05da3afc-16c8-11ed-9b5f-1234bde3cd05,US
05da3f03-16c8-11ed-9b5f-1234bde3cd05,US
05da4356-16c8-11ed-9b5f-1234bde3cd05,US
05da4717-16c8-11ed-9b5f-1234bde3cd05,US
05da4c41-16c8-11ed-9b5f-1234bde3cd05,US
05da5068-16c8-11ed-9b5f-1234bde3cd05,US
05da5442-16c8-11ed-9b5f-1234bde3cd05,US
05da5b9b-16c8-11ed-9b5f-1234bde3cd05,US
05da5f9d-16c8-11ed-9b5f-1234bde3cd05,US
05da635f-16c8-11ed-9b5f-1234bde3cd05,US
05da6748-16c8-11ed-9b5f-1234bde3cd05,US
05da6e97-16c8-11ed-9b5f-1234bde3cd05,US
05da724f-16c8-11ed-9b5f-1234bde3cd05,US
05da7703-16c8-11ed-9b5f-1234bde3cd05,US
05da7ab2-16c8-11ed-9b5f-1234bde3cd05,US
05da7ea5-16c8-11ed-9b5f-1234bde3cd05,US
05da829f-16c8-11ed-9b5f-1234bde3cd05,US
05da8690-16c8-11ed-9b5f-1234bde3cd05,US
05da8a9d-16c8-11ed-9b5f-1234bde3cd05,US
05da8eb4-16c8-11ed-9b5f-1234bde3cd05,US
05da928f-16c8-11ed-9b5f-1234bde3cd05,US
05da97f6-16c8-11ed-9b5f-1234bde3cd05,US
05da9c09-16c8-11ed-9b5f-1234bde3cd05,US
05da9fc1-16c8-11ed-9b5f-1234bde3cd05,US
05daa37a-16c8-11ed-9b5f-1234bde3cd05,US
05daa740-16c8-11ed-9b5f-1234bde3cd05,US
05daabed-16c8-11ed-9b5f-1234bde3cd05,US
05dab2ad-16c8-11ed-9b5f-1234bde3cd05,US
05dab6c3-16c8-11ed-9b5f-1234bde3cd05,US
05dabbbd-16c8-11ed-9b5f-1234bde3cd05,US
05dabff7-16c8-11ed-9b5f-1234bde3cd05,US
05dac3e8-16c8-11ed-9b5f-1234bde3cd05,US
05dac7ac-16c8-11ed-9b5f-1234bde3cd05,US
05dacbbb-16c8-11ed-9b5f-1234bde3cd05,US
05dad087-16c8-11ed-9b5f-1234bde3cd05,US
05dad481-16c8-11ed-9b5f-1234bde3cd05,US
05dadb99-16c8-11ed-9b5f-1234bde3cd05,US
05dadfa6-16c8-11ed-9b5f-1234bde3cd05,US
05dae34a-16c8-11ed-9b5f-1234bde3cd05,US
05dae864-16c8-11ed-9b5f-1234bde3cd05,US
05daec7a-16c8-11ed-9b5f-1234bde3cd05,US
05daefda-16c8-11ed-9b5f-1234bde3cd05,PL
05daf3e0-16c8-11ed-9b5f-1234bde3cd05,US
05daf9a2-16c8-11ed-9b5f-1234bde3cd05,US
05dafdc6-16c8-11ed-9b5f-1234bde3cd05,US
05db01c9-16c8-11ed-9b5f-1234bde3cd05,US
05db0606-16c8-11ed-9b5f-1234bde3cd05,US
05db09f2-16c8-11ed-9b5f-1234bde3cd05,US
05db0e0a-16c8-11ed-9b5f-1234bde3cd05,US
05db12c4-16c8-11ed-9b5f-1234bde3cd05,US
05db1770-16c8-11ed-9b5f-1234bde3cd05,US
05db1b3b-16c8-11ed-9b5f-1234bde3cd05,US
05db1ecc-16c8-11ed-9b5f-1234bde3cd05,US
05db232c-16c8-11ed-9b5f-1234bde3cd05,US
05db3178-16c8-11ed-9b5f-1234bde3cd05,US
05db3586-16c8-11ed-9b5f-1234bde3cd05,US
05db3970-16c8-11ed-9b5f-1234bde3cd05,US
05db3d7a-16c8-11ed-9b5f-1234bde3cd05,US
05db4263-16c8-11ed-9b5f-1234bde3cd05,US
05db463b-16c8-11ed-9b5f-1234bde3cd05,US
05db49f9-16c8-11ed-9b5f-1234bde3cd05,US
05db4d95-16c8-11ed-9b5f-1234bde3cd05,US
05db5115-16c8-11ed-9b5f-1234bde3cd05,US
05db58c7-16c8-11ed-9b5f-1234bde3cd05,US
05db5cf4-16c8-11ed-9b5f-1234bde3cd05,US
05db61ef-16c8-11ed-9b5f-1234bde3cd05,US
05db65a1-16c8-11ed-9b5f-1234bde3cd05,US
05db698b-16c8-11ed-9b5f-1234bde3cd05,US
05db708e-16c8-11ed-9b5f-1234bde3cd05,US
05db742e-16c8-11ed-9b5f-1234bde3cd05,US
05db7cbb-16c8-11ed-9b5f-1234bde3cd05,US
05db8096-16c8-11ed-9b5f-1234bde3cd05,US
05db869e-16c8-11ed-9b5f-1234bde3cd05,US
05db8a99-16c8-11ed-9b5f-1234bde3cd05,US
05db8e7e-16c8-11ed-9b5f-1234bde3cd05,US
05db9249-16c8-11ed-9b5f-1234bde3cd05,US
05db9652-16c8-11ed-9b5f-1234bde3cd05,US
05db9a40-16c8-11ed-9b5f-1234bde3cd05,US
05db9e1e-16c8-11ed-9b5f-1234bde3cd05,US
05dba2bb-16c8-11ed-9b5f-1234bde3cd05,US
05dba6a4-16c8-11ed-9b5f-1234bde3cd05,US
05dbaa6d-16c8-11ed-9b5f-1234bde3cd05,US
05dbae1a-16c8-11ed-9b5f-1234bde3cd05,US
05dbb24e-16c8-11ed-9b5f-1234bde3cd05,US
05dbb66a-16c8-11ed-9b5f-1234bde3cd05,US
05dbb9ea-16c8-11ed-9b5f-1234bde3cd05,US
05dbbd9c-16c8-11ed-9b5f-1234bde3cd05,US
05dbc121-16c8-11ed-9b5f-1234bde3cd05,US
05dbc502-16c8-11ed-9b5f-1234bde3cd05,US
05dbc8fb-16c8-11ed-9b5f-1234bde3cd05,US
05dbcd49-16c8-11ed-9b5f-1234bde3cd05,US
05dbd100-16c8-11ed-9b5f-1234bde3cd05,US
05dbd56e-16c8-11ed-9b5f-1234bde3cd05,US
05dbe519-16c8-11ed-9b5f-1234bde3cd05,US
05dbe96c-16c8-11ed-9b5f-1234bde3cd05,US
05dbed7f-16c8-11ed-9b5f-1234bde3cd05,US
05dbf17f-16c8-11ed-9b5f-1234bde3cd05,US
05dbf626-16c8-11ed-9b5f-1234bde3cd05,US
05dbfa0a-16c8-11ed-9b5f-1234bde3cd05,US
05dc006b-16c8-11ed-9b5f-1234bde3cd05,US
05dc045c-16c8-11ed-9b5f-1234bde3cd05,US
05dc0881-16c8-11ed-9b5f-1234bde3cd05,US
05dc0c6b-16c8-11ed-9b5f-1234bde3cd05,US
05dc103b-16c8-11ed-9b5f-1234bde3cd05,US
05dc142c-16c8-11ed-9b5f-1234bde3cd05,US
05dc18d5-16c8-11ed-9b5f-1234bde3cd05,US
05dc1c9d-16c8-11ed-9b5f-1234bde3cd05,US
05dc2050-16c8-11ed-9b5f-1234bde3cd05,US
05dc256b-16c8-11ed-9b5f-1234bde3cd05,US
05dc2e20-16c8-11ed-9b5f-1234bde3cd05,US
05dc347c-16c8-11ed-9b5f-1234bde3cd05,US
05dc3821-16c8-11ed-9b5f-1234bde3cd05,US
05dc3cd0-16c8-11ed-9b5f-1234bde3cd05,US
05dc4105-16c8-11ed-9b5f-1234bde3cd05,US
05dc452e-16c8-11ed-9b5f-1234bde3cd05,US
05dc4965-16c8-11ed-9b5f-1234bde3cd05,US
05dc4d60-16c8-11ed-9b5f-1234bde3cd05,US
05dc514c-16c8-11ed-9b5f-1234bde3cd05,US
05dc552f-16c8-11ed-9b5f-1234bde3cd05,US
05dc58b7-16c8-11ed-9b5f-1234bde3cd05,US
05dc5eeb-16c8-11ed-9b5f-1234bde3cd05,US
05dc62b6-16c8-11ed-9b5f-1234bde3cd05,US
05dc6e11-16c8-11ed-9b5f-1234bde3cd05,US
05dc731a-16c8-11ed-9b5f-1234bde3cd05,US
05dc7734-16c8-11ed-9b5f-1234bde3cd05,US
05dc7afb-16c8-11ed-9b5f-1234bde3cd05,US
05dc7e9e-16c8-11ed-9b5f-1234bde3cd05,US
05dc852e-16c8-11ed-9b5f-1234bde3cd05,US
05dc892d-16c8-11ed-9b5f-1234bde3cd05,US
05dc8d1d-16c8-11ed-9b5f-1234bde3cd05,US
05dc95c7-16c8-11ed-9b5f-1234bde3cd05,US
05dc997b-16c8-11ed-9b5f-1234bde3cd05,US
05dc9d24-16c8-11ed-9b5f-1234bde3cd05,US
05dca24a-16c8-11ed-9b5f-1234bde3cd05,US
05dca6a0-16c8-11ed-9b5f-1234bde3cd05,US
05dcaa74-16c8-11ed-9b5f-1234bde3cd05,US
05dcb1c0-16c8-11ed-9b5f-1234bde3cd05,US
05dcb555-16c8-11ed-9b5f-1234bde3cd05,US
05dcb8ee-16c8-11ed-9b5f-1234bde3cd05,US
05dcbc94-16c8-11ed-9b5f-1234bde3cd05,US
05dcc21d-16c8-11ed-9b5f-1234bde3cd05,US
05dcc625-16c8-11ed-9b5f-1234bde3cd05,US
05dcce70-16c8-11ed-9b5f-1234bde3cd05,US
05dcd268-16c8-11ed-9b5f-1234bde3cd05,US
05dcdb6a-16c8-11ed-9b5f-1234bde3cd05,US
05dce15f-16c8-11ed-9b5f-1234bde3cd05,US
05dce519-16c8-11ed-9b5f-1234bde3cd05,US
05dce909-16c8-11ed-9b5f-1234bde3cd05,US
05dcf4f1-16c8-11ed-9b5f-1234bde3cd05,US
05dcf8da-16c8-11ed-9b5f-1234bde3cd05,US
05dcfc91-16c8-11ed-9b5f-1234bde3cd05,US
05dd003b-16c8-11ed-9b5f-1234bde3cd05,US
05dd0446-16c8-11ed-9b5f-1234bde3cd05,US
05dd08c2-16c8-11ed-9b5f-1234bde3cd05,US
05dd0e31-16c8-11ed-9b5f-1234bde3cd05,US
05dd11f2-16c8-11ed-9b5f-1234bde3cd05,US
05dd15e3-16c8-11ed-9b5f-1234bde3cd05,US
05dd1b8e-16c8-11ed-9b5f-1234bde3cd05,US
05dd1f50-16c8-11ed-9b5f-1234bde3cd05,US
05dd292d-16c8-11ed-9b5f-1234bde3cd05,US
05dd2faa-16c8-11ed-9b5f-1234bde3cd05,US
05dd3387-16c8-11ed-9b5f-1234bde3cd05,US
05dd3778-16c8-11ed-9b5f-1234bde3cd05,US
05dd3b6a-16c8-11ed-9b5f-1234bde3cd05,US
05dd3f30-16c8-11ed-9b5f-1234bde3cd05,US
05dd43ba-16c8-11ed-9b5f-1234bde3cd05,US
05dd4799-16c8-11ed-9b5f-1234bde3cd05,US
05dd4b68-16c8-11ed-9b5f-1234bde3cd05,US
05dd501c-16c8-11ed-9b5f-1234bde3cd05,US
05dd53e5-16c8-11ed-9b5f-1234bde3cd05,US
05dd5778-16c8-11ed-9b5f-1234bde3cd05,US
05dd5ba0-16c8-11ed-9b5f-1234bde3cd05,US
05dd5faa-16c8-11ed-9b5f-1234bde3cd05,US
05dd6373-16c8-11ed-9b5f-1234bde3cd05,US
05dd6738-16c8-11ed-9b5f-1234bde3cd05,US
05dd6b1d-16c8-11ed-9b5f-1234bde3cd05,US
05dd6f0f-16c8-11ed-9b5f-1234bde3cd05,US
05dd72eb-16c8-11ed-9b5f-1234bde3cd05,US
05dd8093-16c8-11ed-9b5f-1234bde3cd05,US
05dd847a-16c8-11ed-9b5f-1234bde3cd05,US
05dd885f-16c8-11ed-9b5f-1234bde3cd05,US
05dd8c21-16c8-11ed-9b5f-1234bde3cd05,US
05dd8fe4-16c8-11ed-9b5f-1234bde3cd05,US
05dd93d0-16c8-11ed-9b5f-1234bde3cd05,US
05dd97c2-16c8-11ed-9b5f-1234bde3cd05,US
05dd9b95-16c8-11ed-9b5f-1234bde3cd05,US
05dd9f75-16c8-11ed-9b5f-1234bde3cd05,US
05dda38a-16c8-11ed-9b5f-1234bde3cd05,US
05dda704-16c8-11ed-9b5f-1234bde3cd05,US
05ddab21-16c8-11ed-9b5f-1234bde3cd05,US
05ddaee9-16c8-11ed-9b5f-1234bde3cd05,US
05ddb626-16c8-11ed-9b5f-1234bde3cd05,US
05ddb9e3-16c8-11ed-9b5f-1234bde3cd05,US
05ddbd85-16c8-11ed-9b5f-1234bde3cd05,US
05ddc11f-16c8-11ed-9b5f-1234bde3cd05,US
05ddc686-16c8-11ed-9b5f-1234bde3cd05,US
05ddd12b-16c8-11ed-9b5f-1234bde3cd05,US
05ddd51e-16c8-11ed-9b5f-1234bde3cd05,US
05ddd8f0-16c8-11ed-9b5f-1234bde3cd05,US
05dddd39-16c8-11ed-9b5f-1234bde3cd05,US
05dde324-16c8-11ed-9b5f-1234bde3cd05,US
05dde706-16c8-11ed-9b5f-1234bde3cd05,US
05ddec40-16c8-11ed-9b5f-1234bde3cd05,US
05ddefee-16c8-11ed-9b5f-1234bde3cd05,US
05ddf410-16c8-11ed-9b5f-1234bde3cd05,US
05ddf7bb-16c8-11ed-9b5f-1234bde3cd05,US
05ddfbcc-16c8-11ed-9b5f-1234bde3cd05,US
05de002b-16c8-11ed-9b5f-1234bde3cd05,US
05de0430-16c8-11ed-9b5f-1234bde3cd05,US
05de0b83-16c8-11ed-9b5f-1234bde3cd05,US
05de0f8b-16c8-11ed-9b5f-1234bde3cd05,US
05de13fe-16c8-11ed-9b5f-1234bde3cd05,US
05de186a-16c8-11ed-9b5f-1234bde3cd05,US
05de1c3a-16c8-11ed-9b5f-1234bde3cd05,US
05de1ff2-16c8-11ed-9b5f-1234bde3cd05,US
05de23b4-16c8-11ed-9b5f-1234bde3cd05,US
05de2786-16c8-11ed-9b5f-1234bde3cd05,US
05de2e60-16c8-11ed-9b5f-1234bde3cd05,US
05de3235-16c8-11ed-9b5f-1234bde3cd05,US
05de35e3-16c8-11ed-9b5f-1234bde3cd05,US
05de39bc-16c8-11ed-9b5f-1234bde3cd05,US
05de3d97-16c8-11ed-9b5f-1234bde3cd05,US
05de41b8-16c8-11ed-9b5f-1234bde3cd05,US
05de45eb-16c8-11ed-9b5f-1234bde3cd05,US
05de4b1e-16c8-11ed-9b5f-1234bde3cd05,US
05de4eae-16c8-11ed-9b5f-1234bde3cd05,US
05de53ce-16c8-11ed-9b5f-1234bde3cd05,US
05de5b3d-16c8-11ed-9b5f-1234bde3cd05,US
05de5fe2-16c8-11ed-9b5f-1234bde3cd05,US
05de6430-16c8-11ed-9b5f-1234bde3cd05,US
05de67f0-16c8-11ed-9b5f-1234bde3cd05,US
05de6ba5-16c8-11ed-9b5f-1234bde3cd05,US
05de6f85-16c8-11ed-9b5f-1234bde3cd05,US
05de7340-16c8-11ed-9b5f-1234bde3cd05,US
05de7991-16c8-11ed-9b5f-1234bde3cd05,US
05de7d96-16c8-11ed-9b5f-1234bde3cd05,US
05de817d-16c8-11ed-9b5f-1234bde3cd05,US
05de855a-16c8-11ed-9b5f-1234bde3cd05,US
05de8b52-16c8-11ed-9b5f-1234bde3cd05,US
05de91e9-16c8-11ed-9b5f-1234bde3cd05,US
05de95bc-16c8-11ed-9b5f-1234bde3cd05,US
05de9b10-16c8-11ed-9b5f-1234bde3cd05,US
05de9ee5-16c8-11ed-9b5f-1234bde3cd05,US
05dea29b-16c8-11ed-9b5f-1234bde3cd05,US
05dea64b-16c8-11ed-9b5f-1234bde3cd05,US
05deac1a-16c8-11ed-9b5f-1234bde3cd05,US
05deb08f-16c8-11ed-9b5f-1234bde3cd05,US
05deb48e-16c8-11ed-9b5f-1234bde3cd05,US
05deb83a-16c8-11ed-9b5f-1234bde3cd05,US
05debd06-16c8-11ed-9b5f-1234bde3cd05,US
05dec232-16c8-11ed-9b5f-1234bde3cd05,US
05dec5fd-16c8-11ed-9b5f-1234bde3cd05,US
05deca6d-16c8-11ed-9b5f-1234bde3cd05,US
05dece0e-16c8-11ed-9b5f-1234bde3cd05,US
05ded3b9-16c8-11ed-9b5f-1234bde3cd05,US
05ded9f6-16c8-11ed-9b5f-1234bde3cd05,US
05e37b71-16c8-11ed-9b5f-1234bde3cd05,US
05e37f7d-16c8-11ed-9b5f-1234bde3cd05,US
05e3856d-16c8-11ed-9b5f-1234bde3cd05,US
05e38915-16c8-11ed-9b5f-1234bde3cd05,US
05e38d19-16c8-11ed-9b5f-1234bde3cd05,US
05e39157-16c8-11ed-9b5f-1234bde3cd05,US
05e39536-16c8-11ed-9b5f-1234bde3cd05,US
05e398fa-16c8-11ed-9b5f-1234bde3cd05,US
05e39dae-16c8-11ed-9b5f-1234bde3cd05,US
05e3a1e4-16c8-11ed-9b5f-1234bde3cd05,US
05e3a61c-16c8-11ed-9b5f-1234bde3cd05,US
05e3b1f8-16c8-11ed-9b5f-1234bde3cd05,US
05e3b8d0-16c8-11ed-9b5f-1234bde3cd05,US
05e3bcc7-16c8-11ed-9b5f-1234bde3cd05,US
05e3c0ce-16c8-11ed-9b5f-1234bde3cd05,US
05e3c681-16c8-11ed-9b5f-1234bde3cd05,US
05e3ca8c-16c8-11ed-9b5f-1234bde3cd05,US
05e3d09e-16c8-11ed-9b5f-1234bde3cd05,US
05e3d4aa-16c8-11ed-9b5f-1234bde3cd05,US
05e3d886-16c8-11ed-9b5f-1234bde3cd05,US
05e3e60e-16c8-11ed-9b5f-1234bde3cd05,US
05e3ea25-16c8-11ed-9b5f-1234bde3cd05,US
05e3edd8-16c8-11ed-9b5f-1234bde3cd05,US
05e3feeb-16c8-11ed-9b5f-1234bde3cd05,US
05e40331-16c8-11ed-9b5f-1234bde3cd05,US
05e4073c-16c8-11ed-9b5f-1234bde3cd05,US
05e40b3b-16c8-11ed-9b5f-1234bde3cd05,US
05e40f17-16c8-11ed-9b5f-1234bde3cd05,US
05e41345-16c8-11ed-9b5f-1234bde3cd05,US
05e41733-16c8-11ed-9b5f-1234bde3cd05,US
05e41b17-16c8-11ed-9b5f-1234bde3cd05,US
05e41f0b-16c8-11ed-9b5f-1234bde3cd05,US
05e42639-16c8-11ed-9b5f-1234bde3cd05,US
05e42a2e-16c8-11ed-9b5f-1234bde3cd05,US
05e42e51-16c8-11ed-9b5f-1234bde3cd05,US
05e4321a-16c8-11ed-9b5f-1234bde3cd05,US
05e435d7-16c8-11ed-9b5f-1234bde3cd05,US
05e43970-16c8-11ed-9b5f-1234bde3cd05,US
05e43d38-16c8-11ed-9b5f-1234bde3cd05,US
05e44d14-16c8-11ed-9b5f-1234bde3cd05,US
05e4512b-16c8-11ed-9b5f-1234bde3cd05,US
05e454ff-16c8-11ed-9b5f-1234bde3cd05,US
05e458d2-16c8-11ed-9b5f-1234bde3cd05,US
05e45d58-16c8-11ed-9b5f-1234bde3cd05,US
05e465db-16c8-11ed-9b5f-1234bde3cd05,US
05e46a22-16c8-11ed-9b5f-1234bde3cd05,US
05e4707d-16c8-11ed-9b5f-1234bde3cd05,US
05e474ea-16c8-11ed-9b5f-1234bde3cd05,US
05e47903-16c8-11ed-9b5f-1234bde3cd05,US
05e47d10-16c8-11ed-9b5f-1234bde3cd05,US
05e48252-16c8-11ed-9b5f-1234bde3cd05,US
05e48672-16c8-11ed-9b5f-1234bde3cd05,US
05e48b8b-16c8-11ed-9b5f-1234bde3cd05,US
05e49a33-16c8-11ed-9b5f-1234bde3cd05,US
05e49e80-16c8-11ed-9b5f-1234bde3cd05,US
05e4aad7-16c8-11ed-9b5f-1234bde3cd05,US
05e4ba6a-16c8-11ed-9b5f-1234bde3cd05,US
05fd5998-16c8-11ed-9b5f-1234bde3cd05,US
06a68182-16c8-11ed-9b5f-1234bde3cd05,US
06a687b3-16c8-11ed-9b5f-1234bde3cd05,US
06a68c70-16c8-11ed-9b5f-1234bde3cd05,US
06a6916a-16c8-11ed-9b5f-1234bde3cd05,US
06a696f2-16c8-11ed-9b5f-1234bde3cd05,US
06a69ba1-16c8-11ed-9b5f-1234bde3cd05,US
06a6a008-16c8-11ed-9b5f-1234bde3cd05,US
06a6a466-16c8-11ed-9b5f-1234bde3cd05,US
06a6aa24-16c8-11ed-9b5f-1234bde3cd05,US
06a6c203-16c8-11ed-9b5f-1234bde3cd05,US
06a6c70a-16c8-11ed-9b5f-1234bde3cd05,US
06a6cc7a-16c8-11ed-9b5f-1234bde3cd05,US
06a6d0ee-16c8-11ed-9b5f-1234bde3cd05,US
06a6d510-16c8-11ed-9b5f-1234bde3cd05,US
06a6d970-16c8-11ed-9b5f-1234bde3cd05,US
06c28e5b-16c8-11ed-9b5f-1234bde3cd05,US
06c293ba-16c8-11ed-9b5f-1234bde3cd05,US
06c29839-16c8-11ed-9b5f-1234bde3cd05,US
06c29c25-16c8-11ed-9b5f-1234bde3cd05,US
06c2a043-16c8-11ed-9b5f-1234bde3cd05,US
06c2a4d4-16c8-11ed-9b5f-1234bde3cd05,US
06c2aa35-16c8-11ed-9b5f-1234bde3cd05,US
06c2b123-16c8-11ed-9b5f-1234bde3cd05,US
06c2c691-16c8-11ed-9b5f-1234bde3cd05,US
06d6c8c1-16c8-11ed-9b5f-1234bde3cd05,US
06d6ce42-16c8-11ed-9b5f-1234bde3cd05,US
06d6d2b5-16c8-11ed-9b5f-1234bde3cd05,US
06d6d743-16c8-11ed-9b5f-1234bde3cd05,US
06d6dbe0-16c8-11ed-9b5f-1234bde3cd05,US
06d6e04b-16c8-11ed-9b5f-1234bde3cd05,US
06d6e44c-16c8-11ed-9b5f-1234bde3cd05,US
06d6e8b6-16c8-11ed-9b5f-1234bde3cd05,US
06d6fd7c-16c8-11ed-9b5f-1234bde3cd05,US
06d7020b-16c8-11ed-9b5f-1234bde3cd05,US
06d7132a-16c8-11ed-9b5f-1234bde3cd05,US
06d723ca-16c8-11ed-9b5f-1234bde3cd05,US
06dbca97-16c8-11ed-9b5f-1234bde3cd05,US
06dbe4ec-16c8-11ed-9b5f-1234bde3cd05,US
06dbe924-16c8-11ed-9b5f-1234bde3cd05,US
06dbed8d-16c8-11ed-9b5f-1234bde3cd05,US
06dbf1c5-16c8-11ed-9b5f-1234bde3cd05,US
06dbf5a7-16c8-11ed-9b5f-1234bde3cd05,US
06dc052e-16c8-11ed-9b5f-1234bde3cd05,US
06dc0c68-16c8-11ed-9b5f-1234bde3cd05,US
06dc10aa-16c8-11ed-9b5f-1234bde3cd05,US
06dc14d5-16c8-11ed-9b5f-1234bde3cd05,US
06dc1a6d-16c8-11ed-9b5f-1234bde3cd05,US
06dc1fee-16c8-11ed-9b5f-1234bde3cd05,US
06dc24f8-16c8-11ed-9b5f-1234bde3cd05,US
06dc2936-16c8-11ed-9b5f-1234bde3cd05,US
06dc3560-16c8-11ed-9b5f-1234bde3cd05,US
06dc39c5-16c8-11ed-9b5f-1234bde3cd05,US
06dc40b2-16c8-11ed-9b5f-1234bde3cd05,US
06dc4ea7-16c8-11ed-9b5f-1234bde3cd05,US
06dc5347-16c8-11ed-9b5f-1234bde3cd05,US
06dc5785-16c8-11ed-9b5f-1234bde3cd05,US
06dc620f-16c8-11ed-9b5f-1234bde3cd05,US
06dc665e-16c8-11ed-9b5f-1234bde3cd05,US
06dc6ab4-16c8-11ed-9b5f-1234bde3cd05,US
06dc7b3c-16c8-11ed-9b5f-1234bde3cd05,US
06dc8ecb-16c8-11ed-9b5f-1234bde3cd05,US
06dc99a2-16c8-11ed-9b5f-1234bde3cd05,US
06dc9daa-16c8-11ed-9b5f-1234bde3cd05,US
06dca15c-16c8-11ed-9b5f-1234bde3cd05,US
06dca51b-16c8-11ed-9b5f-1234bde3cd05,US
06dca903-16c8-11ed-9b5f-1234bde3cd05,US
06dcacd1-16c8-11ed-9b5f-1234bde3cd05,US
06dcb0b9-16c8-11ed-9b5f-1234bde3cd05,US
06dcb50f-16c8-11ed-9b5f-1234bde3cd05,US
06dcb8c9-16c8-11ed-9b5f-1234bde3cd05,US
06dcbccb-16c8-11ed-9b5f-1234bde3cd05,US
06dcc0ca-16c8-11ed-9b5f-1234bde3cd05,US
06dcd18c-16c8-11ed-9b5f-1234bde3cd05,US
06dcd602-16c8-11ed-9b5f-1234bde3cd05,US
06dcda4f-16c8-11ed-9b5f-1234bde3cd05,US
06dcde4d-16c8-11ed-9b5f-1234bde3cd05,US
06dcf1d0-16c8-11ed-9b5f-1234bde3cd05,US
06dcf644-16c8-11ed-9b5f-1234bde3cd05,US
06dd0221-16c8-11ed-9b5f-1234bde3cd05,US
06dd060d-16c8-11ed-9b5f-1234bde3cd05,US
06dd130b-16c8-11ed-9b5f-1234bde3cd05,US
06dd232e-16c8-11ed-9b5f-1234bde3cd05,US
06dd279e-16c8-11ed-9b5f-1234bde3cd05,US
06e1dbea-16c8-11ed-9b5f-1234bde3cd05,US
06e1e561-16c8-11ed-9b5f-1234bde3cd05,US
06e1e9bc-16c8-11ed-9b5f-1234bde3cd05,US
06e1f0c7-16c8-11ed-9b5f-1234bde3cd05,US
06e1f4f6-16c8-11ed-9b5f-1234bde3cd05,US
06e1faa0-16c8-11ed-9b5f-1234bde3cd05,US
06e69bdb-16c8-11ed-9b5f-1234bde3cd05,US
06e6a02e-16c8-11ed-9b5f-1234bde3cd05,US
06e6a478-16c8-11ed-9b5f-1234bde3cd05,US
06e6a8ad-16c8-11ed-9b5f-1234bde3cd05,US
06e6ad64-16c8-11ed-9b5f-1234bde3cd05,US
06e6b125-16c8-11ed-9b5f-1234bde3cd05,US
06e6b4f1-16c8-11ed-9b5f-1234bde3cd05,US
06e6b8f3-16c8-11ed-9b5f-1234bde3cd05,US
06e6d0e3-16c8-11ed-9b5f-1234bde3cd05,US
06e6d51b-16c8-11ed-9b5f-1234bde3cd05,US
0711e92d-16c8-11ed-9b5f-1234bde3cd05,US
0711ee9b-16c8-11ed-9b5f-1234bde3cd05,US
0711f424-16c8-11ed-9b5f-1234bde3cd05,US
0711f87d-16c8-11ed-9b5f-1234bde3cd05,US
0711fdfd-16c8-11ed-9b5f-1234bde3cd05,US
0712036d-16c8-11ed-9b5f-1234bde3cd05,US
07121280-16c8-11ed-9b5f-1234bde3cd05,US
07121732-16c8-11ed-9b5f-1234bde3cd05,US
07121cd1-16c8-11ed-9b5f-1234bde3cd05,US
0712212e-16c8-11ed-9b5f-1234bde3cd05,US
07122587-16c8-11ed-9b5f-1234bde3cd05,US
07123424-16c8-11ed-9b5f-1234bde3cd05,US
071238e0-16c8-11ed-9b5f-1234bde3cd05,US
07123d4c-16c8-11ed-9b5f-1234bde3cd05,US
0712415e-16c8-11ed-9b5f-1234bde3cd05,US
071245bb-16c8-11ed-9b5f-1234bde3cd05,US
071249b1-16c8-11ed-9b5f-1234bde3cd05,US
07125074-16c8-11ed-9b5f-1234bde3cd05,US
0712558b-16c8-11ed-9b5f-1234bde3cd05,US
07126829-16c8-11ed-9b5f-1234bde3cd05,US
07126c2c-16c8-11ed-9b5f-1234bde3cd05,US
07127ab3-16c8-11ed-9b5f-1234bde3cd05,US
07127ecf-16c8-11ed-9b5f-1234bde3cd05,US
0712846f-16c8-11ed-9b5f-1234bde3cd05,US
071288d3-16c8-11ed-9b5f-1234bde3cd05,US
07128cfe-16c8-11ed-9b5f-1234bde3cd05,US
071290b6-16c8-11ed-9b5f-1234bde3cd05,US
0712a2a6-16c8-11ed-9b5f-1234bde3cd05,US
0712a6e3-16c8-11ed-9b5f-1234bde3cd05,US
0712ab95-16c8-11ed-9b5f-1234bde3cd05,US
0712b2e0-16c8-11ed-9b5f-1234bde3cd05,US
0712c231-16c8-11ed-9b5f-1234bde3cd05,US
0712c7b4-16c8-11ed-9b5f-1234bde3cd05,US
0712cc19-16c8-11ed-9b5f-1234bde3cd05,US
0712d057-16c8-11ed-9b5f-1234bde3cd05,US
0712d4a4-16c8-11ed-9b5f-1234bde3cd05,US
0712d8ea-16c8-11ed-9b5f-1234bde3cd05,US
0712dd22-16c8-11ed-9b5f-1234bde3cd05,US
0712eca5-16c8-11ed-9b5f-1234bde3cd05,US
0712f12c-16c8-11ed-9b5f-1234bde3cd05,US
0712f582-16c8-11ed-9b5f-1234bde3cd05,US
0712ffe6-16c8-11ed-9b5f-1234bde3cd05,US
07148ea0-16c8-11ed-9b5f-1234bde3cd05,US
071492f2-16c8-11ed-9b5f-1234bde3cd05,US
07149708-16c8-11ed-9b5f-1234bde3cd05,US
07149ae8-16c8-11ed-9b5f-1234bde3cd05,US
07149f21-16c8-11ed-9b5f-1234bde3cd05,US
0714a2ce-16c8-11ed-9b5f-1234bde3cd05,US
0714a66e-16c8-11ed-9b5f-1234bde3cd05,US
0714b361-16c8-11ed-9b5f-1234bde3cd05,US
0714b7db-16c8-11ed-9b5f-1234bde3cd05,US
0714bc08-16c8-11ed-9b5f-1234bde3cd05,US
0714c024-16c8-11ed-9b5f-1234bde3cd05,US
0714c442-16c8-11ed-9b5f-1234bde3cd05,US
0714c8b3-16c8-11ed-9b5f-1234bde3cd05,US
0714ccfe-16c8-11ed-9b5f-1234bde3cd05,US
0714dfc0-16c8-11ed-9b5f-1234bde3cd05,US
0714e425-16c8-11ed-9b5f-1234bde3cd05,US
0714ef53-16c8-11ed-9b5f-1234bde3cd05,US
0714f3c3-16c8-11ed-9b5f-1234bde3cd05,US
0714f803-16c8-11ed-9b5f-1234bde3cd05,US
07150096-16c8-11ed-9b5f-1234bde3cd05,US
0715047f-16c8-11ed-9b5f-1234bde3cd05,US
071508d0-16c8-11ed-9b5f-1234bde3cd05,US
07151757-16c8-11ed-9b5f-1234bde3cd05,US
07151bb7-16c8-11ed-9b5f-1234bde3cd05,US
07151fee-16c8-11ed-9b5f-1234bde3cd05,US
07152409-16c8-11ed-9b5f-1234bde3cd05,US
071528d8-16c8-11ed-9b5f-1234bde3cd05,US
07152d1e-16c8-11ed-9b5f-1234bde3cd05,US
0715318e-16c8-11ed-9b5f-1234bde3cd05,US
0715424a-16c8-11ed-9b5f-1234bde3cd05,US
07154642-16c8-11ed-9b5f-1234bde3cd05,US
07155aa2-16c8-11ed-9b5f-1234bde3cd05,US
07155f0a-16c8-11ed-9b5f-1234bde3cd05,US
07156651-16c8-11ed-9b5f-1234bde3cd05,US
07157549-16c8-11ed-9b5f-1234bde3cd05,US
07157a30-16c8-11ed-9b5f-1234bde3cd05,US
07157e8e-16c8-11ed-9b5f-1234bde3cd05,US
071582c0-16c8-11ed-9b5f-1234bde3cd05,US
071586bd-16c8-11ed-9b5f-1234bde3cd05,US
07158aa0-16c8-11ed-9b5f-1234bde3cd05,US
07158f0e-16c8-11ed-9b5f-1234bde3cd05,US
071593b5-16c8-11ed-9b5f-1234bde3cd05,US
071597a1-16c8-11ed-9b5f-1234bde3cd05,US
07159b99-16c8-11ed-9b5f-1234bde3cd05,US
07159fbd-16c8-11ed-9b5f-1234bde3cd05,US
072e43ee-16c8-11ed-9b5f-1234bde3cd05,US
072e493a-16c8-11ed-9b5f-1234bde3cd05,US
072e4dc1-16c8-11ed-9b5f-1234bde3cd05,US
072e520e-16c8-11ed-9b5f-1234bde3cd05,US
072e64f1-16c8-11ed-9b5f-1234bde3cd05,US
072e69aa-16c8-11ed-9b5f-1234bde3cd05,US
072e6e13-16c8-11ed-9b5f-1234bde3cd05,US
072e7233-16c8-11ed-9b5f-1234bde3cd05,US
072e7648-16c8-11ed-9b5f-1234bde3cd05,US
072e7a6d-16c8-11ed-9b5f-1234bde3cd05,US
072e7e31-16c8-11ed-9b5f-1234bde3cd05,US
072e8a16-16c8-11ed-9b5f-1234bde3cd05,US
072e8e95-16c8-11ed-9b5f-1234bde3cd05,US
072e9c7a-16c8-11ed-9b5f-1234bde3cd05,US
072ea060-16c8-11ed-9b5f-1234bde3cd05,US
072ea463-16c8-11ed-9b5f-1234bde3cd05,US
072ea864-16c8-11ed-9b5f-1234bde3cd05,US
072eb3ea-16c8-11ed-9b5f-1234bde3cd05,US
072eb985-16c8-11ed-9b5f-1234bde3cd05,US
072ebe5c-16c8-11ed-9b5f-1234bde3cd05,US
072ec31a-16c8-11ed-9b5f-1234bde3cd05,US
072ecaad-16c8-11ed-9b5f-1234bde3cd05,US
072ecf1a-16c8-11ed-9b5f-1234bde3cd05,US
072ed373-16c8-11ed-9b5f-1234bde3cd05,US
072ee0f0-16c8-11ed-9b5f-1234bde3cd05,US
072eecfe-16c8-11ed-9b5f-1234bde3cd05,US
072ef13f-16c8-11ed-9b5f-1234bde3cd05,US
072ef7eb-16c8-11ed-9b5f-1234bde3cd05,US
072f03ef-16c8-11ed-9b5f-1234bde3cd05,US
072f081b-16c8-11ed-9b5f-1234bde3cd05,US
072f1290-16c8-11ed-9b5f-1234bde3cd05,US
072f16c2-16c8-11ed-9b5f-1234bde3cd05,US
072f1aea-16c8-11ed-9b5f-1234bde3cd05,US
072f1f49-16c8-11ed-9b5f-1234bde3cd05,US
072f233a-16c8-11ed-9b5f-1234bde3cd05,US
072f2806-16c8-11ed-9b5f-1234bde3cd05,US
072f2c25-16c8-11ed-9b5f-1234bde3cd05,US
072f307d-16c8-11ed-9b5f-1234bde3cd05,US
072f36b9-16c8-11ed-9b5f-1234bde3cd05,US
0732546f-16c8-11ed-9b5f-1234bde3cd05,US
07325869-16c8-11ed-9b5f-1234bde3cd05,US
07325d73-16c8-11ed-9b5f-1234bde3cd05,US
07326a29-16c8-11ed-9b5f-1234bde3cd05,US
07326f26-16c8-11ed-9b5f-1234bde3cd05,US
07327d95-16c8-11ed-9b5f-1234bde3cd05,US
073281f3-16c8-11ed-9b5f-1234bde3cd05,US
0732860d-16c8-11ed-9b5f-1234bde3cd05,US
073289c6-16c8-11ed-9b5f-1234bde3cd05,US
073294a7-16c8-11ed-9b5f-1234bde3cd05,US
073298b0-16c8-11ed-9b5f-1234bde3cd05,US
07329c86-16c8-11ed-9b5f-1234bde3cd05,US
0732a08c-16c8-11ed-9b5f-1234bde3cd05,US
0732a45e-16c8-11ed-9b5f-1234bde3cd05,US
0732a8a4-16c8-11ed-9b5f-1234bde3cd05,US
073436bd-16c8-11ed-9b5f-1234bde3cd05,US
07343ab4-16c8-11ed-9b5f-1234bde3cd05,US
07343eaf-16c8-11ed-9b5f-1234bde3cd05,US
07344271-16c8-11ed-9b5f-1234bde3cd05,US
0734469f-16c8-11ed-9b5f-1234bde3cd05,US
07344aaa-16c8-11ed-9b5f-1234bde3cd05,US
07344ebb-16c8-11ed-9b5f-1234bde3cd05,US
0734533d-16c8-11ed-9b5f-1234bde3cd05,US
0735e4d1-16c8-11ed-9b5f-1234bde3cd05,US
0735e9c2-16c8-11ed-9b5f-1234bde3cd05,US
0735f901-16c8-11ed-9b5f-1234bde3cd05,US
0735fc98-16c8-11ed-9b5f-1234bde3cd05,US
073600fe-16c8-11ed-9b5f-1234bde3cd05,US
07360602-16c8-11ed-9b5f-1234bde3cd05,US
07360a76-16c8-11ed-9b5f-1234bde3cd05,US
07360e50-16c8-11ed-9b5f-1234bde3cd05,US
07361248-16c8-11ed-9b5f-1234bde3cd05,US
073616b0-16c8-11ed-9b5f-1234bde3cd05,US
07361ada-16c8-11ed-9b5f-1234bde3cd05,US
07361f07-16c8-11ed-9b5f-1234bde3cd05,US
07362331-16c8-11ed-9b5f-1234bde3cd05,US
0736273d-16c8-11ed-9b5f-1234bde3cd05,US
07362b8b-16c8-11ed-9b5f-1234bde3cd05,US
073630fe-16c8-11ed-9b5f-1234bde3cd05,US
07363512-16c8-11ed-9b5f-1234bde3cd05,US
0736394e-16c8-11ed-9b5f-1234bde3cd05,US
073649f8-16c8-11ed-9b5f-1234bde3cd05,US
07365016-16c8-11ed-9b5f-1234bde3cd05,US
0736548b-16c8-11ed-9b5f-1234bde3cd05,US
0736588a-16c8-11ed-9b5f-1234bde3cd05,US
07366150-16c8-11ed-9b5f-1234bde3cd05,US
07366581-16c8-11ed-9b5f-1234bde3cd05,US
07366c13-16c8-11ed-9b5f-1234bde3cd05,US
07367073-16c8-11ed-9b5f-1234bde3cd05,US
07367474-16c8-11ed-9b5f-1234bde3cd05,US
07380304-16c8-11ed-9b5f-1234bde3cd05,US
07380712-16c8-11ed-9b5f-1234bde3cd05,US
07380b04-16c8-11ed-9b5f-1234bde3cd05,US
07380efe-16c8-11ed-9b5f-1234bde3cd05,US
073812dd-16c8-11ed-9b5f-1234bde3cd05,US
073816be-16c8-11ed-9b5f-1234bde3cd05,US
07381eeb-16c8-11ed-9b5f-1234bde3cd05,US
0738232f-16c8-11ed-9b5f-1234bde3cd05,US
073829da-16c8-11ed-9b5f-1234bde3cd05,US
0738405d-16c8-11ed-9b5f-1234bde3cd05,US
073853d0-16c8-11ed-9b5f-1234bde3cd05,US
073857f7-16c8-11ed-9b5f-1234bde3cd05,DE
07385c55-16c8-11ed-9b5f-1234bde3cd05,US
07386249-16c8-11ed-9b5f-1234bde3cd05,US
07386670-16c8-11ed-9b5f-1234bde3cd05,US
07386b75-16c8-11ed-9b5f-1234bde3cd05,US
07386fb3-16c8-11ed-9b5f-1234bde3cd05,US
07387682-16c8-11ed-9b5f-1234bde3cd05,US
073885a1-16c8-11ed-9b5f-1234bde3cd05,US
07389b07-16c8-11ed-9b5f-1234bde3cd05,US
07389f72-16c8-11ed-9b5f-1234bde3cd05,US
0738aa89-16c8-11ed-9b5f-1234bde3cd05,US
0738aeb0-16c8-11ed-9b5f-1234bde3cd05,US
0738b2f1-16c8-11ed-9b5f-1234bde3cd05,US
0738b722-16c8-11ed-9b5f-1234bde3cd05,US
0738c8e9-16c8-11ed-9b5f-1234bde3cd05,US
0738cdcc-16c8-11ed-9b5f-1234bde3cd05,US
0738dec6-16c8-11ed-9b5f-1234bde3cd05,US
0738e34b-16c8-11ed-9b5f-1234bde3cd05,US
0738e782-16c8-11ed-9b5f-1234bde3cd05,US
0738ed63-16c8-11ed-9b5f-1234bde3cd05,US
073f1850-16c8-11ed-9b5f-1234bde3cd05,US
073f1c88-16c8-11ed-9b5f-1234bde3cd05,US
073f20c6-16c8-11ed-9b5f-1234bde3cd05,US
073f2f8d-16c8-11ed-9b5f-1234bde3cd05,US
073f36dc-16c8-11ed-9b5f-1234bde3cd05,US
073f3cf9-16c8-11ed-9b5f-1234bde3cd05,US
073f411d-16c8-11ed-9b5f-1234bde3cd05,US
073f4f7c-16c8-11ed-9b5f-1234bde3cd05,US
073f5d10-16c8-11ed-9b5f-1234bde3cd05,US
073f6aeb-16c8-11ed-9b5f-1234bde3cd05,US
073f78f5-16c8-11ed-9b5f-1234bde3cd05,US
073f7d2c-16c8-11ed-9b5f-1234bde3cd05,US
073f8138-16c8-11ed-9b5f-1234bde3cd05,US
073f872e-16c8-11ed-9b5f-1234bde3cd05,US
073f9615-16c8-11ed-9b5f-1234bde3cd05,US
073f9d2c-16c8-11ed-9b5f-1234bde3cd05,US
073fa145-16c8-11ed-9b5f-1234bde3cd05,US
073fa50c-16c8-11ed-9b5f-1234bde3cd05,US
073fa930-16c8-11ed-9b5f-1234bde3cd05,US
073fbcf9-16c8-11ed-9b5f-1234bde3cd05,US
073fc1cc-16c8-11ed-9b5f-1234bde3cd05,US
073fc925-16c8-11ed-9b5f-1234bde3cd05,US
073fcfad-16c8-11ed-9b5f-1234bde3cd05,US
073fd397-16c8-11ed-9b5f-1234bde3cd05,US
073fd7ca-16c8-11ed-9b5f-1234bde3cd05,US
073fdc61-16c8-11ed-9b5f-1234bde3cd05,US
073fe090-16c8-11ed-9b5f-1234bde3cd05,US
073fe4df-16c8-11ed-9b5f-1234bde3cd05,US
073ffc35-16c8-11ed-9b5f-1234bde3cd05,US
0740005e-16c8-11ed-9b5f-1234bde3cd05,US
07de6c89-16c8-11ed-9b5f-1234bde3cd05,US
07de71f0-16c8-11ed-9b5f-1234bde3cd05,US
07de7806-16c8-11ed-9b5f-1234bde3cd05,US
07de7d81-16c8-11ed-9b5f-1234bde3cd05,US
07de82ce-16c8-11ed-9b5f-1234bde3cd05,US
07de874f-16c8-11ed-9b5f-1234bde3cd05,US
07de8e28-16c8-11ed-9b5f-1234bde3cd05,US
07e4bcf7-16c8-11ed-9b5f-1234bde3cd05,US
07e4c1b1-16c8-11ed-9b5f-1234bde3cd05,US
07e4c9d1-16c8-11ed-9b5f-1234bde3cd05,US
07e4ce68-16c8-11ed-9b5f-1234bde3cd05,US
07e4d349-16c8-11ed-9b5f-1234bde3cd05,US
07e4d76f-16c8-11ed-9b5f-1234bde3cd05,US
07e4dbe6-16c8-11ed-9b5f-1234bde3cd05,US
07e4e068-16c8-11ed-9b5f-1234bde3cd05,US
07e4e5c8-16c8-11ed-9b5f-1234bde3cd05,US
07e4f6c2-16c8-11ed-9b5f-1234bde3cd05,US
07e4fb6e-16c8-11ed-9b5f-1234bde3cd05,US
07e503f5-16c8-11ed-9b5f-1234bde3cd05,US
07e50a85-16c8-11ed-9b5f-1234bde3cd05,US
07e50efc-16c8-11ed-9b5f-1234bde3cd05,US
07e51349-16c8-11ed-9b5f-1234bde3cd05,US
07e521a2-16c8-11ed-9b5f-1234bde3cd05,US
07e52621-16c8-11ed-9b5f-1234bde3cd05,US
07e52a42-16c8-11ed-9b5f-1234bde3cd05,US
07e52ea0-16c8-11ed-9b5f-1234bde3cd05,US
07e541ec-16c8-11ed-9b5f-1234bde3cd05,US
07e5464b-16c8-11ed-9b5f-1234bde3cd05,US
07e54a92-16c8-11ed-9b5f-1234bde3cd05,US
07e54e12-16c8-11ed-9b5f-1234bde3cd05,HR
07e55267-16c8-11ed-9b5f-1234bde3cd05,US
07e5580b-16c8-11ed-9b5f-1234bde3cd05,US
07e55c96-16c8-11ed-9b5f-1234bde3cd05,US
07e560ca-16c8-11ed-9b5f-1234bde3cd05,US
07e5658f-16c8-11ed-9b5f-1234bde3cd05,US
07e57319-16c8-11ed-9b5f-1234bde3cd05,US
07e57772-16c8-11ed-9b5f-1234bde3cd05,US
07e57bbd-16c8-11ed-9b5f-1234bde3cd05,US
07e5895f-16c8-11ed-9b5f-1234bde3cd05,US
07e58d8a-16c8-11ed-9b5f-1234bde3cd05,US
07e591c5-16c8-11ed-9b5f-1234bde3cd05,US
07e59591-16c8-11ed-9b5f-1234bde3cd05,US
07e599fc-16c8-11ed-9b5f-1234bde3cd05,US
07e59e28-16c8-11ed-9b5f-1234bde3cd05,US
07e5a3e9-16c8-11ed-9b5f-1234bde3cd05,US
07e5a7d0-16c8-11ed-9b5f-1234bde3cd05,US
07e5b585-16c8-11ed-9b5f-1234bde3cd05,US
07e5c13f-16c8-11ed-9b5f-1234bde3cd05,US
07e5c55e-16c8-11ed-9b5f-1234bde3cd05,US
07e5c935-16c8-11ed-9b5f-1234bde3cd05,US
07e5ce86-16c8-11ed-9b5f-1234bde3cd05,US
07e5d2db-16c8-11ed-9b5f-1234bde3cd05,US
07e5d84f-16c8-11ed-9b5f-1234bde3cd05,US
07e5deb4-16c8-11ed-9b5f-1234bde3cd05,US
07e5e2c3-16c8-11ed-9b5f-1234bde3cd05,US
07e5e69c-16c8-11ed-9b5f-1234bde3cd05,US
07e5ea49-16c8-11ed-9b5f-1234bde3cd05,US
07e5fa2e-16c8-11ed-9b5f-1234bde3cd05,US
07e5fe68-16c8-11ed-9b5f-1234bde3cd05,US
07e602f8-16c8-11ed-9b5f-1234bde3cd05,US
07e608ea-16c8-11ed-9b5f-1234bde3cd05,US
07e60dae-16c8-11ed-9b5f-1234bde3cd05,US
07e61a62-16c8-11ed-9b5f-1234bde3cd05,US
07e61eb1-16c8-11ed-9b5f-1234bde3cd05,US
07e62288-16c8-11ed-9b5f-1234bde3cd05,US
07e6266d-16c8-11ed-9b5f-1234bde3cd05,US
07e63705-16c8-11ed-9b5f-1234bde3cd05,US
07e63b84-16c8-11ed-9b5f-1234bde3cd05,US
07e63fa0-16c8-11ed-9b5f-1234bde3cd05,US
07e643b8-16c8-11ed-9b5f-1234bde3cd05,US
07edf87f-16c8-11ed-9b5f-1234bde3cd05,US
07ee0b4b-16c8-11ed-9b5f-1234bde3cd05,US
07ee104d-16c8-11ed-9b5f-1234bde3cd05,US
07ee1483-16c8-11ed-9b5f-1234bde3cd05,US
07ee197d-16c8-11ed-9b5f-1234bde3cd05,US
07ee21e6-16c8-11ed-9b5f-1234bde3cd05,US
07ee262c-16c8-11ed-9b5f-1234bde3cd05,US
07ee2a56-16c8-11ed-9b5f-1234bde3cd05,US
07ee2eae-16c8-11ed-9b5f-1234bde3cd05,US
07ee370b-16c8-11ed-9b5f-1234bde3cd05,US
07ee3b53-16c8-11ed-9b5f-1234bde3cd05,US
07ee3f6a-16c8-11ed-9b5f-1234bde3cd05,US
07ee4c3c-16c8-11ed-9b5f-1234bde3cd05,US
07ee505c-16c8-11ed-9b5f-1234bde3cd05,US
07ee5482-16c8-11ed-9b5f-1234bde3cd05,US
07ee5a27-16c8-11ed-9b5f-1234bde3cd05,US
07ee5e8c-16c8-11ed-9b5f-1234bde3cd05,US
07ee6266-16c8-11ed-9b5f-1234bde3cd05,US
07ee665b-16c8-11ed-9b5f-1234bde3cd05,US
07ee6a8d-16c8-11ed-9b5f-1234bde3cd05,US
07ee6ead-16c8-11ed-9b5f-1234bde3cd05,US
07ee72b3-16c8-11ed-9b5f-1234bde3cd05,US
07ee76cb-16c8-11ed-9b5f-1234bde3cd05,US
07ee7a7e-16c8-11ed-9b5f-1234bde3cd05,US
07ee7e8b-16c8-11ed-9b5f-1234bde3cd05,US
07ee824c-16c8-11ed-9b5f-1234bde3cd05,US
07ee863e-16c8-11ed-9b5f-1234bde3cd05,US
07ee8a9d-16c8-11ed-9b5f-1234bde3cd05,US
07ee966a-16c8-11ed-9b5f-1234bde3cd05,US
07ee9abe-16c8-11ed-9b5f-1234bde3cd05,US
07eea8c3-16c8-11ed-9b5f-1234bde3cd05,US
07eeacf6-16c8-11ed-9b5f-1234bde3cd05,US
07eeb118-16c8-11ed-9b5f-1234bde3cd05,US
07eebe43-16c8-11ed-9b5f-1234bde3cd05,US
07eec456-16c8-11ed-9b5f-1234bde3cd05,US
07eecae9-16c8-11ed-9b5f-1234bde3cd05,US
07eed2d0-16c8-11ed-9b5f-1234bde3cd05,US
07eed6ed-16c8-11ed-9b5f-1234bde3cd05,US
07eedae3-16c8-11ed-9b5f-1234bde3cd05,US
07eeded2-16c8-11ed-9b5f-1234bde3cd05,US
07eee471-16c8-11ed-9b5f-1234bde3cd05,US
07f82385-16c8-11ed-9b5f-1234bde3cd05,US
07f827e5-16c8-11ed-9b5f-1234bde3cd05,US
07f82c78-16c8-11ed-9b5f-1234bde3cd05,US
07f83020-16c8-11ed-9b5f-1234bde3cd05,US
07f9be6b-16c8-11ed-9b5f-1234bde3cd05,US
07f9c316-16c8-11ed-9b5f-1234bde3cd05,US
07f9c859-16c8-11ed-9b5f-1234bde3cd05,US
07f9cca1-16c8-11ed-9b5f-1234bde3cd05,US
07f9d0a9-16c8-11ed-9b5f-1234bde3cd05,US
07f9d4ac-16c8-11ed-9b5f-1234bde3cd05,US
07f9d8cb-16c8-11ed-9b5f-1234bde3cd05,US
07f9dcf5-16c8-11ed-9b5f-1234bde3cd05,US
07f9e349-16c8-11ed-9b5f-1234bde3cd05,US
07f9e903-16c8-11ed-9b5f-1234bde3cd05,US
07f9ed07-16c8-11ed-9b5f-1234bde3cd05,US
07f9f20e-16c8-11ed-9b5f-1234bde3cd05,US
07f9f6c5-16c8-11ed-9b5f-1234bde3cd05,US
07f9fb3d-16c8-11ed-9b5f-1234bde3cd05,US
07f9ff7f-16c8-11ed-9b5f-1234bde3cd05,US
07fa07f3-16c8-11ed-9b5f-1234bde3cd05,US
07fa1584-16c8-11ed-9b5f-1234bde3cd05,US
07fa1b76-16c8-11ed-9b5f-1234bde3cd05,US
07fa1fc0-16c8-11ed-9b5f-1234bde3cd05,US
07fa3118-16c8-11ed-9b5f-1234bde3cd05,US
07fa3598-16c8-11ed-9b5f-1234bde3cd05,US
07fa3a55-16c8-11ed-9b5f-1234bde3cd05,US
07fa3e27-16c8-11ed-9b5f-1234bde3cd05,US
07fa4204-16c8-11ed-9b5f-1234bde3cd05,US
07fa52d8-16c8-11ed-9b5f-1234bde3cd05,US
07fa57a0-16c8-11ed-9b5f-1234bde3cd05,US
07fa5b8a-16c8-11ed-9b5f-1234bde3cd05,US
07fa6001-16c8-11ed-9b5f-1234bde3cd05,US
07fa6910-16c8-11ed-9b5f-1234bde3cd05,US
07fd81c4-16c8-11ed-9b5f-1234bde3cd05,US
07fd8ee6-16c8-11ed-9b5f-1234bde3cd05,US
07fd9599-16c8-11ed-9b5f-1234bde3cd05,US
07fd9aa5-16c8-11ed-9b5f-1234bde3cd05,US
07fda174-16c8-11ed-9b5f-1234bde3cd05,US
07fda9dc-16c8-11ed-9b5f-1234bde3cd05,US
0800c1f7-16c8-11ed-9b5f-1234bde3cd05,US
0800c84a-16c8-11ed-9b5f-1234bde3cd05,US
0800cc3b-16c8-11ed-9b5f-1234bde3cd05,US
0800d029-16c8-11ed-9b5f-1234bde3cd05,US
0800d400-16c8-11ed-9b5f-1234bde3cd05,US
0800e12f-16c8-11ed-9b5f-1234bde3cd05,US
0800e571-16c8-11ed-9b5f-1234bde3cd05,US
0800e9fa-16c8-11ed-9b5f-1234bde3cd05,US
0800f742-16c8-11ed-9b5f-1234bde3cd05,US
0800fdb2-16c8-11ed-9b5f-1234bde3cd05,US
080101ac-16c8-11ed-9b5f-1234bde3cd05,US
0801059b-16c8-11ed-9b5f-1234bde3cd05,US
080109bc-16c8-11ed-9b5f-1234bde3cd05,US
08029a1a-16c8-11ed-9b5f-1234bde3cd05,US
0802ac51-16c8-11ed-9b5f-1234bde3cd05,US
0802b8e8-16c8-11ed-9b5f-1234bde3cd05,US
0802bd6d-16c8-11ed-9b5f-1234bde3cd05,US
0802c125-16c8-11ed-9b5f-1234bde3cd05,US
0802c52a-16c8-11ed-9b5f-1234bde3cd05,US
0802c8ce-16c8-11ed-9b5f-1234bde3cd05,US
0802ce95-16c8-11ed-9b5f-1234bde3cd05,US
0802d2b4-16c8-11ed-9b5f-1234bde3cd05,US
0802d697-16c8-11ed-9b5f-1234bde3cd05,US
080464f5-16c8-11ed-9b5f-1234bde3cd05,US
08046913-16c8-11ed-9b5f-1234bde3cd05,US
08046d09-16c8-11ed-9b5f-1234bde3cd05,US
0804733b-16c8-11ed-9b5f-1234bde3cd05,US
0804796e-16c8-11ed-9b5f-1234bde3cd05,US
08047d8d-16c8-11ed-9b5f-1234bde3cd05,US
08048195-16c8-11ed-9b5f-1234bde3cd05,US
08048581-16c8-11ed-9b5f-1234bde3cd05,US
0804899f-16c8-11ed-9b5f-1234bde3cd05,US
08048ec0-16c8-11ed-9b5f-1234bde3cd05,US
08049303-16c8-11ed-9b5f-1234bde3cd05,US
080497f3-16c8-11ed-9b5f-1234bde3cd05,US
08049c22-16c8-11ed-9b5f-1234bde3cd05,US
0804a047-16c8-11ed-9b5f-1234bde3cd05,US
0804a42f-16c8-11ed-9b5f-1234bde3cd05,US
0804a7d8-16c8-11ed-9b5f-1234bde3cd05,US
0804abb2-16c8-11ed-9b5f-1234bde3cd05,US
08142ac2-16c8-11ed-9b5f-1234bde3cd05,US
0814320a-16c8-11ed-9b5f-1234bde3cd05,US
081436e9-16c8-11ed-9b5f-1234bde3cd05,US
08143de5-16c8-11ed-9b5f-1234bde3cd05,US
08144297-16c8-11ed-9b5f-1234bde3cd05,US
081456c8-16c8-11ed-9b5f-1234bde3cd05,US
081466d8-16c8-11ed-9b5f-1234bde3cd05,US
08146b2f-16c8-11ed-9b5f-1234bde3cd05,US
081783db-16c8-11ed-9b5f-1234bde3cd05,US
08178869-16c8-11ed-9b5f-1234bde3cd05,US
08178c92-16c8-11ed-9b5f-1234bde3cd05,US
08179761-16c8-11ed-9b5f-1234bde3cd05,US
081c3988-16c8-11ed-9b5f-1234bde3cd05,US
081f5697-16c8-11ed-9b5f-1234bde3cd05,US
081f5b40-16c8-11ed-9b5f-1234bde3cd05,NZ
081f5fe2-16c8-11ed-9b5f-1234bde3cd05,US
081f6530-16c8-11ed-9b5f-1234bde3cd05,US
081f69dd-16c8-11ed-9b5f-1234bde3cd05,US
081f6e98-16c8-11ed-9b5f-1234bde3cd05,US
081f72dd-16c8-11ed-9b5f-1234bde3cd05,US
081f772d-16c8-11ed-9b5f-1234bde3cd05,US
081f7b70-16c8-11ed-9b5f-1234bde3cd05,US
08351960-16c8-11ed-9b5f-1234bde3cd05,US
08351f42-16c8-11ed-9b5f-1234bde3cd05,US
08352540-16c8-11ed-9b5f-1234bde3cd05,US
083530a6-16c8-11ed-9b5f-1234bde3cd05,US
08353751-16c8-11ed-9b5f-1234bde3cd05,US
08353b75-16c8-11ed-9b5f-1234bde3cd05,US
08353fb8-16c8-11ed-9b5f-1234bde3cd05,US
08354425-16c8-11ed-9b5f-1234bde3cd05,US
08354a43-16c8-11ed-9b5f-1234bde3cd05,US
0835510c-16c8-11ed-9b5f-1234bde3cd05,US
083556e4-16c8-11ed-9b5f-1234bde3cd05,US
08356629-16c8-11ed-9b5f-1234bde3cd05,US
08356b3d-16c8-11ed-9b5f-1234bde3cd05,US
08356fad-16c8-11ed-9b5f-1234bde3cd05,US
083579bc-16c8-11ed-9b5f-1234bde3cd05,US
08357db6-16c8-11ed-9b5f-1234bde3cd05,US
083581c8-16c8-11ed-9b5f-1234bde3cd05,US
08358639-16c8-11ed-9b5f-1234bde3cd05,US
08358a4f-16c8-11ed-9b5f-1234bde3cd05,US
08359de8-16c8-11ed-9b5f-1234bde3cd05,US
0835a44c-16c8-11ed-9b5f-1234bde3cd05,US
0835a8b2-16c8-11ed-9b5f-1234bde3cd05,US
0835ad42-16c8-11ed-9b5f-1234bde3cd05,US
0835b180-16c8-11ed-9b5f-1234bde3cd05,US
0835bfd2-16c8-11ed-9b5f-1234bde3cd05,US
0835c525-16c8-11ed-9b5f-1234bde3cd05,US
0835d343-16c8-11ed-9b5f-1234bde3cd05,US
0835d7c5-16c8-11ed-9b5f-1234bde3cd05,US
0835e565-16c8-11ed-9b5f-1234bde3cd05,NZ
0835e99c-16c8-11ed-9b5f-1234bde3cd05,US
0835ee01-16c8-11ed-9b5f-1234bde3cd05,US
0835f48b-16c8-11ed-9b5f-1234bde3cd05,US
0835f8de-16c8-11ed-9b5f-1234bde3cd05,US
0835fdb6-16c8-11ed-9b5f-1234bde3cd05,US
083601da-16c8-11ed-9b5f-1234bde3cd05,US
083606d9-16c8-11ed-9b5f-1234bde3cd05,US
08360b0e-16c8-11ed-9b5f-1234bde3cd05,US
08360f18-16c8-11ed-9b5f-1234bde3cd05,US
08361ef5-16c8-11ed-9b5f-1234bde3cd05,US
08362360-16c8-11ed-9b5f-1234bde3cd05,US
08362787-16c8-11ed-9b5f-1234bde3cd05,US
08362bdb-16c8-11ed-9b5f-1234bde3cd05,US
0837bb0a-16c8-11ed-9b5f-1234bde3cd05,US
0837bf4c-16c8-11ed-9b5f-1234bde3cd05,US
0837c371-16c8-11ed-9b5f-1234bde3cd05,US
0837c708-16c8-11ed-9b5f-1234bde3cd05,US
0837cace-16c8-11ed-9b5f-1234bde3cd05,US
0837cef2-16c8-11ed-9b5f-1234bde3cd05,US
0837d304-16c8-11ed-9b5f-1234bde3cd05,US
0837db4e-16c8-11ed-9b5f-1234bde3cd05,US
0837df4a-16c8-11ed-9b5f-1234bde3cd05,US
0837e469-16c8-11ed-9b5f-1234bde3cd05,US
0837eb93-16c8-11ed-9b5f-1234bde3cd05,US
0837f085-16c8-11ed-9b5f-1234bde3cd05,US
0837f43f-16c8-11ed-9b5f-1234bde3cd05,US
0837fc23-16c8-11ed-9b5f-1234bde3cd05,US
0838004d-16c8-11ed-9b5f-1234bde3cd05,US
08380428-16c8-11ed-9b5f-1234bde3cd05,US
083807bf-16c8-11ed-9b5f-1234bde3cd05,US
08380bb9-16c8-11ed-9b5f-1234bde3cd05,US
08380ff3-16c8-11ed-9b5f-1234bde3cd05,US
08414eb6-16c8-11ed-9b5f-1234bde3cd05,US
08415320-16c8-11ed-9b5f-1234bde3cd05,US
08416514-16c8-11ed-9b5f-1234bde3cd05,US
0841698a-16c8-11ed-9b5f-1234bde3cd05,US
08416e31-16c8-11ed-9b5f-1234bde3cd05,US
08417294-16c8-11ed-9b5f-1234bde3cd05,US
08417935-16c8-11ed-9b5f-1234bde3cd05,US
08419115-16c8-11ed-9b5f-1234bde3cd05,US
08419561-16c8-11ed-9b5f-1234bde3cd05,US
084199e8-16c8-11ed-9b5f-1234bde3cd05,US
08419e45-16c8-11ed-9b5f-1234bde3cd05,US
0841a314-16c8-11ed-9b5f-1234bde3cd05,US
0841a7bf-16c8-11ed-9b5f-1234bde3cd05,US
0841abfd-16c8-11ed-9b5f-1234bde3cd05,US
08433a1f-16c8-11ed-9b5f-1234bde3cd05,US
08433e22-16c8-11ed-9b5f-1234bde3cd05,US
0855bc85-16c8-11ed-9b5f-1234bde3cd05,US
0855d829-16c8-11ed-9b5f-1234bde3cd05,US
0855dd1c-16c8-11ed-9b5f-1234bde3cd05,US
0855e1a9-16c8-11ed-9b5f-1234bde3cd05,US
0855e62c-16c8-11ed-9b5f-1234bde3cd05,US
0855ee66-16c8-11ed-9b5f-1234bde3cd05,US
0855f2c8-16c8-11ed-9b5f-1234bde3cd05,US
0855f6f7-16c8-11ed-9b5f-1234bde3cd05,US
0855fb73-16c8-11ed-9b5f-1234bde3cd05,US
0855ff76-16c8-11ed-9b5f-1234bde3cd05,US
0856034e-16c8-11ed-9b5f-1234bde3cd05,US
08560854-16c8-11ed-9b5f-1234bde3cd05,US
08560d31-16c8-11ed-9b5f-1234bde3cd05,US
0856117c-16c8-11ed-9b5f-1234bde3cd05,US
085615ba-16c8-11ed-9b5f-1234bde3cd05,US
08561b9e-16c8-11ed-9b5f-1234bde3cd05,US
085620a4-16c8-11ed-9b5f-1234bde3cd05,US
085636eb-16c8-11ed-9b5f-1234bde3cd05,US
08563b4a-16c8-11ed-9b5f-1234bde3cd05,US
08564014-16c8-11ed-9b5f-1234bde3cd05,US
085662af-16c8-11ed-9b5f-1234bde3cd05,US
08566c81-16c8-11ed-9b5f-1234bde3cd05,US
085670e4-16c8-11ed-9b5f-1234bde3cd05,US
08567517-16c8-11ed-9b5f-1234bde3cd05,US
08567944-16c8-11ed-9b5f-1234bde3cd05,US
08567d62-16c8-11ed-9b5f-1234bde3cd05,US
08568421-16c8-11ed-9b5f-1234bde3cd05,US
085688e4-16c8-11ed-9b5f-1234bde3cd05,US
08568d3b-16c8-11ed-9b5f-1234bde3cd05,US
0856914a-16c8-11ed-9b5f-1234bde3cd05,US
08581f7d-16c8-11ed-9b5f-1234bde3cd05,US
0858238e-16c8-11ed-9b5f-1234bde3cd05,US
085827fd-16c8-11ed-9b5f-1234bde3cd05,US
08582d51-16c8-11ed-9b5f-1234bde3cd05,US
085831a2-16c8-11ed-9b5f-1234bde3cd05,US
085839df-16c8-11ed-9b5f-1234bde3cd05,US
08583e19-16c8-11ed-9b5f-1234bde3cd05,US
0858426a-16c8-11ed-9b5f-1234bde3cd05,US
08584637-16c8-11ed-9b5f-1234bde3cd05,US
08584a10-16c8-11ed-9b5f-1234bde3cd05,US
08585932-16c8-11ed-9b5f-1234bde3cd05,US
08585dab-16c8-11ed-9b5f-1234bde3cd05,US
085861a4-16c8-11ed-9b5f-1234bde3cd05,US
08586575-16c8-11ed-9b5f-1234bde3cd05,US
08586a4d-16c8-11ed-9b5f-1234bde3cd05,US
08586e60-16c8-11ed-9b5f-1234bde3cd05,US
08664a70-16c8-11ed-9b5f-1234bde3cd05,US
08664edd-16c8-11ed-9b5f-1234bde3cd05,US
086e034d-16c8-11ed-9b5f-1234bde3cd05,US
086e0cdd-16c8-11ed-9b5f-1234bde3cd05,US
086e1092-16c8-11ed-9b5f-1234bde3cd05,US
086e1457-16c8-11ed-9b5f-1234bde3cd05,US
086e1834-16c8-11ed-9b5f-1234bde3cd05,US
086e1c02-16c8-11ed-9b5f-1234bde3cd05,US
086e1fa6-16c8-11ed-9b5f-1234bde3cd05,US
086e248c-16c8-11ed-9b5f-1234bde3cd05,US
086e2ca9-16c8-11ed-9b5f-1234bde3cd05,US
086e30db-16c8-11ed-9b5f-1234bde3cd05,US
086e3846-16c8-11ed-9b5f-1234bde3cd05,US
086e3c87-16c8-11ed-9b5f-1234bde3cd05,US
086e40f3-16c8-11ed-9b5f-1234bde3cd05,US
086e476c-16c8-11ed-9b5f-1234bde3cd05,US
086e4c70-16c8-11ed-9b5f-1234bde3cd05,US
086e50c9-16c8-11ed-9b5f-1234bde3cd05,US
086e549a-16c8-11ed-9b5f-1234bde3cd05,US
086e5965-16c8-11ed-9b5f-1234bde3cd05,US
086e5db8-16c8-11ed-9b5f-1234bde3cd05,US
086e7502-16c8-11ed-9b5f-1234bde3cd05,US
086e7c34-16c8-11ed-9b5f-1234bde3cd05,US
086e85d9-16c8-11ed-9b5f-1234bde3cd05,US
086e8a1b-16c8-11ed-9b5f-1234bde3cd05,US
086e8efc-16c8-11ed-9b5f-1234bde3cd05,US
086e92c4-16c8-11ed-9b5f-1234bde3cd05,US
086e9678-16c8-11ed-9b5f-1234bde3cd05,US
086e9a58-16c8-11ed-9b5f-1234bde3cd05,US
086e9e39-16c8-11ed-9b5f-1234bde3cd05,US
086ea249-16c8-11ed-9b5f-1234bde3cd05,US
086eb5b0-16c8-11ed-9b5f-1234bde3cd05,US
086eb9ea-16c8-11ed-9b5f-1234bde3cd05,US
086ebe0b-16c8-11ed-9b5f-1234bde3cd05,US
086ec486-16c8-11ed-9b5f-1234bde3cd05,US
086ed17f-16c8-11ed-9b5f-1234bde3cd05,US
086ed7d0-16c8-11ed-9b5f-1234bde3cd05,US
086ee86f-16c8-11ed-9b5f-1234bde3cd05,US
086eec84-16c8-11ed-9b5f-1234bde3cd05,US
086ef0a4-16c8-11ed-9b5f-1234bde3cd05,US
086ef615-16c8-11ed-9b5f-1234bde3cd05,US
086efa36-16c8-11ed-9b5f-1234bde3cd05,US
086efe84-16c8-11ed-9b5f-1234bde3cd05,US
086f0348-16c8-11ed-9b5f-1234bde3cd05,US
086f0720-16c8-11ed-9b5f-1234bde3cd05,US
086f0b30-16c8-11ed-9b5f-1234bde3cd05,US
086f0f67-16c8-11ed-9b5f-1234bde3cd05,US
086f1c15-16c8-11ed-9b5f-1234bde3cd05,US
086f2184-16c8-11ed-9b5f-1234bde3cd05,US
086f3455-16c8-11ed-9b5f-1234bde3cd05,US
086f3887-16c8-11ed-9b5f-1234bde3cd05,US
086f3c6f-16c8-11ed-9b5f-1234bde3cd05,US
086f406e-16c8-11ed-9b5f-1234bde3cd05,US
086f44be-16c8-11ed-9b5f-1234bde3cd05,US
086f48b7-16c8-11ed-9b5f-1234bde3cd05,US
086f4c97-16c8-11ed-9b5f-1234bde3cd05,US
086f5698-16c8-11ed-9b5f-1234bde3cd05,US
086f5cf2-16c8-11ed-9b5f-1234bde3cd05,US
086f60f8-16c8-11ed-9b5f-1234bde3cd05,US
086f64e3-16c8-11ed-9b5f-1234bde3cd05,US
086f68ed-16c8-11ed-9b5f-1234bde3cd05,US
086f6dda-16c8-11ed-9b5f-1234bde3cd05,US
086f71f0-16c8-11ed-9b5f-1234bde3cd05,US
086f7609-16c8-11ed-9b5f-1234bde3cd05,US
086f847d-16c8-11ed-9b5f-1234bde3cd05,US
086f8882-16c8-11ed-9b5f-1234bde3cd05,US
086f8cb0-16c8-11ed-9b5f-1234bde3cd05,US
086f912b-16c8-11ed-9b5f-1234bde3cd05,US
086f956d-16c8-11ed-9b5f-1234bde3cd05,US
086f996f-16c8-11ed-9b5f-1234bde3cd05,US
086f9e11-16c8-11ed-9b5f-1234bde3cd05,US
086fa1f0-16c8-11ed-9b5f-1234bde3cd05,US
086fa5d2-16c8-11ed-9b5f-1234bde3cd05,US
086fa9bb-16c8-11ed-9b5f-1234bde3cd05,US
086fae6b-16c8-11ed-9b5f-1234bde3cd05,US
086fb269-16c8-11ed-9b5f-1234bde3cd05,US
086fb6f5-16c8-11ed-9b5f-1234bde3cd05,US
086fbb40-16c8-11ed-9b5f-1234bde3cd05,US
086fc03d-16c8-11ed-9b5f-1234bde3cd05,US
086fc921-16c8-11ed-9b5f-1234bde3cd05,US
086fcd2d-16c8-11ed-9b5f-1234bde3cd05,US
087c1f95-16c8-11ed-9b5f-1234bde3cd05,US
087c2493-16c8-11ed-9b5f-1234bde3cd05,US
087c2905-16c8-11ed-9b5f-1234bde3cd05,US
087c2d3c-16c8-11ed-9b5f-1234bde3cd05,US
087c3a95-16c8-11ed-9b5f-1234bde3cd05,US
087c3ef2-16c8-11ed-9b5f-1234bde3cd05,US
087f5738-16c8-11ed-9b5f-1234bde3cd05,US
087f5bf9-16c8-11ed-9b5f-1234bde3cd05,US
087f6095-16c8-11ed-9b5f-1234bde3cd05,US
087f6471-16c8-11ed-9b5f-1234bde3cd05,US
087f68d3-16c8-11ed-9b5f-1234bde3cd05,US
087f6cbe-16c8-11ed-9b5f-1234bde3cd05,US
087f717d-16c8-11ed-9b5f-1234bde3cd05,US
087f7505-16c8-11ed-9b5f-1234bde3cd05,US
087f7894-16c8-11ed-9b5f-1234bde3cd05,US
087f819a-16c8-11ed-9b5f-1234bde3cd05,US
087f85f3-16c8-11ed-9b5f-1234bde3cd05,US
087f8a7d-16c8-11ed-9b5f-1234bde3cd05,US
087f974b-16c8-11ed-9b5f-1234bde3cd05,GB
087fa005-16c8-11ed-9b5f-1234bde3cd05,US
087fa450-16c8-11ed-9b5f-1234bde3cd05,US
087fb655-16c8-11ed-9b5f-1234bde3cd05,US
087fbb98-16c8-11ed-9b5f-1234bde3cd05,US
087fc04b-16c8-11ed-9b5f-1234bde3cd05,US
087fc5ac-16c8-11ed-9b5f-1234bde3cd05,US
087fc9b0-16c8-11ed-9b5f-1234bde3cd05,US
087fd8b3-16c8-11ed-9b5f-1234bde3cd05,US
087fe103-16c8-11ed-9b5f-1234bde3cd05,US
087fe5e1-16c8-11ed-9b5f-1234bde3cd05,US
087ff8a4-16c8-11ed-9b5f-1234bde3cd05,US
087ffcf4-16c8-11ed-9b5f-1234bde3cd05,US
08800133-16c8-11ed-9b5f-1234bde3cd05,US
088005c9-16c8-11ed-9b5f-1234bde3cd05,US
08800e47-16c8-11ed-9b5f-1234bde3cd05,US
0880195f-16c8-11ed-9b5f-1234bde3cd05,US
08801d32-16c8-11ed-9b5f-1234bde3cd05,US
08802153-16c8-11ed-9b5f-1234bde3cd05,US
08802605-16c8-11ed-9b5f-1234bde3cd05,US
08802b57-16c8-11ed-9b5f-1234bde3cd05,US
08802f73-16c8-11ed-9b5f-1234bde3cd05,US
08803372-16c8-11ed-9b5f-1234bde3cd05,US
08803844-16c8-11ed-9b5f-1234bde3cd05,US
08803d9c-16c8-11ed-9b5f-1234bde3cd05,US
088041b4-16c8-11ed-9b5f-1234bde3cd05,US
088045c0-16c8-11ed-9b5f-1234bde3cd05,US
08804990-16c8-11ed-9b5f-1234bde3cd05,US
08804d6e-16c8-11ed-9b5f-1234bde3cd05,US
088052ab-16c8-11ed-9b5f-1234bde3cd05,US
08805710-16c8-11ed-9b5f-1234bde3cd05,US
08805fd5-16c8-11ed-9b5f-1234bde3cd05,US
08806ba9-16c8-11ed-9b5f-1234bde3cd05,US
08806f9e-16c8-11ed-9b5f-1234bde3cd05,US
0880742c-16c8-11ed-9b5f-1234bde3cd05,US
088078dc-16c8-11ed-9b5f-1234bde3cd05,US
08807cc6-16c8-11ed-9b5f-1234bde3cd05,US
08808110-16c8-11ed-9b5f-1234bde3cd05,US
088084f3-16c8-11ed-9b5f-1234bde3cd05,US
08808ebf-16c8-11ed-9b5f-1234bde3cd05,US
088092da-16c8-11ed-9b5f-1234bde3cd05,US
088096ec-16c8-11ed-9b5f-1234bde3cd05,US
08809aeb-16c8-11ed-9b5f-1234bde3cd05,US
08809f29-16c8-11ed-9b5f-1234bde3cd05,US
0880a2dd-16c8-11ed-9b5f-1234bde3cd05,US
0880a6a1-16c8-11ed-9b5f-1234bde3cd05,US
0880aa58-16c8-11ed-9b5f-1234bde3cd05,US
0880ae2f-16c8-11ed-9b5f-1234bde3cd05,US
089ad797-16c8-11ed-9b5f-1234bde3cd05,RU
08f28721-16c8-11ed-9b5f-1234bde3cd05,US
08f28d33-16c8-11ed-9b5f-1234bde3cd05,US
08f29235-16c8-11ed-9b5f-1234bde3cd05,US
08f296a6-16c8-11ed-9b5f-1234bde3cd05,US
08f29abc-16c8-11ed-9b5f-1234bde3cd05,NZ
08f29ff5-16c8-11ed-9b5f-1234bde3cd05,US
08f2a745-16c8-11ed-9b5f-1234bde3cd05,US
08f2ac40-16c8-11ed-9b5f-1234bde3cd05,US
08f2b088-16c8-11ed-9b5f-1234bde3cd05,US
08f2b549-16c8-11ed-9b5f-1234bde3cd05,US
08f2b98a-16c8-11ed-9b5f-1234bde3cd05,US
08f2bdee-16c8-11ed-9b5f-1234bde3cd05,US
08f2c271-16c8-11ed-9b5f-1234bde3cd05,US
08f2c769-16c8-11ed-9b5f-1234bde3cd05,US
08f2cb61-16c8-11ed-9b5f-1234bde3cd05,US
08f2cf79-16c8-11ed-9b5f-1234bde3cd05,US
08f2d396-16c8-11ed-9b5f-1234bde3cd05,US
08f2ecb4-16c8-11ed-9b5f-1234bde3cd05,US
08f2f136-16c8-11ed-9b5f-1234bde3cd05,US
08f3034d-16c8-11ed-9b5f-1234bde3cd05,US
08f307ac-16c8-11ed-9b5f-1234bde3cd05,US
08f30c00-16c8-11ed-9b5f-1234bde3cd05,US
08f312ac-16c8-11ed-9b5f-1234bde3cd05,US
08f316fd-16c8-11ed-9b5f-1234bde3cd05,US
08f31b3e-16c8-11ed-9b5f-1234bde3cd05,US
08f32d4b-16c8-11ed-9b5f-1234bde3cd05,US
08f33186-16c8-11ed-9b5f-1234bde3cd05,US
08f338e7-16c8-11ed-9b5f-1234bde3cd05,US
08f34983-16c8-11ed-9b5f-1234bde3cd05,US
08f34d99-16c8-11ed-9b5f-1234bde3cd05,US
08f3519e-16c8-11ed-9b5f-1234bde3cd05,US
09012dd8-16c8-11ed-9b5f-1234bde3cd05,US
090132b1-16c8-11ed-9b5f-1234bde3cd05,US
0901371c-16c8-11ed-9b5f-1234bde3cd05,US
09013cdc-16c8-11ed-9b5f-1234bde3cd05,US
0901501a-16c8-11ed-9b5f-1234bde3cd05,US
0901591e-16c8-11ed-9b5f-1234bde3cd05,US
09015d69-16c8-11ed-9b5f-1234bde3cd05,US
090164c5-16c8-11ed-9b5f-1234bde3cd05,US
0901693f-16c8-11ed-9b5f-1234bde3cd05,US
09016da6-16c8-11ed-9b5f-1234bde3cd05,US
093121fa-16c8-11ed-9b5f-1234bde3cd05,US
09312708-16c8-11ed-9b5f-1234bde3cd05,US
09312bc6-16c8-11ed-9b5f-1234bde3cd05,US
09313257-16c8-11ed-9b5f-1234bde3cd05,US
09313b92-16c8-11ed-9b5f-1234bde3cd05,US
09313fae-16c8-11ed-9b5f-1234bde3cd05,US
093143eb-16c8-11ed-9b5f-1234bde3cd05,US
093148d1-16c8-11ed-9b5f-1234bde3cd05,US
09442bf0-16c8-11ed-9b5f-1234bde3cd05,US
09443164-16c8-11ed-9b5f-1234bde3cd05,US
094f1158-16c8-11ed-9b5f-1234bde3cd05,US
094f28cf-16c8-11ed-9b5f-1234bde3cd05,US
094f2da4-16c8-11ed-9b5f-1234bde3cd05,US
094f32d8-16c8-11ed-9b5f-1234bde3cd05,US
094f37f8-16c8-11ed-9b5f-1234bde3cd05,US
094f428d-16c8-11ed-9b5f-1234bde3cd05,US
094f46d4-16c8-11ed-9b5f-1234bde3cd05,US
094f4b5b-16c8-11ed-9b5f-1234bde3cd05,US
094f4fa1-16c8-11ed-9b5f-1234bde3cd05,US
094f5639-16c8-11ed-9b5f-1234bde3cd05,US
094f5a53-16c8-11ed-9b5f-1234bde3cd05,US
094f5f45-16c8-11ed-9b5f-1234bde3cd05,US
094f6939-16c8-11ed-9b5f-1234bde3cd05,US
094f6da3-16c8-11ed-9b5f-1234bde3cd05,US
094f71ec-16c8-11ed-9b5f-1234bde3cd05,US
094f760a-16c8-11ed-9b5f-1234bde3cd05,US
094f7e3c-16c8-11ed-9b5f-1234bde3cd05,US
094f8300-16c8-11ed-9b5f-1234bde3cd05,US
094f8720-16c8-11ed-9b5f-1234bde3cd05,US
094f9523-16c8-11ed-9b5f-1234bde3cd05,US
094f99d2-16c8-11ed-9b5f-1234bde3cd05,US
094f9df1-16c8-11ed-9b5f-1234bde3cd05,US
094fa1f4-16c8-11ed-9b5f-1234bde3cd05,US
094fab6c-16c8-11ed-9b5f-1234bde3cd05,US
094fb0d7-16c8-11ed-9b5f-1234bde3cd05,US
094fb6ad-16c8-11ed-9b5f-1234bde3cd05,US
094fc452-16c8-11ed-9b5f-1234bde3cd05,US
094fcdb1-16c8-11ed-9b5f-1234bde3cd05,US
094fd1be-16c8-11ed-9b5f-1234bde3cd05,US
094fd6a2-16c8-11ed-9b5f-1234bde3cd05,US
094fdaca-16c8-11ed-9b5f-1234bde3cd05,US
094fdebd-16c8-11ed-9b5f-1234bde3cd05,US
094fe3b7-16c8-11ed-9b5f-1234bde3cd05,US
094fe7fb-16c8-11ed-9b5f-1234bde3cd05,US
094fef70-16c8-11ed-9b5f-1234bde3cd05,US
094ff345-16c8-11ed-9b5f-1234bde3cd05,US
094ff79f-16c8-11ed-9b5f-1234bde3cd05,US
094ffb2e-16c8-11ed-9b5f-1234bde3cd05,US
094ffeea-16c8-11ed-9b5f-1234bde3cd05,US
095002c7-16c8-11ed-9b5f-1234bde3cd05,US
0950067d-16c8-11ed-9b5f-1234bde3cd05,US
09500b3d-16c8-11ed-9b5f-1234bde3cd05,US
09500ec9-16c8-11ed-9b5f-1234bde3cd05,US
09501302-16c8-11ed-9b5f-1234bde3cd05,US
095018df-16c8-11ed-9b5f-1234bde3cd05,US
0950223c-16c8-11ed-9b5f-1234bde3cd05,US
095026ce-16c8-11ed-9b5f-1234bde3cd05,US
09502ac6-16c8-11ed-9b5f-1234bde3cd05,US
09502eb4-16c8-11ed-9b5f-1234bde3cd05,US
095032d4-16c8-11ed-9b5f-1234bde3cd05,US
0950370c-16c8-11ed-9b5f-1234bde3cd05,US
09503b12-16c8-11ed-9b5f-1234bde3cd05,US
09503fbc-16c8-11ed-9b5f-1234bde3cd05,US
095043fa-16c8-11ed-9b5f-1234bde3cd05,US
095047a3-16c8-11ed-9b5f-1234bde3cd05,US
09504b52-16c8-11ed-9b5f-1234bde3cd05,US
09504f29-16c8-11ed-9b5f-1234bde3cd05,US
095053b2-16c8-11ed-9b5f-1234bde3cd05,US
095057ab-16c8-11ed-9b5f-1234bde3cd05,US
09505cb9-16c8-11ed-9b5f-1234bde3cd05,US
095061a4-16c8-11ed-9b5f-1234bde3cd05,US
09506662-16c8-11ed-9b5f-1234bde3cd05,US
095079f8-16c8-11ed-9b5f-1234bde3cd05,US
09507deb-16c8-11ed-9b5f-1234bde3cd05,US
09508216-16c8-11ed-9b5f-1234bde3cd05,US
09508771-16c8-11ed-9b5f-1234bde3cd05,US
09508cb5-16c8-11ed-9b5f-1234bde3cd05,US
0950910c-16c8-11ed-9b5f-1234bde3cd05,US
0950957b-16c8-11ed-9b5f-1234bde3cd05,US
09509a03-16c8-11ed-9b5f-1234bde3cd05,US
09509f5d-16c8-11ed-9b5f-1234bde3cd05,US
0950a38c-16c8-11ed-9b5f-1234bde3cd05,US
0950a717-16c8-11ed-9b5f-1234bde3cd05,FR
0950ac67-16c8-11ed-9b5f-1234bde3cd05,BE
0950afc3-16c8-11ed-9b5f-1234bde3cd05,GB
0950b2e1-16c8-11ed-9b5f-1234bde3cd05,GB
0950bc3d-16c8-11ed-9b5f-1234bde3cd05,US
0950ceaf-16c8-11ed-9b5f-1234bde3cd05,US
0950d3d8-16c8-11ed-9b5f-1234bde3cd05,US
0950d825-16c8-11ed-9b5f-1234bde3cd05,US
0950e652-16c8-11ed-9b5f-1234bde3cd05,US
0950eaad-16c8-11ed-9b5f-1234bde3cd05,US
0950ef52-16c8-11ed-9b5f-1234bde3cd05,US
0950f435-16c8-11ed-9b5f-1234bde3cd05,US
0950f91b-16c8-11ed-9b5f-1234bde3cd05,US
0950fd31-16c8-11ed-9b5f-1234bde3cd05,US
0951012b-16c8-11ed-9b5f-1234bde3cd05,US
0951054e-16c8-11ed-9b5f-1234bde3cd05,US
0951095a-16c8-11ed-9b5f-1234bde3cd05,US
09510d67-16c8-11ed-9b5f-1234bde3cd05,US
0951115f-16c8-11ed-9b5f-1234bde3cd05,US
09511652-16c8-11ed-9b5f-1234bde3cd05,US
09511a5f-16c8-11ed-9b5f-1234bde3cd05,US
09511fa7-16c8-11ed-9b5f-1234bde3cd05,US
0951241a-16c8-11ed-9b5f-1234bde3cd05,US
09512760-16c8-11ed-9b5f-1234bde3cd05,DE
09512b35-16c8-11ed-9b5f-1234bde3cd05,US
09512f3f-16c8-11ed-9b5f-1234bde3cd05,US
0951334b-16c8-11ed-9b5f-1234bde3cd05,US
0951421f-16c8-11ed-9b5f-1234bde3cd05,US
095148f6-16c8-11ed-9b5f-1234bde3cd05,US
09514ce7-16c8-11ed-9b5f-1234bde3cd05,US
09515121-16c8-11ed-9b5f-1234bde3cd05,US
09515583-16c8-11ed-9b5f-1234bde3cd05,US
09515955-16c8-11ed-9b5f-1234bde3cd05,US
09515d10-16c8-11ed-9b5f-1234bde3cd05,US
095160ed-16c8-11ed-9b5f-1234bde3cd05,US
09516510-16c8-11ed-9b5f-1234bde3cd05,US
09516995-16c8-11ed-9b5f-1234bde3cd05,US
09516e02-16c8-11ed-9b5f-1234bde3cd05,US
09517fb5-16c8-11ed-9b5f-1234bde3cd05,US
0951841f-16c8-11ed-9b5f-1234bde3cd05,US
09519bd0-16c8-11ed-9b5f-1234bde3cd05,US
0951a298-16c8-11ed-9b5f-1234bde3cd05,US
0951a6b6-16c8-11ed-9b5f-1234bde3cd05,US
0951aafd-16c8-11ed-9b5f-1234bde3cd05,US
0951bc15-16c8-11ed-9b5f-1234bde3cd05,US
0951c3b7-16c8-11ed-9b5f-1234bde3cd05,US
0951c7cf-16c8-11ed-9b5f-1234bde3cd05,US
0951cbf2-16c8-11ed-9b5f-1234bde3cd05,US
0951d0d8-16c8-11ed-9b5f-1234bde3cd05,US
0951d4c3-16c8-11ed-9b5f-1234bde3cd05,US
0951d938-16c8-11ed-9b5f-1234bde3cd05,US
09567b62-16c8-11ed-9b5f-1234bde3cd05,US
09567fd5-16c8-11ed-9b5f-1234bde3cd05,US
095683d7-16c8-11ed-9b5f-1234bde3cd05,US
095687e5-16c8-11ed-9b5f-1234bde3cd05,US
0956953b-16c8-11ed-9b5f-1234bde3cd05,US
09569993-16c8-11ed-9b5f-1234bde3cd05,US
0956a63e-16c8-11ed-9b5f-1234bde3cd05,US
0956aa5d-16c8-11ed-9b5f-1234bde3cd05,US
0956ae22-16c8-11ed-9b5f-1234bde3cd05,US
0956b1fc-16c8-11ed-9b5f-1234bde3cd05,US
0956b5e7-16c8-11ed-9b5f-1234bde3cd05,US
0956badb-16c8-11ed-9b5f-1234bde3cd05,US
0956bf33-16c8-11ed-9b5f-1234bde3cd05,US
0956ccd6-16c8-11ed-9b5f-1234bde3cd05,US
0956d0c8-16c8-11ed-9b5f-1234bde3cd05,US
0956d535-16c8-11ed-9b5f-1234bde3cd05,US
0956dbec-16c8-11ed-9b5f-1234bde3cd05,US
0956e02b-16c8-11ed-9b5f-1234bde3cd05,US
096333e5-16c8-11ed-9b5f-1234bde3cd05,US
09633833-16c8-11ed-9b5f-1234bde3cd05,US
09633c95-16c8-11ed-9b5f-1234bde3cd05,US
096341ce-16c8-11ed-9b5f-1234bde3cd05,US
096350da-16c8-11ed-9b5f-1234bde3cd05,US
09635566-16c8-11ed-9b5f-1234bde3cd05,US
09635989-16c8-11ed-9b5f-1234bde3cd05,US
09635dd8-16c8-11ed-9b5f-1234bde3cd05,US
096362ba-16c8-11ed-9b5f-1234bde3cd05,US
0964f332-16c8-11ed-9b5f-1234bde3cd05,US
0964f81d-16c8-11ed-9b5f-1234bde3cd05,US
09650067-16c8-11ed-9b5f-1234bde3cd05,US
0965044d-16c8-11ed-9b5f-1234bde3cd05,US
09651302-16c8-11ed-9b5f-1234bde3cd05,US
096517b2-16c8-11ed-9b5f-1234bde3cd05,US
09651ccb-16c8-11ed-9b5f-1234bde3cd05,US
096520f9-16c8-11ed-9b5f-1234bde3cd05,US
09652644-16c8-11ed-9b5f-1234bde3cd05,US
09653316-16c8-11ed-9b5f-1234bde3cd05,US
0965372c-16c8-11ed-9b5f-1234bde3cd05,US
09653bba-16c8-11ed-9b5f-1234bde3cd05,US
09653fba-16c8-11ed-9b5f-1234bde3cd05,US
0965437c-16c8-11ed-9b5f-1234bde3cd05,US
0969e6f3-16c8-11ed-9b5f-1234bde3cd05,US
0969ed9b-16c8-11ed-9b5f-1234bde3cd05,US
0969f563-16c8-11ed-9b5f-1234bde3cd05,US
096a055a-16c8-11ed-9b5f-1234bde3cd05,US
096a0a06-16c8-11ed-9b5f-1234bde3cd05,US
096a0e71-16c8-11ed-9b5f-1234bde3cd05,US
096a1289-16c8-11ed-9b5f-1234bde3cd05,US
096a1694-16c8-11ed-9b5f-1234bde3cd05,US
096a1aa8-16c8-11ed-9b5f-1234bde3cd05,US
096a1f4b-16c8-11ed-9b5f-1234bde3cd05,US
096a235d-16c8-11ed-9b5f-1234bde3cd05,US
096a28df-16c8-11ed-9b5f-1234bde3cd05,US
096a2ef3-16c8-11ed-9b5f-1234bde3cd05,US
096a3345-16c8-11ed-9b5f-1234bde3cd05,US
096a3799-16c8-11ed-9b5f-1234bde3cd05,US
096a3c44-16c8-11ed-9b5f-1234bde3cd05,US
096a407c-16c8-11ed-9b5f-1234bde3cd05,US
096a4b9f-16c8-11ed-9b5f-1234bde3cd05,US
096a4fb7-16c8-11ed-9b5f-1234bde3cd05,US
096a5442-16c8-11ed-9b5f-1234bde3cd05,US
096a596e-16c8-11ed-9b5f-1234bde3cd05,US
096a5d5e-16c8-11ed-9b5f-1234bde3cd05,US
096a60e7-16c8-11ed-9b5f-1234bde3cd05,FI
096a6547-16c8-11ed-9b5f-1234bde3cd05,US
096a695e-16c8-11ed-9b5f-1234bde3cd05,US
096a6d36-16c8-11ed-9b5f-1234bde3cd05,US
096a7a26-16c8-11ed-9b5f-1234bde3cd05,US
096a7e7b-16c8-11ed-9b5f-1234bde3cd05,US
096a82a1-16c8-11ed-9b5f-1234bde3cd05,US
096a8698-16c8-11ed-9b5f-1234bde3cd05,US
096a8a56-16c8-11ed-9b5f-1234bde3cd05,US
096a900f-16c8-11ed-9b5f-1234bde3cd05,US
096a9466-16c8-11ed-9b5f-1234bde3cd05,US
096a998f-16c8-11ed-9b5f-1234bde3cd05,US
096a9dab-16c8-11ed-9b5f-1234bde3cd05,US
096aa111-16c8-11ed-9b5f-1234bde3cd05,US
096aaf79-16c8-11ed-9b5f-1234bde3cd05,US
096ab753-16c8-11ed-9b5f-1234bde3cd05,US
096abff0-16c8-11ed-9b5f-1234bde3cd05,US
096ac41e-16c8-11ed-9b5f-1234bde3cd05,US
096ac806-16c8-11ed-9b5f-1234bde3cd05,US
096acc06-16c8-11ed-9b5f-1234bde3cd05,US
096ad1c1-16c8-11ed-9b5f-1234bde3cd05,US
096ad5ec-16c8-11ed-9b5f-1234bde3cd05,US
096adac5-16c8-11ed-9b5f-1234bde3cd05,US
096adf25-16c8-11ed-9b5f-1234bde3cd05,US
096ae37d-16c8-11ed-9b5f-1234bde3cd05,US
097735ee-16c8-11ed-9b5f-1234bde3cd05,US
09773a65-16c8-11ed-9b5f-1234bde3cd05,US
09773f3d-16c8-11ed-9b5f-1234bde3cd05,US
097746bb-16c8-11ed-9b5f-1234bde3cd05,US
09775bb1-16c8-11ed-9b5f-1234bde3cd05,US
09775fff-16c8-11ed-9b5f-1234bde3cd05,US
0977640e-16c8-11ed-9b5f-1234bde3cd05,US
09776eb1-16c8-11ed-9b5f-1234bde3cd05,US
097774c7-16c8-11ed-9b5f-1234bde3cd05,US
097c1874-16c8-11ed-9b5f-1234bde3cd05,US
097c1c9e-16c8-11ed-9b5f-1234bde3cd05,US
097c2266-16c8-11ed-9b5f-1234bde3cd05,US
097c286a-16c8-11ed-9b5f-1234bde3cd05,US
097c3018-16c8-11ed-9b5f-1234bde3cd05,US
097c3434-16c8-11ed-9b5f-1234bde3cd05,US
097c37f1-16c8-11ed-9b5f-1234bde3cd05,US
097c3bcd-16c8-11ed-9b5f-1234bde3cd05,US
097c4919-16c8-11ed-9b5f-1234bde3cd05,US
097c52e5-16c8-11ed-9b5f-1234bde3cd05,US
097c56d1-16c8-11ed-9b5f-1234bde3cd05,US
097c5ae0-16c8-11ed-9b5f-1234bde3cd05,US
097c5f8d-16c8-11ed-9b5f-1234bde3cd05,US
097c6d83-16c8-11ed-9b5f-1234bde3cd05,US
097c719e-16c8-11ed-9b5f-1234bde3cd05,US
097c75a6-16c8-11ed-9b5f-1234bde3cd05,US
097c7a06-16c8-11ed-9b5f-1234bde3cd05,US
097c806d-16c8-11ed-9b5f-1234bde3cd05,US
097c8645-16c8-11ed-9b5f-1234bde3cd05,US
097c8a78-16c8-11ed-9b5f-1234bde3cd05,US
097c8fb5-16c8-11ed-9b5f-1234bde3cd05,US
097cb5a0-16c8-11ed-9b5f-1234bde3cd05,US
097cb9e1-16c8-11ed-9b5f-1234bde3cd05,US
097cbdd3-16c8-11ed-9b5f-1234bde3cd05,US
097cc1df-16c8-11ed-9b5f-1234bde3cd05,US
097cd190-16c8-11ed-9b5f-1234bde3cd05,US
097cd641-16c8-11ed-9b5f-1234bde3cd05,US
097cda30-16c8-11ed-9b5f-1234bde3cd05,US
097cdedf-16c8-11ed-9b5f-1234bde3cd05,US
097ce333-16c8-11ed-9b5f-1234bde3cd05,US
097ce81c-16c8-11ed-9b5f-1234bde3cd05,US
097ced31-16c8-11ed-9b5f-1234bde3cd05,US
097d01bb-16c8-11ed-9b5f-1234bde3cd05,US
097d072b-16c8-11ed-9b5f-1234bde3cd05,US
097d0b7f-16c8-11ed-9b5f-1234bde3cd05,US
097d0f58-16c8-11ed-9b5f-1234bde3cd05,US
097d138b-16c8-11ed-9b5f-1234bde3cd05,US
097d17f9-16c8-11ed-9b5f-1234bde3cd05,US
0981bf0f-16c8-11ed-9b5f-1234bde3cd05,US
0981c334-16c8-11ed-9b5f-1234bde3cd05,US
0981c9e7-16c8-11ed-9b5f-1234bde3cd05,US
0994437f-16c8-11ed-9b5f-1234bde3cd05,US
09944816-16c8-11ed-9b5f-1234bde3cd05,US
09944c70-16c8-11ed-9b5f-1234bde3cd05,US
09945094-16c8-11ed-9b5f-1234bde3cd05,US
099458dd-16c8-11ed-9b5f-1234bde3cd05,US
09945d94-16c8-11ed-9b5f-1234bde3cd05,US
0994625b-16c8-11ed-9b5f-1234bde3cd05,US
099466fc-16c8-11ed-9b5f-1234bde3cd05,US
09947ee3-16c8-11ed-9b5f-1234bde3cd05,US
09948379-16c8-11ed-9b5f-1234bde3cd05,US
099488ef-16c8-11ed-9b5f-1234bde3cd05,US
09948d33-16c8-11ed-9b5f-1234bde3cd05,US
0994915d-16c8-11ed-9b5f-1234bde3cd05,US
0994a0ad-16c8-11ed-9b5f-1234bde3cd05,US
0994a51a-16c8-11ed-9b5f-1234bde3cd05,US
0994a947-16c8-11ed-9b5f-1234bde3cd05,US
0994ad70-16c8-11ed-9b5f-1234bde3cd05,US
0994b1e1-16c8-11ed-9b5f-1234bde3cd05,US
0994bb38-16c8-11ed-9b5f-1234bde3cd05,US
0994c08f-16c8-11ed-9b5f-1234bde3cd05,US
0994c4af-16c8-11ed-9b5f-1234bde3cd05,US
0994caac-16c8-11ed-9b5f-1234bde3cd05,US
0994da54-16c8-11ed-9b5f-1234bde3cd05,US
0994ec91-16c8-11ed-9b5f-1234bde3cd05,US
0994fb92-16c8-11ed-9b5f-1234bde3cd05,US
099503f5-16c8-11ed-9b5f-1234bde3cd05,US
099508d4-16c8-11ed-9b5f-1234bde3cd05,US
09951ad1-16c8-11ed-9b5f-1234bde3cd05,US
099521ba-16c8-11ed-9b5f-1234bde3cd05,US
09952633-16c8-11ed-9b5f-1234bde3cd05,US
09952a4c-16c8-11ed-9b5f-1234bde3cd05,US
09953787-16c8-11ed-9b5f-1234bde3cd05,US
09953bfc-16c8-11ed-9b5f-1234bde3cd05,US
0995402d-16c8-11ed-9b5f-1234bde3cd05,US
099546ac-16c8-11ed-9b5f-1234bde3cd05,US
09954af5-16c8-11ed-9b5f-1234bde3cd05,US
09954efe-16c8-11ed-9b5f-1234bde3cd05,US
099553de-16c8-11ed-9b5f-1234bde3cd05,US
0995582f-16c8-11ed-9b5f-1234bde3cd05,US
09955c01-16c8-11ed-9b5f-1234bde3cd05,US
09955ffe-16c8-11ed-9b5f-1234bde3cd05,US
0995640a-16c8-11ed-9b5f-1234bde3cd05,US
099569b3-16c8-11ed-9b5f-1234bde3cd05,US
099574be-16c8-11ed-9b5f-1234bde3cd05,US
09957a31-16c8-11ed-9b5f-1234bde3cd05,US
09957e49-16c8-11ed-9b5f-1234bde3cd05,US
0995832a-16c8-11ed-9b5f-1234bde3cd05,US
0995894a-16c8-11ed-9b5f-1234bde3cd05,US
0995990c-16c8-11ed-9b5f-1234bde3cd05,US
09959df2-16c8-11ed-9b5f-1234bde3cd05,US
0995afca-16c8-11ed-9b5f-1234bde3cd05,US
0995b406-16c8-11ed-9b5f-1234bde3cd05,US
0995bdc8-16c8-11ed-9b5f-1234bde3cd05,US
0995c1dc-16c8-11ed-9b5f-1234bde3cd05,US
0995c5d3-16c8-11ed-9b5f-1234bde3cd05,US
0995c9f5-16c8-11ed-9b5f-1234bde3cd05,US
09975af0-16c8-11ed-9b5f-1234bde3cd05,US
0998f44c-16c8-11ed-9b5f-1234bde3cd05,US
099900f7-16c8-11ed-9b5f-1234bde3cd05,US
0999052d-16c8-11ed-9b5f-1234bde3cd05,US
0999096a-16c8-11ed-9b5f-1234bde3cd05,US
09990d7f-16c8-11ed-9b5f-1234bde3cd05,US
0999116e-16c8-11ed-9b5f-1234bde3cd05,US
099921a6-16c8-11ed-9b5f-1234bde3cd05,US
099925ff-16c8-11ed-9b5f-1234bde3cd05,US
099929cc-16c8-11ed-9b5f-1234bde3cd05,US
09992d9c-16c8-11ed-9b5f-1234bde3cd05,US
09c75891-16c8-11ed-9b5f-1234bde3cd05,US
09c76126-16c8-11ed-9b5f-1234bde3cd05,US
09c765f4-16c8-11ed-9b5f-1234bde3cd05,US
09c76be1-16c8-11ed-9b5f-1234bde3cd05,US
09c77082-16c8-11ed-9b5f-1234bde3cd05,US
09c774c0-16c8-11ed-9b5f-1234bde3cd05,US
09c7793b-16c8-11ed-9b5f-1234bde3cd05,US
09c78dd9-16c8-11ed-9b5f-1234bde3cd05,US
09c792a5-16c8-11ed-9b5f-1234bde3cd05,US
09c796c2-16c8-11ed-9b5f-1234bde3cd05,US
09c79f9e-16c8-11ed-9b5f-1234bde3cd05,US
09c7a3e3-16c8-11ed-9b5f-1234bde3cd05,US
09c7a82b-16c8-11ed-9b5f-1234bde3cd05,US
09c7b8ee-16c8-11ed-9b5f-1234bde3cd05,US
09c7be6b-16c8-11ed-9b5f-1234bde3cd05,US
09c7c29d-16c8-11ed-9b5f-1234bde3cd05,US
09c7c6cf-16c8-11ed-9b5f-1234bde3cd05,US
09c7cb10-16c8-11ed-9b5f-1234bde3cd05,US
09c7cf35-16c8-11ed-9b5f-1234bde3cd05,US
09c7dd4c-16c8-11ed-9b5f-1234bde3cd05,US
09c7e198-16c8-11ed-9b5f-1234bde3cd05,US
09c7f2d2-16c8-11ed-9b5f-1234bde3cd05,US
09c7f6d3-16c8-11ed-9b5f-1234bde3cd05,US
09c7fbc1-16c8-11ed-9b5f-1234bde3cd05,US
09c8002d-16c8-11ed-9b5f-1234bde3cd05,US
09c80dfd-16c8-11ed-9b5f-1234bde3cd05,US
09c811ce-16c8-11ed-9b5f-1234bde3cd05,US
09c8199f-16c8-11ed-9b5f-1234bde3cd05,US
09c8206d-16c8-11ed-9b5f-1234bde3cd05,US
09c824a8-16c8-11ed-9b5f-1234bde3cd05,US
09c82c2f-16c8-11ed-9b5f-1234bde3cd05,US
09c83854-16c8-11ed-9b5f-1234bde3cd05,US
09c83c70-16c8-11ed-9b5f-1234bde3cd05,US
09c8451e-16c8-11ed-9b5f-1234bde3cd05,US
09c84974-16c8-11ed-9b5f-1234bde3cd05,US
09c84db2-16c8-11ed-9b5f-1234bde3cd05,US
09c85228-16c8-11ed-9b5f-1234bde3cd05,US
09c85868-16c8-11ed-9b5f-1234bde3cd05,US
09c86a7a-16c8-11ed-9b5f-1234bde3cd05,US
09c86ee0-16c8-11ed-9b5f-1234bde3cd05,US
09c87327-16c8-11ed-9b5f-1234bde3cd05,US
09c88b93-16c8-11ed-9b5f-1234bde3cd05,US
09c88ffc-16c8-11ed-9b5f-1234bde3cd05,US
09c89430-16c8-11ed-9b5f-1234bde3cd05,US
09c89948-16c8-11ed-9b5f-1234bde3cd05,US
09c8a008-16c8-11ed-9b5f-1234bde3cd05,US
09c8a549-16c8-11ed-9b5f-1234bde3cd05,US
09c8a956-16c8-11ed-9b5f-1234bde3cd05,US
09c8add1-16c8-11ed-9b5f-1234bde3cd05,US
09c8b1fd-16c8-11ed-9b5f-1234bde3cd05,US
09c8b637-16c8-11ed-9b5f-1234bde3cd05,US
09c8bab7-16c8-11ed-9b5f-1234bde3cd05,US
09c8c19c-16c8-11ed-9b5f-1234bde3cd05,US
09c8c6c9-16c8-11ed-9b5f-1234bde3cd05,US
09cef46a-16c8-11ed-9b5f-1234bde3cd05,US
09cef855-16c8-11ed-9b5f-1234bde3cd05,US
09cefc2e-16c8-11ed-9b5f-1234bde3cd05,US
09cefffd-16c8-11ed-9b5f-1234bde3cd05,US
09cf03ac-16c8-11ed-9b5f-1234bde3cd05,US
09e17e12-16c8-11ed-9b5f-1234bde3cd05,US
09e182b3-16c8-11ed-9b5f-1234bde3cd05,US
09e187f7-16c8-11ed-9b5f-1234bde3cd05,US
09e18c89-16c8-11ed-9b5f-1234bde3cd05,US
09e19375-16c8-11ed-9b5f-1234bde3cd05,DE
09e197a1-16c8-11ed-9b5f-1234bde3cd05,US
09e19e20-16c8-11ed-9b5f-1234bde3cd05,US
09e1a667-16c8-11ed-9b5f-1234bde3cd05,US
09e1aac6-16c8-11ed-9b5f-1234bde3cd05,US
09e1aee4-16c8-11ed-9b5f-1234bde3cd05,US
09e1b326-16c8-11ed-9b5f-1234bde3cd05,US
09e1b834-16c8-11ed-9b5f-1234bde3cd05,US
09e1c53d-16c8-11ed-9b5f-1234bde3cd05,US
09e1d306-16c8-11ed-9b5f-1234bde3cd05,US
09e1d72e-16c8-11ed-9b5f-1234bde3cd05,US
09e1db5d-16c8-11ed-9b5f-1234bde3cd05,US
09e1f0fc-16c8-11ed-9b5f-1234bde3cd05,US
09e1ff5e-16c8-11ed-9b5f-1234bde3cd05,US
09e207e0-16c8-11ed-9b5f-1234bde3cd05,US
09e20c45-16c8-11ed-9b5f-1234bde3cd05,US
09e21042-16c8-11ed-9b5f-1234bde3cd05,US
09e2144a-16c8-11ed-9b5f-1234bde3cd05,US
09e22454-16c8-11ed-9b5f-1234bde3cd05,US
09e228d9-16c8-11ed-9b5f-1234bde3cd05,US
09e22d40-16c8-11ed-9b5f-1234bde3cd05,US
09e231ee-16c8-11ed-9b5f-1234bde3cd05,US
09e23651-16c8-11ed-9b5f-1234bde3cd05,US
09e23c23-16c8-11ed-9b5f-1234bde3cd05,US
09e246b0-16c8-11ed-9b5f-1234bde3cd05,US
09e24d0a-16c8-11ed-9b5f-1234bde3cd05,US
09e25130-16c8-11ed-9b5f-1234bde3cd05,US
09e25b17-16c8-11ed-9b5f-1234bde3cd05,US
0a9658c2-16c8-11ed-9b5f-1234bde3cd05,US
0a9972bf-16c8-11ed-9b5f-1234bde3cd05,US
0a997809-16c8-11ed-9b5f-1234bde3cd05,US
0a997c94-16c8-11ed-9b5f-1234bde3cd05,US
0a9982e0-16c8-11ed-9b5f-1234bde3cd05,US
0a998751-16c8-11ed-9b5f-1234bde3cd05,US
0a998bce-16c8-11ed-9b5f-1234bde3cd05,US
0a999058-16c8-11ed-9b5f-1234bde3cd05,US
0a99a115-16c8-11ed-9b5f-1234bde3cd05,US
0a99a78b-16c8-11ed-9b5f-1234bde3cd05,US
0a99abc0-16c8-11ed-9b5f-1234bde3cd05,US
0a99b038-16c8-11ed-9b5f-1234bde3cd05,US
0a99b4a4-16c8-11ed-9b5f-1234bde3cd05,US
0a99b90a-16c8-11ed-9b5f-1234bde3cd05,US
0a99bd57-16c8-11ed-9b5f-1234bde3cd05,US
0a99c17d-16c8-11ed-9b5f-1234bde3cd05,US
0a9fef3b-16c8-11ed-9b5f-1234bde3cd05,US
0a9ffedd-16c8-11ed-9b5f-1234bde3cd05,US
0aa0037e-16c8-11ed-9b5f-1234bde3cd05,US
0aa008a8-16c8-11ed-9b5f-1234bde3cd05,US
0aa00d78-16c8-11ed-9b5f-1234bde3cd05,US
0aa0137c-16c8-11ed-9b5f-1234bde3cd05,US
0aa01c88-16c8-11ed-9b5f-1234bde3cd05,US
0aa02a44-16c8-11ed-9b5f-1234bde3cd05,US
0aa02e85-16c8-11ed-9b5f-1234bde3cd05,US
0aa032ac-16c8-11ed-9b5f-1234bde3cd05,US
0aa036b9-16c8-11ed-9b5f-1234bde3cd05,US
0aa0460d-16c8-11ed-9b5f-1234bde3cd05,US
0aa04a0f-16c8-11ed-9b5f-1234bde3cd05,US
0aa04ed6-16c8-11ed-9b5f-1234bde3cd05,US
0aa05355-16c8-11ed-9b5f-1234bde3cd05,US
0aa05b64-16c8-11ed-9b5f-1234bde3cd05,US
0aa06be1-16c8-11ed-9b5f-1234bde3cd05,US
0aa074e0-16c8-11ed-9b5f-1234bde3cd05,US
0aa078f1-16c8-11ed-9b5f-1234bde3cd05,US
0aa08016-16c8-11ed-9b5f-1234bde3cd05,US
0aa08581-16c8-11ed-9b5f-1234bde3cd05,US
0aa09052-16c8-11ed-9b5f-1234bde3cd05,US
0aa0949d-16c8-11ed-9b5f-1234bde3cd05,US
0aa098c9-16c8-11ed-9b5f-1234bde3cd05,US
0aa09e47-16c8-11ed-9b5f-1234bde3cd05,US
0ab00509-16c8-11ed-9b5f-1234bde3cd05,US
0ab016f3-16c8-11ed-9b5f-1234bde3cd05,US
0ab01b66-16c8-11ed-9b5f-1234bde3cd05,US
0ab02ea2-16c8-11ed-9b5f-1234bde3cd05,US
0ab037aa-16c8-11ed-9b5f-1234bde3cd05,US
0ab03bd5-16c8-11ed-9b5f-1234bde3cd05,US
0ab03ff4-16c8-11ed-9b5f-1234bde3cd05,US
0ab04eef-16c8-11ed-9b5f-1234bde3cd05,US
0ab0534c-16c8-11ed-9b5f-1234bde3cd05,US
0ab1e1b1-16c8-11ed-9b5f-1234bde3cd05,US
0ab1e62c-16c8-11ed-9b5f-1234bde3cd05,US
0ab1ea44-16c8-11ed-9b5f-1234bde3cd05,US
0ab1ee16-16c8-11ed-9b5f-1234bde3cd05,US
0ab1f234-16c8-11ed-9b5f-1234bde3cd05,US
0ab1f9a8-16c8-11ed-9b5f-1234bde3cd05,US
0ab1fe03-16c8-11ed-9b5f-1234bde3cd05,US
0ab2020a-16c8-11ed-9b5f-1234bde3cd05,US
0ab205d7-16c8-11ed-9b5f-1234bde3cd05,US
0ab20a96-16c8-11ed-9b5f-1234bde3cd05,US
0ab20ebd-16c8-11ed-9b5f-1234bde3cd05,US
0ab21369-16c8-11ed-9b5f-1234bde3cd05,US
0ab21770-16c8-11ed-9b5f-1234bde3cd05,US
0ab21bbb-16c8-11ed-9b5f-1234bde3cd05,US
0ab22f7a-16c8-11ed-9b5f-1234bde3cd05,US
0ab233b2-16c8-11ed-9b5f-1234bde3cd05,US
0ab23c8f-16c8-11ed-9b5f-1234bde3cd05,US
0ab3ca80-16c8-11ed-9b5f-1234bde3cd05,US
0ac64298-16c8-11ed-9b5f-1234bde3cd05,US
0ac64824-16c8-11ed-9b5f-1234bde3cd05,US
0ac64c57-16c8-11ed-9b5f-1234bde3cd05,US
0ac6510a-16c8-11ed-9b5f-1234bde3cd05,US
0ac6564b-16c8-11ed-9b5f-1234bde3cd05,US
0ac65aef-16c8-11ed-9b5f-1234bde3cd05,US
0ac66997-16c8-11ed-9b5f-1234bde3cd05,US
0ac66e1c-16c8-11ed-9b5f-1234bde3cd05,US
0ac67275-16c8-11ed-9b5f-1234bde3cd05,US
0ac67913-16c8-11ed-9b5f-1234bde3cd05,US
0ac686df-16c8-11ed-9b5f-1234bde3cd05,US
0ac69366-16c8-11ed-9b5f-1234bde3cd05,US
0ac6979e-16c8-11ed-9b5f-1234bde3cd05,US
0ac69ba4-16c8-11ed-9b5f-1234bde3cd05,US
0ac69fc5-16c8-11ed-9b5f-1234bde3cd05,US
0ac6a4b1-16c8-11ed-9b5f-1234bde3cd05,US
0ac6abfb-16c8-11ed-9b5f-1234bde3cd05,US
0ac6b21a-16c8-11ed-9b5f-1234bde3cd05,US
0ac6b63f-16c8-11ed-9b5f-1234bde3cd05,US
0ac6ba54-16c8-11ed-9b5f-1234bde3cd05,US
0ac6bec8-16c8-11ed-9b5f-1234bde3cd05,US
0ac6c2fe-16c8-11ed-9b5f-1234bde3cd05,US
0ac6c846-16c8-11ed-9b5f-1234bde3cd05,US
0ac6cc8b-16c8-11ed-9b5f-1234bde3cd05,US
0ac6d1fa-16c8-11ed-9b5f-1234bde3cd05,US
0ac6d5d6-16c8-11ed-9b5f-1234bde3cd05,US
0ac6e279-16c8-11ed-9b5f-1234bde3cd05,US
0ac6f198-16c8-11ed-9b5f-1234bde3cd05,US
0ac6fe8e-16c8-11ed-9b5f-1234bde3cd05,US
0ac702d8-16c8-11ed-9b5f-1234bde3cd05,US
0ac7070f-16c8-11ed-9b5f-1234bde3cd05,US
0ac70bd6-16c8-11ed-9b5f-1234bde3cd05,US
0ac71033-16c8-11ed-9b5f-1234bde3cd05,US
0aca2857-16c8-11ed-9b5f-1234bde3cd05,US
0aca2d43-16c8-11ed-9b5f-1234bde3cd05,US
0aca3186-16c8-11ed-9b5f-1234bde3cd05,US
0aca35e8-16c8-11ed-9b5f-1234bde3cd05,US
0acd5883-16c8-11ed-9b5f-1234bde3cd05,US
0acd5cbe-16c8-11ed-9b5f-1234bde3cd05,US
0acd64de-16c8-11ed-9b5f-1234bde3cd05,US
0acd6c67-16c8-11ed-9b5f-1234bde3cd05,US
0acd70b6-16c8-11ed-9b5f-1234bde3cd05,US
0acd7507-16c8-11ed-9b5f-1234bde3cd05,US
0acd7a61-16c8-11ed-9b5f-1234bde3cd05,US
0acd7e86-16c8-11ed-9b5f-1234bde3cd05,US
0acd82da-16c8-11ed-9b5f-1234bde3cd05,US
0acd870f-16c8-11ed-9b5f-1234bde3cd05,US
0acd8aff-16c8-11ed-9b5f-1234bde3cd05,US
0acd8f1a-16c8-11ed-9b5f-1234bde3cd05,US
0acd9360-16c8-11ed-9b5f-1234bde3cd05,US
0acd97cb-16c8-11ed-9b5f-1234bde3cd05,US
0acd9bc2-16c8-11ed-9b5f-1234bde3cd05,US
0acd9fd7-16c8-11ed-9b5f-1234bde3cd05,US
0acda413-16c8-11ed-9b5f-1234bde3cd05,US
0acdbaf8-16c8-11ed-9b5f-1234bde3cd05,US
0acdc027-16c8-11ed-9b5f-1234bde3cd05,US
0acdd3eb-16c8-11ed-9b5f-1234bde3cd05,US
0acdd852-16c8-11ed-9b5f-1234bde3cd05,US
0acddd5c-16c8-11ed-9b5f-1234bde3cd05,US
0acde1c7-16c8-11ed-9b5f-1234bde3cd05,US
0acde6c2-16c8-11ed-9b5f-1234bde3cd05,US
0acdeb56-16c8-11ed-9b5f-1234bde3cd05,US
0acdef07-16c8-11ed-9b5f-1234bde3cd05,US
0acdf3af-16c8-11ed-9b5f-1234bde3cd05,US
0acdf7d5-16c8-11ed-9b5f-1234bde3cd05,US
0acdfbe9-16c8-11ed-9b5f-1234bde3cd05,US
0ace00dc-16c8-11ed-9b5f-1234bde3cd05,US
0ace04e8-16c8-11ed-9b5f-1234bde3cd05,US
0ace08fb-16c8-11ed-9b5f-1234bde3cd05,US
0ace0d05-16c8-11ed-9b5f-1234bde3cd05,US
0ace1123-16c8-11ed-9b5f-1234bde3cd05,US
0ace1521-16c8-11ed-9b5f-1234bde3cd05,US
0ace193d-16c8-11ed-9b5f-1234bde3cd05,US
0ace1d0b-16c8-11ed-9b5f-1234bde3cd05,US
0ace233a-16c8-11ed-9b5f-1234bde3cd05,US
0ace26fc-16c8-11ed-9b5f-1234bde3cd05,US
0ace2aee-16c8-11ed-9b5f-1234bde3cd05,US
0ace2ee7-16c8-11ed-9b5f-1234bde3cd05,US
0ace325a-16c8-11ed-9b5f-1234bde3cd05,DE
0ace35fb-16c8-11ed-9b5f-1234bde3cd05,DE
0ace39d0-16c8-11ed-9b5f-1234bde3cd05,FR
0ace3dc1-16c8-11ed-9b5f-1234bde3cd05,US
0ace4382-16c8-11ed-9b5f-1234bde3cd05,US
0ace48ad-16c8-11ed-9b5f-1234bde3cd05,US
0ace55a0-16c8-11ed-9b5f-1234bde3cd05,US
0ace5b62-16c8-11ed-9b5f-1234bde3cd05,US
0ace60e5-16c8-11ed-9b5f-1234bde3cd05,US
0ace6570-16c8-11ed-9b5f-1234bde3cd05,US
0ace6a1f-16c8-11ed-9b5f-1234bde3cd05,US
0ace6efd-16c8-11ed-9b5f-1234bde3cd05,US
0ace72e5-16c8-11ed-9b5f-1234bde3cd05,US
0ace7785-16c8-11ed-9b5f-1234bde3cd05,US
0ace7be9-16c8-11ed-9b5f-1234bde3cd05,US
0ace8019-16c8-11ed-9b5f-1234bde3cd05,US
0ace8438-16c8-11ed-9b5f-1234bde3cd05,US
0ace987f-16c8-11ed-9b5f-1234bde3cd05,US
0ace9e8d-16c8-11ed-9b5f-1234bde3cd05,US
0acea301-16c8-11ed-9b5f-1234bde3cd05,US
0acea75e-16c8-11ed-9b5f-1234bde3cd05,US
0aceb8cb-16c8-11ed-9b5f-1234bde3cd05,US
0acebce6-16c8-11ed-9b5f-1234bde3cd05,US
0acec0f3-16c8-11ed-9b5f-1234bde3cd05,US
0acec4b0-16c8-11ed-9b5f-1234bde3cd05,US
0acec8a3-16c8-11ed-9b5f-1234bde3cd05,US
0acecc9c-16c8-11ed-9b5f-1234bde3cd05,US
0aced0ad-16c8-11ed-9b5f-1234bde3cd05,US
0ad05ecc-16c8-11ed-9b5f-1234bde3cd05,US
0ad0631e-16c8-11ed-9b5f-1234bde3cd05,US
0ad06710-16c8-11ed-9b5f-1234bde3cd05,US
0ad06c10-16c8-11ed-9b5f-1234bde3cd05,US
0ad0703f-16c8-11ed-9b5f-1234bde3cd05,US
0ad075a5-16c8-11ed-9b5f-1234bde3cd05,US
0ad079c6-16c8-11ed-9b5f-1234bde3cd05,US
0ad07dd1-16c8-11ed-9b5f-1234bde3cd05,US
0ad0820c-16c8-11ed-9b5f-1234bde3cd05,US
0ad08632-16c8-11ed-9b5f-1234bde3cd05,US
0ad08a4b-16c8-11ed-9b5f-1234bde3cd05,US
0ad08e29-16c8-11ed-9b5f-1234bde3cd05,US
0ad0943d-16c8-11ed-9b5f-1234bde3cd05,US
0ad09cc6-16c8-11ed-9b5f-1234bde3cd05,US
0ad0ab52-16c8-11ed-9b5f-1234bde3cd05,US
0ad0b442-16c8-11ed-9b5f-1234bde3cd05,US
0ad0b88c-16c8-11ed-9b5f-1234bde3cd05,US
0ad0bc8e-16c8-11ed-9b5f-1234bde3cd05,US
0ad0ca75-16c8-11ed-9b5f-1234bde3cd05,US
0ad0cf44-16c8-11ed-9b5f-1234bde3cd05,US
0ad0d37f-16c8-11ed-9b5f-1234bde3cd05,US
0ad0e111-16c8-11ed-9b5f-1234bde3cd05,US
0ad0e820-16c8-11ed-9b5f-1234bde3cd05,US
0ad0f729-16c8-11ed-9b5f-1234bde3cd05,US
0ad10105-16c8-11ed-9b5f-1234bde3cd05,US
0ad1113f-16c8-11ed-9b5f-1234bde3cd05,US
0ad115a0-16c8-11ed-9b5f-1234bde3cd05,US
0ad1228b-16c8-11ed-9b5f-1234bde3cd05,US
0ad126d7-16c8-11ed-9b5f-1234bde3cd05,US
0ad12c7c-16c8-11ed-9b5f-1234bde3cd05,US
0ad13631-16c8-11ed-9b5f-1234bde3cd05,US
0ad13ab1-16c8-11ed-9b5f-1234bde3cd05,US
0ad13fb7-16c8-11ed-9b5f-1234bde3cd05,US
0ad14439-16c8-11ed-9b5f-1234bde3cd05,US
0ad14815-16c8-11ed-9b5f-1234bde3cd05,US
0ad1588f-16c8-11ed-9b5f-1234bde3cd05,US
0ad1608b-16c8-11ed-9b5f-1234bde3cd05,US
0ad1643c-16c8-11ed-9b5f-1234bde3cd05,US
0ad16809-16c8-11ed-9b5f-1234bde3cd05,US
0ad16bee-16c8-11ed-9b5f-1234bde3cd05,US
0ad17e5d-16c8-11ed-9b5f-1234bde3cd05,US
0ad182d1-16c8-11ed-9b5f-1234bde3cd05,US
0ad19546-16c8-11ed-9b5f-1234bde3cd05,US
0ad19992-16c8-11ed-9b5f-1234bde3cd05,US
0ae289a3-16c8-11ed-9b5f-1234bde3cd05,US
0ae29f76-16c8-11ed-9b5f-1234bde3cd05,US
0ae2a453-16c8-11ed-9b5f-1234bde3cd05,US
0ae5c6ae-16c8-11ed-9b5f-1234bde3cd05,US
0ae5cc37-16c8-11ed-9b5f-1234bde3cd05,US
0ae5d134-16c8-11ed-9b5f-1234bde3cd05,US
0ae5d6e6-16c8-11ed-9b5f-1234bde3cd05,US
0ae5dbad-16c8-11ed-9b5f-1234bde3cd05,US
0ae5dfcd-16c8-11ed-9b5f-1234bde3cd05,US
0ae5e3c7-16c8-11ed-9b5f-1234bde3cd05,US
0ae5eb64-16c8-11ed-9b5f-1234bde3cd05,US
0ae5fa8d-16c8-11ed-9b5f-1234bde3cd05,US
0ae5fee4-16c8-11ed-9b5f-1234bde3cd05,US
0ae602c2-16c8-11ed-9b5f-1234bde3cd05,US
0ae60742-16c8-11ed-9b5f-1234bde3cd05,US
0ae60b67-16c8-11ed-9b5f-1234bde3cd05,US
0ae616d0-16c8-11ed-9b5f-1234bde3cd05,US
0ae61dd3-16c8-11ed-9b5f-1234bde3cd05,US
0ae621a1-16c8-11ed-9b5f-1234bde3cd05,US
0ae625ac-16c8-11ed-9b5f-1234bde3cd05,US
0ae6339e-16c8-11ed-9b5f-1234bde3cd05,US
0ae637b8-16c8-11ed-9b5f-1234bde3cd05,US
0ae649fb-16c8-11ed-9b5f-1234bde3cd05,US
0aeaece7-16c8-11ed-9b5f-1234bde3cd05,US
0aeb019e-16c8-11ed-9b5f-1234bde3cd05,US
0aeb0733-16c8-11ed-9b5f-1234bde3cd05,US
0aeb0b8d-16c8-11ed-9b5f-1234bde3cd05,US
0aeb11b7-16c8-11ed-9b5f-1234bde3cd05,US
0aeb246d-16c8-11ed-9b5f-1234bde3cd05,US
0aeb298e-16c8-11ed-9b5f-1234bde3cd05,US
0aeb2e15-16c8-11ed-9b5f-1234bde3cd05,US
0aeb333c-16c8-11ed-9b5f-1234bde3cd05,US
0aeb3e03-16c8-11ed-9b5f-1234bde3cd05,US
0aeb4319-16c8-11ed-9b5f-1234bde3cd05,US
0aeb4701-16c8-11ed-9b5f-1234bde3cd05,GB
0aeb4e6b-16c8-11ed-9b5f-1234bde3cd05,US
0aeb5c6f-16c8-11ed-9b5f-1234bde3cd05,US
0aeb6105-16c8-11ed-9b5f-1234bde3cd05,US
0aeb653b-16c8-11ed-9b5f-1234bde3cd05,US
0aeb6942-16c8-11ed-9b5f-1234bde3cd05,US
0aeb6d74-16c8-11ed-9b5f-1234bde3cd05,US
0aeb73d6-16c8-11ed-9b5f-1234bde3cd05,US
0aeb7b00-16c8-11ed-9b5f-1234bde3cd05,US
0aeb7f08-16c8-11ed-9b5f-1234bde3cd05,US
0aeb8f47-16c8-11ed-9b5f-1234bde3cd05,US
0aeb9414-16c8-11ed-9b5f-1234bde3cd05,US
0aeb984f-16c8-11ed-9b5f-1234bde3cd05,US
0aeb9c62-16c8-11ed-9b5f-1234bde3cd05,US
0aeba086-16c8-11ed-9b5f-1234bde3cd05,US
0aeba482-16c8-11ed-9b5f-1234bde3cd05,US
0aeba8c4-16c8-11ed-9b5f-1234bde3cd05,US
0b013734-16c8-11ed-9b5f-1234bde3cd05,US
0b014793-16c8-11ed-9b5f-1234bde3cd05,US
0b014c3b-16c8-11ed-9b5f-1234bde3cd05,US
0b02df05-16c8-11ed-9b5f-1234bde3cd05,US
0b02e40e-16c8-11ed-9b5f-1234bde3cd05,US
0b02ebce-16c8-11ed-9b5f-1234bde3cd05,US
0b02f026-16c8-11ed-9b5f-1234bde3cd05,US
0b02f475-16c8-11ed-9b5f-1234bde3cd05,US
0b030308-16c8-11ed-9b5f-1234bde3cd05,US
0b030747-16c8-11ed-9b5f-1234bde3cd05,US
0b0311ae-16c8-11ed-9b5f-1234bde3cd05,US
0b031607-16c8-11ed-9b5f-1234bde3cd05,US
0b031ada-16c8-11ed-9b5f-1234bde3cd05,US
0b063330-16c8-11ed-9b5f-1234bde3cd05,US
0b063969-16c8-11ed-9b5f-1234bde3cd05,US
0b0645c9-16c8-11ed-9b5f-1234bde3cd05,US
0b064a1f-16c8-11ed-9b5f-1234bde3cd05,US
0b064f81-16c8-11ed-9b5f-1234bde3cd05,US
0b0653c5-16c8-11ed-9b5f-1234bde3cd05,US
0b0664f4-16c8-11ed-9b5f-1234bde3cd05,US
0b066a1b-16c8-11ed-9b5f-1234bde3cd05,US
0b066e48-16c8-11ed-9b5f-1234bde3cd05,US
0b067edc-16c8-11ed-9b5f-1234bde3cd05,US
0b068348-16c8-11ed-9b5f-1234bde3cd05,US
0b06877e-16c8-11ed-9b5f-1234bde3cd05,US
0b0695b1-16c8-11ed-9b5f-1234bde3cd05,US
0b069b4b-16c8-11ed-9b5f-1234bde3cd05,US
0b069f74-16c8-11ed-9b5f-1234bde3cd05,US
0b06a389-16c8-11ed-9b5f-1234bde3cd05,US
0b06b4bf-16c8-11ed-9b5f-1234bde3cd05,US
0b06b917-16c8-11ed-9b5f-1234bde3cd05,US
0b06bcde-16c8-11ed-9b5f-1234bde3cd05,US
0b06d5ba-16c8-11ed-9b5f-1234bde3cd05,US
0b06e342-16c8-11ed-9b5f-1234bde3cd05,US
0b06e7c8-16c8-11ed-9b5f-1234bde3cd05,US
0b087794-16c8-11ed-9b5f-1234bde3cd05,US
0b087be4-16c8-11ed-9b5f-1234bde3cd05,US
0b088181-16c8-11ed-9b5f-1234bde3cd05,US
0b0885d2-16c8-11ed-9b5f-1234bde3cd05,US
0b0889cb-16c8-11ed-9b5f-1234bde3cd05,US
0b088f8a-16c8-11ed-9b5f-1234bde3cd05,US
0b089eb7-16c8-11ed-9b5f-1234bde3cd05,US
0b08a2fd-16c8-11ed-9b5f-1234bde3cd05,US
0b08a705-16c8-11ed-9b5f-1234bde3cd05,US
0b08aafd-16c8-11ed-9b5f-1234bde3cd05,US
0b08af2a-16c8-11ed-9b5f-1234bde3cd05,US
0b08b5ed-16c8-11ed-9b5f-1234bde3cd05,US
0b08ba13-16c8-11ed-9b5f-1234bde3cd05,US
0b08c899-16c8-11ed-9b5f-1234bde3cd05,US
0b08cd22-16c8-11ed-9b5f-1234bde3cd05,US
0b08d0fd-16c8-11ed-9b5f-1234bde3cd05,US
0b08d6b6-16c8-11ed-9b5f-1234bde3cd05,US
0b08dab3-16c8-11ed-9b5f-1234bde3cd05,US
0b08eb3f-16c8-11ed-9b5f-1234bde3cd05,US
0b08f34d-16c8-11ed-9b5f-1234bde3cd05,US
0b08f73e-16c8-11ed-9b5f-1234bde3cd05,US
0b08fb41-16c8-11ed-9b5f-1234bde3cd05,US
0b08ffc0-16c8-11ed-9b5f-1234bde3cd05,US
0b0907ae-16c8-11ed-9b5f-1234bde3cd05,US
0b090d63-16c8-11ed-9b5f-1234bde3cd05,US
0b0911a2-16c8-11ed-9b5f-1234bde3cd05,US
0b0915d3-16c8-11ed-9b5f-1234bde3cd05,US
0b091a14-16c8-11ed-9b5f-1234bde3cd05,US
0b091f23-16c8-11ed-9b5f-1234bde3cd05,US
0b09257a-16c8-11ed-9b5f-1234bde3cd05,US
0b092b6f-16c8-11ed-9b5f-1234bde3cd05,US
0b093003-16c8-11ed-9b5f-1234bde3cd05,US
0b2c975c-16c8-11ed-9b5f-1234bde3cd05,US
0b2c9cc6-16c8-11ed-9b5f-1234bde3cd05,US
0b2ca138-16c8-11ed-9b5f-1234bde3cd05,US
0b2ca51b-16c8-11ed-9b5f-1234bde3cd05,US
0b2ca8ec-16c8-11ed-9b5f-1234bde3cd05,US
0b2caed5-16c8-11ed-9b5f-1234bde3cd05,US
0b2cb361-16c8-11ed-9b5f-1234bde3cd05,US
0b2cb822-16c8-11ed-9b5f-1234bde3cd05,US
0b2cbcd1-16c8-11ed-9b5f-1234bde3cd05,US
0b2cc117-16c8-11ed-9b5f-1234bde3cd05,US
0b2cc58b-16c8-11ed-9b5f-1234bde3cd05,US
0b2cd9c8-16c8-11ed-9b5f-1234bde3cd05,US
0b2ce118-16c8-11ed-9b5f-1234bde3cd05,US
0b2ce58d-16c8-11ed-9b5f-1234bde3cd05,US
0b2cf235-16c8-11ed-9b5f-1234bde3cd05,US
0b2cfa69-16c8-11ed-9b5f-1234bde3cd05,US
0b2cfeff-16c8-11ed-9b5f-1234bde3cd05,US
0b2d0379-16c8-11ed-9b5f-1234bde3cd05,US
0b2d09f3-16c8-11ed-9b5f-1234bde3cd05,US
0b2d0f56-16c8-11ed-9b5f-1234bde3cd05,US
0b2d139d-16c8-11ed-9b5f-1234bde3cd05,US
0b2d17dc-16c8-11ed-9b5f-1234bde3cd05,US
0b2d2879-16c8-11ed-9b5f-1234bde3cd05,US
0b2d2cba-16c8-11ed-9b5f-1234bde3cd05,US
0b2d3be7-16c8-11ed-9b5f-1234bde3cd05,US
0b2d43f7-16c8-11ed-9b5f-1234bde3cd05,US
0b2d481c-16c8-11ed-9b5f-1234bde3cd05,US
0b2d4bca-16c8-11ed-9b5f-1234bde3cd05,US
0b2d4fc7-16c8-11ed-9b5f-1234bde3cd05,US
0b2d5442-16c8-11ed-9b5f-1234bde3cd05,US
0b2d593a-16c8-11ed-9b5f-1234bde3cd05,US
0b2d5e76-16c8-11ed-9b5f-1234bde3cd05,US
0b2d6355-16c8-11ed-9b5f-1234bde3cd05,DE
0b2d7822-16c8-11ed-9b5f-1234bde3cd05,US
0b2d7cba-16c8-11ed-9b5f-1234bde3cd05,US
0b2d812b-16c8-11ed-9b5f-1234bde3cd05,US
0b2d857c-16c8-11ed-9b5f-1234bde3cd05,US
0b2d895b-16c8-11ed-9b5f-1234bde3cd05,US
0b2d8d50-16c8-11ed-9b5f-1234bde3cd05,US
0b2da19b-16c8-11ed-9b5f-1234bde3cd05,US
0b2da7df-16c8-11ed-9b5f-1234bde3cd05,US
0b2dad8d-16c8-11ed-9b5f-1234bde3cd05,US
0b2db200-16c8-11ed-9b5f-1234bde3cd05,US
0b2dc4d6-16c8-11ed-9b5f-1234bde3cd05,US
0b2dc958-16c8-11ed-9b5f-1234bde3cd05,US
0b2dcda0-16c8-11ed-9b5f-1234bde3cd05,US
0b2dd1d8-16c8-11ed-9b5f-1234bde3cd05,US
0b2dd719-16c8-11ed-9b5f-1234bde3cd05,US
0b2ddd30-16c8-11ed-9b5f-1234bde3cd05,US
0b2de4cd-16c8-11ed-9b5f-1234bde3cd05,US
0b2dea2a-16c8-11ed-9b5f-1234bde3cd05,US
0b2defa0-16c8-11ed-9b5f-1234bde3cd05,US
0b2df3e0-16c8-11ed-9b5f-1234bde3cd05,US
0b2df81d-16c8-11ed-9b5f-1234bde3cd05,US
0b2e0b3b-16c8-11ed-9b5f-1234bde3cd05,US
0b2e0fe4-16c8-11ed-9b5f-1234bde3cd05,US
0b2e13f5-16c8-11ed-9b5f-1234bde3cd05,US
0b2e17bf-16c8-11ed-9b5f-1234bde3cd05,US
0b2e1c08-16c8-11ed-9b5f-1234bde3cd05,US
0b2e2149-16c8-11ed-9b5f-1234bde3cd05,US
0b2e2fa4-16c8-11ed-9b5f-1234bde3cd05,US
0b345fe7-16c8-11ed-9b5f-1234bde3cd05,US
0b34643a-16c8-11ed-9b5f-1234bde3cd05,US
0b346efb-16c8-11ed-9b5f-1234bde3cd05,US
0b347326-16c8-11ed-9b5f-1234bde3cd05,US
0b34775d-16c8-11ed-9b5f-1234bde3cd05,US
0b347b22-16c8-11ed-9b5f-1234bde3cd05,US
0b347f18-16c8-11ed-9b5f-1234bde3cd05,US
0b34834a-16c8-11ed-9b5f-1234bde3cd05,US
0b34878a-16c8-11ed-9b5f-1234bde3cd05,US
0b348e0d-16c8-11ed-9b5f-1234bde3cd05,US
0b34924f-16c8-11ed-9b5f-1234bde3cd05,US
0b349964-16c8-11ed-9b5f-1234bde3cd05,US
0b349e98-16c8-11ed-9b5f-1234bde3cd05,US
0b34a2a4-16c8-11ed-9b5f-1234bde3cd05,US
0b34a6c3-16c8-11ed-9b5f-1234bde3cd05,US
0b34b35f-16c8-11ed-9b5f-1234bde3cd05,US
0b34b856-16c8-11ed-9b5f-1234bde3cd05,US
0b34c30a-16c8-11ed-9b5f-1234bde3cd05,US
0b34c77f-16c8-11ed-9b5f-1234bde3cd05,US
0b34cfc0-16c8-11ed-9b5f-1234bde3cd05,US
0b34d40e-16c8-11ed-9b5f-1234bde3cd05,US
0b34d824-16c8-11ed-9b5f-1234bde3cd05,US
0b34ddbe-16c8-11ed-9b5f-1234bde3cd05,US
0bcd25be-16c8-11ed-9b5f-1234bde3cd05,US
0bcd2b5e-16c8-11ed-9b5f-1234bde3cd05,US
0bcd301e-16c8-11ed-9b5f-1234bde3cd05,US
0bcd34bb-16c8-11ed-9b5f-1234bde3cd05,US
0bd4ea37-16c8-11ed-9b5f-1234bde3cd05,US
0bd4eec3-16c8-11ed-9b5f-1234bde3cd05,US
0bd50499-16c8-11ed-9b5f-1234bde3cd05,US
0bd5096e-16c8-11ed-9b5f-1234bde3cd05,US
0bd50e08-16c8-11ed-9b5f-1234bde3cd05,US
0bd51299-16c8-11ed-9b5f-1234bde3cd05,US
0bd518d5-16c8-11ed-9b5f-1234bde3cd05,US
0bd521a5-16c8-11ed-9b5f-1234bde3cd05,US
0bd525a7-16c8-11ed-9b5f-1234bde3cd05,US
0bd529dd-16c8-11ed-9b5f-1234bde3cd05,US
0bd52ddf-16c8-11ed-9b5f-1234bde3cd05,US
0bd53251-16c8-11ed-9b5f-1234bde3cd05,US
0bd53624-16c8-11ed-9b5f-1234bde3cd05,US
0bd53a29-16c8-11ed-9b5f-1234bde3cd05,US
0bd55409-16c8-11ed-9b5f-1234bde3cd05,US
0bd5584e-16c8-11ed-9b5f-1234bde3cd05,US
0bd55c52-16c8-11ed-9b5f-1234bde3cd05,US
0bd560a0-16c8-11ed-9b5f-1234bde3cd05,US
0bd56734-16c8-11ed-9b5f-1234bde3cd05,US
0bd56b23-16c8-11ed-9b5f-1234bde3cd05,US
0bd56f5c-16c8-11ed-9b5f-1234bde3cd05,US
0bd577b6-16c8-11ed-9b5f-1234bde3cd05,US
0bd57c04-16c8-11ed-9b5f-1234bde3cd05,US
0bd58117-16c8-11ed-9b5f-1234bde3cd05,US
0bd58576-16c8-11ed-9b5f-1234bde3cd05,US
0bd589cf-16c8-11ed-9b5f-1234bde3cd05,US
0bd58e99-16c8-11ed-9b5f-1234bde3cd05,US
0bd5934c-16c8-11ed-9b5f-1234bde3cd05,US
0bd597ef-16c8-11ed-9b5f-1234bde3cd05,US
0bd59c39-16c8-11ed-9b5f-1234bde3cd05,US
0bd5a03f-16c8-11ed-9b5f-1234bde3cd05,US
0bd5a421-16c8-11ed-9b5f-1234bde3cd05,US
0bd5a82e-16c8-11ed-9b5f-1234bde3cd05,US
0bd5ac81-16c8-11ed-9b5f-1234bde3cd05,US
0bd5b0b1-16c8-11ed-9b5f-1234bde3cd05,US
0bd5b4e7-16c8-11ed-9b5f-1234bde3cd05,US
0bd5b939-16c8-11ed-9b5f-1234bde3cd05,US
0bd5bd4b-16c8-11ed-9b5f-1234bde3cd05,US
0be83753-16c8-11ed-9b5f-1234bde3cd05,US
0be844fd-16c8-11ed-9b5f-1234bde3cd05,US
0be84bc3-16c8-11ed-9b5f-1234bde3cd05,US
0be861d3-16c8-11ed-9b5f-1234bde3cd05,US
0be86aca-16c8-11ed-9b5f-1234bde3cd05,US
0be871da-16c8-11ed-9b5f-1234bde3cd05,US
0be878a2-16c8-11ed-9b5f-1234bde3cd05,US
0be87eb1-16c8-11ed-9b5f-1234bde3cd05,US
0be88efd-16c8-11ed-9b5f-1234bde3cd05,US
0be8962e-16c8-11ed-9b5f-1234bde3cd05,US
0be89d00-16c8-11ed-9b5f-1234bde3cd05,US
0be8a37c-16c8-11ed-9b5f-1234bde3cd05,US
0be8aa0e-16c8-11ed-9b5f-1234bde3cd05,US
0be8b8f5-16c8-11ed-9b5f-1234bde3cd05,US
0be8bff4-16c8-11ed-9b5f-1234bde3cd05,US
0be8ca97-16c8-11ed-9b5f-1234bde3cd05,US
0be8d2a8-16c8-11ed-9b5f-1234bde3cd05,US
0be8d937-16c8-11ed-9b5f-1234bde3cd05,US
0be8deea-16c8-11ed-9b5f-1234bde3cd05,DE
0be8e5a3-16c8-11ed-9b5f-1234bde3cd05,IE
0be8eaac-16c8-11ed-9b5f-1234bde3cd05,DE
0be8f0bc-16c8-11ed-9b5f-1234bde3cd05,US
0be8f784-16c8-11ed-9b5f-1234bde3cd05,US
0be8fe96-16c8-11ed-9b5f-1234bde3cd05,US
0be90691-16c8-11ed-9b5f-1234bde3cd05,US
0be90daa-16c8-11ed-9b5f-1234bde3cd05,US
0be91535-16c8-11ed-9b5f-1234bde3cd05,US
0be91bf5-16c8-11ed-9b5f-1234bde3cd05,US
0be922eb-16c8-11ed-9b5f-1234bde3cd05,US
0be92fd1-16c8-11ed-9b5f-1234bde3cd05,US
0bec4a5f-16c8-11ed-9b5f-1234bde3cd05,US
0bec5c19-16c8-11ed-9b5f-1234bde3cd05,US
0bec62da-16c8-11ed-9b5f-1234bde3cd05,US
0bec6c47-16c8-11ed-9b5f-1234bde3cd05,US
0bec7303-16c8-11ed-9b5f-1234bde3cd05,US
0bec7cdd-16c8-11ed-9b5f-1234bde3cd05,US
0bec8372-16c8-11ed-9b5f-1234bde3cd05,US
0bec89de-16c8-11ed-9b5f-1234bde3cd05,US
0bec9ff4-16c8-11ed-9b5f-1234bde3cd05,US
0beca6a2-16c8-11ed-9b5f-1234bde3cd05,US
0becaf11-16c8-11ed-9b5f-1234bde3cd05,US
0becc6dd-16c8-11ed-9b5f-1234bde3cd05,US
0becce03-16c8-11ed-9b5f-1234bde3cd05,US
0becd528-16c8-11ed-9b5f-1234bde3cd05,US
0bece24e-16c8-11ed-9b5f-1234bde3cd05,US
0bece8b7-16c8-11ed-9b5f-1234bde3cd05,US
0becef5a-16c8-11ed-9b5f-1234bde3cd05,US
0becf5ff-16c8-11ed-9b5f-1234bde3cd05,US
0becff31-16c8-11ed-9b5f-1234bde3cd05,US
0bed0f87-16c8-11ed-9b5f-1234bde3cd05,US
0bed15af-16c8-11ed-9b5f-1234bde3cd05,US
0bed1bfc-16c8-11ed-9b5f-1234bde3cd05,US
0bed2ccd-16c8-11ed-9b5f-1234bde3cd05,US
0bed3645-16c8-11ed-9b5f-1234bde3cd05,US
0bed3cd8-16c8-11ed-9b5f-1234bde3cd05,US
0bed43a4-16c8-11ed-9b5f-1234bde3cd05,US
0bed4b5a-16c8-11ed-9b5f-1234bde3cd05,US
0bed522b-16c8-11ed-9b5f-1234bde3cd05,US
0bed5903-16c8-11ed-9b5f-1234bde3cd05,US
0bed5f9e-16c8-11ed-9b5f-1234bde3cd05,US
0bed6d32-16c8-11ed-9b5f-1234bde3cd05,US
0bed73ba-16c8-11ed-9b5f-1234bde3cd05,US
0bed7b38-16c8-11ed-9b5f-1234bde3cd05,US
0bed81eb-16c8-11ed-9b5f-1234bde3cd05,US
0bed89dc-16c8-11ed-9b5f-1234bde3cd05,US
0beda1a5-16c8-11ed-9b5f-1234bde3cd05,US
0beda918-16c8-11ed-9b5f-1234bde3cd05,US
0bedba5b-16c8-11ed-9b5f-1234bde3cd05,US
0bedd039-16c8-11ed-9b5f-1234bde3cd05,US
0bedd803-16c8-11ed-9b5f-1234bde3cd05,US
0beddecb-16c8-11ed-9b5f-1234bde3cd05,US
0bedf3b5-16c8-11ed-9b5f-1234bde3cd05,US
0bedfac4-16c8-11ed-9b5f-1234bde3cd05,US
0bee011b-16c8-11ed-9b5f-1234bde3cd05,US
0bee0752-16c8-11ed-9b5f-1234bde3cd05,US
0bee0d0a-16c8-11ed-9b5f-1234bde3cd05,CN
0bee13da-16c8-11ed-9b5f-1234bde3cd05,US
0bee1acc-16c8-11ed-9b5f-1234bde3cd05,US
0bee2482-16c8-11ed-9b5f-1234bde3cd05,US
0bee2c06-16c8-11ed-9b5f-1234bde3cd05,US
0bee3373-16c8-11ed-9b5f-1234bde3cd05,US
0bee3a53-16c8-11ed-9b5f-1234bde3cd05,US
0bee411d-16c8-11ed-9b5f-1234bde3cd05,US
0bf15bf8-16c8-11ed-9b5f-1234bde3cd05,US
0bf16298-16c8-11ed-9b5f-1234bde3cd05,US
0bf16910-16c8-11ed-9b5f-1234bde3cd05,US
0bf16f24-16c8-11ed-9b5f-1234bde3cd05,US
0bf17560-16c8-11ed-9b5f-1234bde3cd05,US
0bf17c9a-16c8-11ed-9b5f-1234bde3cd05,US
0bf1916c-16c8-11ed-9b5f-1234bde3cd05,US
0bf19963-16c8-11ed-9b5f-1234bde3cd05,US
0bf4b30a-16c8-11ed-9b5f-1234bde3cd05,US
0bf4b892-16c8-11ed-9b5f-1234bde3cd05,US
0bf4bdfb-16c8-11ed-9b5f-1234bde3cd05,US
0bf4c1f2-16c8-11ed-9b5f-1234bde3cd05,US
0bf4c5d1-16c8-11ed-9b5f-1234bde3cd05,US
0bf4c9cf-16c8-11ed-9b5f-1234bde3cd05,US
0bf4ce0c-16c8-11ed-9b5f-1234bde3cd05,US
0bf4db5d-16c8-11ed-9b5f-1234bde3cd05,US
0bf4e26c-16c8-11ed-9b5f-1234bde3cd05,US
0bf4f7db-16c8-11ed-9b5f-1234bde3cd05,US
0bf4fe9e-16c8-11ed-9b5f-1234bde3cd05,US
0bf5068c-16c8-11ed-9b5f-1234bde3cd05,US
0bf50d2b-16c8-11ed-9b5f-1234bde3cd05,US
0bf513c8-16c8-11ed-9b5f-1234bde3cd05,US
0bf51aa9-16c8-11ed-9b5f-1234bde3cd05,US
0bf520ee-16c8-11ed-9b5f-1234bde3cd05,US
0bf53007-16c8-11ed-9b5f-1234bde3cd05,US
0bf54059-16c8-11ed-9b5f-1234bde3cd05,US
0bf546fe-16c8-11ed-9b5f-1234bde3cd05,US
0bf54eac-16c8-11ed-9b5f-1234bde3cd05,US
0bf554f7-16c8-11ed-9b5f-1234bde3cd05,US
0bf55c63-16c8-11ed-9b5f-1234bde3cd05,US
0bf561cd-16c8-11ed-9b5f-1234bde3cd05,US
0bf87c82-16c8-11ed-9b5f-1234bde3cd05,US
0bf882d2-16c8-11ed-9b5f-1234bde3cd05,US
0bf8873a-16c8-11ed-9b5f-1234bde3cd05,US
0bf88b29-16c8-11ed-9b5f-1234bde3cd05,US
0bf88f23-16c8-11ed-9b5f-1234bde3cd05,US
0bf895ef-16c8-11ed-9b5f-1234bde3cd05,US
0bf89dc0-16c8-11ed-9b5f-1234bde3cd05,US
0bf8a1b1-16c8-11ed-9b5f-1234bde3cd05,US
0bf8a584-16c8-11ed-9b5f-1234bde3cd05,US
0bf8a94d-16c8-11ed-9b5f-1234bde3cd05,US
0bf8ad24-16c8-11ed-9b5f-1234bde3cd05,US
0bf8b0d5-16c8-11ed-9b5f-1234bde3cd05,US
0bf8b4c8-16c8-11ed-9b5f-1234bde3cd05,US
0bf8ba7f-16c8-11ed-9b5f-1234bde3cd05,US
0bf8be3b-16c8-11ed-9b5f-1234bde3cd05,US
0bf8c425-16c8-11ed-9b5f-1234bde3cd05,US
0bf8c89d-16c8-11ed-9b5f-1234bde3cd05,US
0bf8cdcf-16c8-11ed-9b5f-1234bde3cd05,US
0bf8d1a8-16c8-11ed-9b5f-1234bde3cd05,US
0bf8d55d-16c8-11ed-9b5f-1234bde3cd05,US
0bf8d93d-16c8-11ed-9b5f-1234bde3cd05,US
0bf8dd39-16c8-11ed-9b5f-1234bde3cd05,US
0bf8e173-16c8-11ed-9b5f-1234bde3cd05,US
0bf8e663-16c8-11ed-9b5f-1234bde3cd05,US
0bf8ea57-16c8-11ed-9b5f-1234bde3cd05,US
0bf8f589-16c8-11ed-9b5f-1234bde3cd05,US
0bf8f99b-16c8-11ed-9b5f-1234bde3cd05,US
0bf905ef-16c8-11ed-9b5f-1234bde3cd05,US
0bf90a4e-16c8-11ed-9b5f-1234bde3cd05,US
0bf90e6e-16c8-11ed-9b5f-1234bde3cd05,US
0bf912a7-16c8-11ed-9b5f-1234bde3cd05,US
0bf916c6-16c8-11ed-9b5f-1234bde3cd05,US
0bf91a83-16c8-11ed-9b5f-1234bde3cd05,US
0bf91e56-16c8-11ed-9b5f-1234bde3cd05,US
0bf92204-16c8-11ed-9b5f-1234bde3cd05,US
0bf92603-16c8-11ed-9b5f-1234bde3cd05,US
0bf934c8-16c8-11ed-9b5f-1234bde3cd05,US
0bf93901-16c8-11ed-9b5f-1234bde3cd05,US
0bf93cbf-16c8-11ed-9b5f-1234bde3cd05,US
0bf94083-16c8-11ed-9b5f-1234bde3cd05,US
0bf9443e-16c8-11ed-9b5f-1234bde3cd05,US
0bf94845-16c8-11ed-9b5f-1234bde3cd05,US
0bf94ca2-16c8-11ed-9b5f-1234bde3cd05,US
0bf9508d-16c8-11ed-9b5f-1234bde3cd05,US
0bf95468-16c8-11ed-9b5f-1234bde3cd05,US
0bf95924-16c8-11ed-9b5f-1234bde3cd05,US
0bf95d9d-16c8-11ed-9b5f-1234bde3cd05,US
0bf961fd-16c8-11ed-9b5f-1234bde3cd05,US
0bf96574-16c8-11ed-9b5f-1234bde3cd05,US
0bf96cf2-16c8-11ed-9b5f-1234bde3cd05,US
0bf970e5-16c8-11ed-9b5f-1234bde3cd05,US
0bf974e6-16c8-11ed-9b5f-1234bde3cd05,US
0bf97892-16c8-11ed-9b5f-1234bde3cd05,US
0bf97cb1-16c8-11ed-9b5f-1234bde3cd05,US
0bf981c4-16c8-11ed-9b5f-1234bde3cd05,US
0bf9861f-16c8-11ed-9b5f-1234bde3cd05,US
0bf98a06-16c8-11ed-9b5f-1234bde3cd05,US
0bf98db6-16c8-11ed-9b5f-1234bde3cd05,US
0bf991b7-16c8-11ed-9b5f-1234bde3cd05,US
0bf99542-16c8-11ed-9b5f-1234bde3cd05,US
0bf99918-16c8-11ed-9b5f-1234bde3cd05,US
0bf99fac-16c8-11ed-9b5f-1234bde3cd05,US
0bf9a4a3-16c8-11ed-9b5f-1234bde3cd05,US
0bf9aa73-16c8-11ed-9b5f-1234bde3cd05,US
0bfb388e-16c8-11ed-9b5f-1234bde3cd05,US
0bfb3c7c-16c8-11ed-9b5f-1234bde3cd05,US
0bfb4069-16c8-11ed-9b5f-1234bde3cd05,US
0bfb4402-16c8-11ed-9b5f-1234bde3cd05,US
0bfb47e9-16c8-11ed-9b5f-1234bde3cd05,US
0bfb4beb-16c8-11ed-9b5f-1234bde3cd05,US
0bfb4fa5-16c8-11ed-9b5f-1234bde3cd05,US
0bfb53e8-16c8-11ed-9b5f-1234bde3cd05,US
0bfb5951-16c8-11ed-9b5f-1234bde3cd05,US
0bfb5d4f-16c8-11ed-9b5f-1234bde3cd05,US
0bfb6125-16c8-11ed-9b5f-1234bde3cd05,US
0bfb6640-16c8-11ed-9b5f-1234bde3cd05,US
0bfb6a33-16c8-11ed-9b5f-1234bde3cd05,US
0bfb6f5d-16c8-11ed-9b5f-1234bde3cd05,US
0bfb72d2-16c8-11ed-9b5f-1234bde3cd05,US
0bfb7679-16c8-11ed-9b5f-1234bde3cd05,US
0bfb7c38-16c8-11ed-9b5f-1234bde3cd05,US
0bfb801b-16c8-11ed-9b5f-1234bde3cd05,US
0bfb87e1-16c8-11ed-9b5f-1234bde3cd05,US
0bfb8d54-16c8-11ed-9b5f-1234bde3cd05,US
0bfb9147-16c8-11ed-9b5f-1234bde3cd05,US
0bfb9733-16c8-11ed-9b5f-1234bde3cd05,US
0bfba66d-16c8-11ed-9b5f-1234bde3cd05,US
0bfbaa68-16c8-11ed-9b5f-1234bde3cd05,US
0bfbae78-16c8-11ed-9b5f-1234bde3cd05,US
0bfbb24c-16c8-11ed-9b5f-1234bde3cd05,US
0bfbb5ff-16c8-11ed-9b5f-1234bde3cd05,US
0bfbb9e4-16c8-11ed-9b5f-1234bde3cd05,US
0bfbbe0d-16c8-11ed-9b5f-1234bde3cd05,US
0bfbc1ff-16c8-11ed-9b5f-1234bde3cd05,US
0bfbc5f4-16c8-11ed-9b5f-1234bde3cd05,US
0bfbc9c7-16c8-11ed-9b5f-1234bde3cd05,US
0bfbcdd2-16c8-11ed-9b5f-1234bde3cd05,US
0bfbd22a-16c8-11ed-9b5f-1234bde3cd05,US
0bfbd6b0-16c8-11ed-9b5f-1234bde3cd05,US
0bfbdaa7-16c8-11ed-9b5f-1234bde3cd05,US
0bfbde97-16c8-11ed-9b5f-1234bde3cd05,US
0bfbe27a-16c8-11ed-9b5f-1234bde3cd05,US
0bfbe67f-16c8-11ed-9b5f-1234bde3cd05,US
0bfbea71-16c8-11ed-9b5f-1234bde3cd05,US
0bfbffb5-16c8-11ed-9b5f-1234bde3cd05,US
0bfc03c0-16c8-11ed-9b5f-1234bde3cd05,US
0bfc0777-16c8-11ed-9b5f-1234bde3cd05,US
0bfc0b5a-16c8-11ed-9b5f-1234bde3cd05,US
0bfc0f30-16c8-11ed-9b5f-1234bde3cd05,US
0bfc16d5-16c8-11ed-9b5f-1234bde3cd05,US
0bfc1a7a-16c8-11ed-9b5f-1234bde3cd05,US
0bfc1ea6-16c8-11ed-9b5f-1234bde3cd05,US
0bfc2282-16c8-11ed-9b5f-1234bde3cd05,US
0bfc26ac-16c8-11ed-9b5f-1234bde3cd05,US
0bfc2a8c-16c8-11ed-9b5f-1234bde3cd05,US
0bfc2e59-16c8-11ed-9b5f-1234bde3cd05,US
0bfc3223-16c8-11ed-9b5f-1234bde3cd05,US
0bfc3634-16c8-11ed-9b5f-1234bde3cd05,US
0bfc3d78-16c8-11ed-9b5f-1234bde3cd05,US
0bfc4161-16c8-11ed-9b5f-1234bde3cd05,US
0bfc44f5-16c8-11ed-9b5f-1234bde3cd05,US
0bfc48f1-16c8-11ed-9b5f-1234bde3cd05,US
0bfc4d41-16c8-11ed-9b5f-1234bde3cd05,US
0bfc5177-16c8-11ed-9b5f-1234bde3cd05,US
0bfc552f-16c8-11ed-9b5f-1234bde3cd05,US
0bfc595b-16c8-11ed-9b5f-1234bde3cd05,US
0bfc5d48-16c8-11ed-9b5f-1234bde3cd05,US
0bfc6207-16c8-11ed-9b5f-1234bde3cd05,US
0bfc6607-16c8-11ed-9b5f-1234bde3cd05,US
0bfc69f7-16c8-11ed-9b5f-1234bde3cd05,US
0bfc6e6d-16c8-11ed-9b5f-1234bde3cd05,US
0bfc724b-16c8-11ed-9b5f-1234bde3cd05,US
0bfc7aa1-16c8-11ed-9b5f-1234bde3cd05,US
0bfc803c-16c8-11ed-9b5f-1234bde3cd05,US
0bfc8426-16c8-11ed-9b5f-1234bde3cd05,US
0bfc882e-16c8-11ed-9b5f-1234bde3cd05,US
0bfc8c50-16c8-11ed-9b5f-1234bde3cd05,US
0bfc913f-16c8-11ed-9b5f-1234bde3cd05,US
0bfc9aab-16c8-11ed-9b5f-1234bde3cd05,US
0bfca06a-16c8-11ed-9b5f-1234bde3cd05,US
0bfca46f-16c8-11ed-9b5f-1234bde3cd05,US
0bfca817-16c8-11ed-9b5f-1234bde3cd05,US
0bfcabcf-16c8-11ed-9b5f-1234bde3cd05,US
0c07734a-16c8-11ed-9b5f-1234bde3cd05,US
0c0777b7-16c8-11ed-9b5f-1234bde3cd05,US
0c077d9c-16c8-11ed-9b5f-1234bde3cd05,US
0c078161-16c8-11ed-9b5f-1234bde3cd05,US
0c07858b-16c8-11ed-9b5f-1234bde3cd05,US
0c078a48-16c8-11ed-9b5f-1234bde3cd05,US
0c078ea2-16c8-11ed-9b5f-1234bde3cd05,US
0c079292-16c8-11ed-9b5f-1234bde3cd05,US
0c079814-16c8-11ed-9b5f-1234bde3cd05,US
0c079be6-16c8-11ed-9b5f-1234bde3cd05,US
0c079fd3-16c8-11ed-9b5f-1234bde3cd05,GB
0c07a674-16c8-11ed-9b5f-1234bde3cd05,US
0c07af2b-16c8-11ed-9b5f-1234bde3cd05,US
0c07bfec-16c8-11ed-9b5f-1234bde3cd05,US
0c07c65a-16c8-11ed-9b5f-1234bde3cd05,US
0c07d628-16c8-11ed-9b5f-1234bde3cd05,US
0c07dd89-16c8-11ed-9b5f-1234bde3cd05,US
0c07e6a2-16c8-11ed-9b5f-1234bde3cd05,US
0c07f5d8-16c8-11ed-9b5f-1234bde3cd05,US
0c07fb45-16c8-11ed-9b5f-1234bde3cd05,DE
0c08017d-16c8-11ed-9b5f-1234bde3cd05,US
0c0808c0-16c8-11ed-9b5f-1234bde3cd05,US
0c0822c4-16c8-11ed-9b5f-1234bde3cd05,US
0c083131-16c8-11ed-9b5f-1234bde3cd05,US
0c0837ee-16c8-11ed-9b5f-1234bde3cd05,US
0c083ea6-16c8-11ed-9b5f-1234bde3cd05,US
0c084dee-16c8-11ed-9b5f-1234bde3cd05,US
0c0854c2-16c8-11ed-9b5f-1234bde3cd05,US
0c085b47-16c8-11ed-9b5f-1234bde3cd05,US
0c086c34-16c8-11ed-9b5f-1234bde3cd05,US
0c087272-16c8-11ed-9b5f-1234bde3cd05,US
0c08841f-16c8-11ed-9b5f-1234bde3cd05,US
0c088a98-16c8-11ed-9b5f-1234bde3cd05,US
0c089176-16c8-11ed-9b5f-1234bde3cd05,US
0c0897ea-16c8-11ed-9b5f-1234bde3cd05,US
0c08a961-16c8-11ed-9b5f-1234bde3cd05,US
0c08b006-16c8-11ed-9b5f-1234bde3cd05,US
0c08b6f5-16c8-11ed-9b5f-1234bde3cd05,US
0c08bda8-16c8-11ed-9b5f-1234bde3cd05,US
0c08c5c0-16c8-11ed-9b5f-1234bde3cd05,US
0c08cc7d-16c8-11ed-9b5f-1234bde3cd05,US
0c08d56c-16c8-11ed-9b5f-1234bde3cd05,US
0c2c4260-16c8-11ed-9b5f-1234bde3cd05,US
0c2c4a57-16c8-11ed-9b5f-1234bde3cd05,US
0c2c5c33-16c8-11ed-9b5f-1234bde3cd05,US
0c2c7297-16c8-11ed-9b5f-1234bde3cd05,US
0c2c8cba-16c8-11ed-9b5f-1234bde3cd05,US
0c2c93bd-16c8-11ed-9b5f-1234bde3cd05,US
0c2c9a95-16c8-11ed-9b5f-1234bde3cd05,US
0c2ca14b-16c8-11ed-9b5f-1234bde3cd05,US
0c2ca907-16c8-11ed-9b5f-1234bde3cd05,US
0c2cafdb-16c8-11ed-9b5f-1234bde3cd05,US
0c2cb716-16c8-11ed-9b5f-1234bde3cd05,US
0c2cbe09-16c8-11ed-9b5f-1234bde3cd05,US
0c2cd20c-16c8-11ed-9b5f-1234bde3cd05,US
0c2cdb48-16c8-11ed-9b5f-1234bde3cd05,US
0c2ff56d-16c8-11ed-9b5f-1234bde3cd05,US
0c2ffa7b-16c8-11ed-9b5f-1234bde3cd05,US
0c300156-16c8-11ed-9b5f-1234bde3cd05,US
0c3005e8-16c8-11ed-9b5f-1234bde3cd05,US
0c300c3e-16c8-11ed-9b5f-1234bde3cd05,US
0c30104c-16c8-11ed-9b5f-1234bde3cd05,US
0c30149d-16c8-11ed-9b5f-1234bde3cd05,US
0c4bc8f0-16c8-11ed-9b5f-1234bde3cd05,US
0c4bcee0-16c8-11ed-9b5f-1234bde3cd05,US
0c4be822-16c8-11ed-9b5f-1234bde3cd05,DE
0c4bf5c5-16c8-11ed-9b5f-1234bde3cd05,US
0c4bfa5b-16c8-11ed-9b5f-1234bde3cd05,US
0c4c0a86-16c8-11ed-9b5f-1234bde3cd05,US
0c4c1275-16c8-11ed-9b5f-1234bde3cd05,US
0c4c16ed-16c8-11ed-9b5f-1234bde3cd05,US
0c4c1ad8-16c8-11ed-9b5f-1234bde3cd05,US
0c4c201e-16c8-11ed-9b5f-1234bde3cd05,US
0c4c26e0-16c8-11ed-9b5f-1234bde3cd05,US
0c4c490d-16c8-11ed-9b5f-1234bde3cd05,US
0c4c4d8f-16c8-11ed-9b5f-1234bde3cd05,US
0c4c517c-16c8-11ed-9b5f-1234bde3cd05,US
0c4c556f-16c8-11ed-9b5f-1234bde3cd05,US
0c4c5998-16c8-11ed-9b5f-1234bde3cd05,US
0c4c5e95-16c8-11ed-9b5f-1234bde3cd05,US
0c4c6319-16c8-11ed-9b5f-1234bde3cd05,US
0c4c6771-16c8-11ed-9b5f-1234bde3cd05,US
0c4c6e36-16c8-11ed-9b5f-1234bde3cd05,US
0c4c768d-16c8-11ed-9b5f-1234bde3cd05,US
0c4c7aa3-16c8-11ed-9b5f-1234bde3cd05,US
0c4c7f56-16c8-11ed-9b5f-1234bde3cd05,US
0c4c851a-16c8-11ed-9b5f-1234bde3cd05,US
0c4f9d3e-16c8-11ed-9b5f-1234bde3cd05,US
0c4fa19b-16c8-11ed-9b5f-1234bde3cd05,US
0c4fa785-16c8-11ed-9b5f-1234bde3cd05,US
0c4fab9e-16c8-11ed-9b5f-1234bde3cd05,US
0c4fafce-16c8-11ed-9b5f-1234bde3cd05,US
0c4fb5d0-16c8-11ed-9b5f-1234bde3cd05,US
0c4fbba9-16c8-11ed-9b5f-1234bde3cd05,US
0c4fc018-16c8-11ed-9b5f-1234bde3cd05,US
0c4fc585-16c8-11ed-9b5f-1234bde3cd05,US
0c4fdc3d-16c8-11ed-9b5f-1234bde3cd05,US
0ca478dc-16c8-11ed-9b5f-1234bde3cd05,US
0ca4827f-16c8-11ed-9b5f-1234bde3cd05,US
0ca4873a-16c8-11ed-9b5f-1234bde3cd05,US
0ca498ab-16c8-11ed-9b5f-1234bde3cd05,US
0ca49d0f-16c8-11ed-9b5f-1234bde3cd05,US
0ca4a4df-16c8-11ed-9b5f-1234bde3cd05,US
0ca4a8f6-16c8-11ed-9b5f-1234bde3cd05,GB
0ca4ae89-16c8-11ed-9b5f-1234bde3cd05,US
0ca4b515-16c8-11ed-9b5f-1234bde3cd05,US
0ca4b945-16c8-11ed-9b5f-1234bde3cd05,US
0ca4be8f-16c8-11ed-9b5f-1234bde3cd05,US
0ca4c2f7-16c8-11ed-9b5f-1234bde3cd05,US
0ca4ca75-16c8-11ed-9b5f-1234bde3cd05,US
0cba572f-16c8-11ed-9b5f-1234bde3cd05,US
0cba6063-16c8-11ed-9b5f-1234bde3cd05,US
0cba6560-16c8-11ed-9b5f-1234bde3cd05,US
0cba789b-16c8-11ed-9b5f-1234bde3cd05,US
0cba87e1-16c8-11ed-9b5f-1234bde3cd05,US
0cba9056-16c8-11ed-9b5f-1234bde3cd05,US
0cba9546-16c8-11ed-9b5f-1234bde3cd05,US
0cba9996-16c8-11ed-9b5f-1234bde3cd05,US
0cbaa486-16c8-11ed-9b5f-1234bde3cd05,US
0cbab0c5-16c8-11ed-9b5f-1234bde3cd05,US
0cbabad3-16c8-11ed-9b5f-1234bde3cd05,US
0cbabf40-16c8-11ed-9b5f-1234bde3cd05,US
0cbacc66-16c8-11ed-9b5f-1234bde3cd05,US
0cbad0e4-16c8-11ed-9b5f-1234bde3cd05,US
0cbadf3d-16c8-11ed-9b5f-1234bde3cd05,US
0cbaf15e-16c8-11ed-9b5f-1234bde3cd05,US
0cbaf586-16c8-11ed-9b5f-1234bde3cd05,US
0cbaf950-16c8-11ed-9b5f-1234bde3cd05,US
0cbafe50-16c8-11ed-9b5f-1234bde3cd05,US
0cbb02a4-16c8-11ed-9b5f-1234bde3cd05,US
0cbb06f2-16c8-11ed-9b5f-1234bde3cd05,US
0cbb0def-16c8-11ed-9b5f-1234bde3cd05,US
0cbb1219-16c8-11ed-9b5f-1234bde3cd05,US
0cbb18d1-16c8-11ed-9b5f-1234bde3cd05,US
0cbb2857-16c8-11ed-9b5f-1234bde3cd05,US
0cbb31b7-16c8-11ed-9b5f-1234bde3cd05,US
0cbb361b-16c8-11ed-9b5f-1234bde3cd05,US
0cbb3b3c-16c8-11ed-9b5f-1234bde3cd05,US
0ccdb8c4-16c8-11ed-9b5f-1234bde3cd05,US
0ccdbfc2-16c8-11ed-9b5f-1234bde3cd05,US
0ccdc61c-16c8-11ed-9b5f-1234bde3cd05,US
0ccdcd88-16c8-11ed-9b5f-1234bde3cd05,US
0ccdd3ac-16c8-11ed-9b5f-1234bde3cd05,US
0ccddeb6-16c8-11ed-9b5f-1234bde3cd05,US
0ccde53e-16c8-11ed-9b5f-1234bde3cd05,US
0ccdee23-16c8-11ed-9b5f-1234bde3cd05,US
0ccdf4c8-16c8-11ed-9b5f-1234bde3cd05,US
0ccdfb8f-16c8-11ed-9b5f-1234bde3cd05,US
0cce027e-16c8-11ed-9b5f-1234bde3cd05,US
0cce0969-16c8-11ed-9b5f-1234bde3cd05,US
0cce0fcf-16c8-11ed-9b5f-1234bde3cd05,US
0cce1f9b-16c8-11ed-9b5f-1234bde3cd05,US
0cce2929-16c8-11ed-9b5f-1234bde3cd05,US
0cce2faf-16c8-11ed-9b5f-1234bde3cd05,US
0cce3667-16c8-11ed-9b5f-1234bde3cd05,US
0cce3cce-16c8-11ed-9b5f-1234bde3cd05,US
0cd156bf-16c8-11ed-9b5f-1234bde3cd05,US
0cd15d88-16c8-11ed-9b5f-1234bde3cd05,US
0cd1778a-16c8-11ed-9b5f-1234bde3cd05,US
0cd18a31-16c8-11ed-9b5f-1234bde3cd05,US
0cd19268-16c8-11ed-9b5f-1234bde3cd05,US
0cd1998f-16c8-11ed-9b5f-1234bde3cd05,US
0cd1ac12-16c8-11ed-9b5f-1234bde3cd05,US
0cd1b235-16c8-11ed-9b5f-1234bde3cd05,US
0cd1b8ab-16c8-11ed-9b5f-1234bde3cd05,US
0cd1c186-16c8-11ed-9b5f-1234bde3cd05,US
0cd1c854-16c8-11ed-9b5f-1234bde3cd05,US
0cd1cf17-16c8-11ed-9b5f-1234bde3cd05,US
0cd1d53e-16c8-11ed-9b5f-1234bde3cd05,US
0cd1db4d-16c8-11ed-9b5f-1234bde3cd05,US
0cd1e24a-16c8-11ed-9b5f-1234bde3cd05,US
0cd1e953-16c8-11ed-9b5f-1234bde3cd05,US
0cd1f02a-16c8-11ed-9b5f-1234bde3cd05,US
0cd1f748-16c8-11ed-9b5f-1234bde3cd05,US
0cd1fdf5-16c8-11ed-9b5f-1234bde3cd05,US
0cd2048d-16c8-11ed-9b5f-1234bde3cd05,US
0cd217a0-16c8-11ed-9b5f-1234bde3cd05,US
0cd21e90-16c8-11ed-9b5f-1234bde3cd05,US
0cd22520-16c8-11ed-9b5f-1234bde3cd05,US
0cd235a5-16c8-11ed-9b5f-1234bde3cd05,US
0cd23a4a-16c8-11ed-9b5f-1234bde3cd05,US
0ceae54e-16c8-11ed-9b5f-1234bde3cd05,US
0ceaea63-16c8-11ed-9b5f-1234bde3cd05,US
0ceaeed0-16c8-11ed-9b5f-1234bde3cd05,US
0ceaf5e9-16c8-11ed-9b5f-1234bde3cd05,US
0cf7488f-16c8-11ed-9b5f-1234bde3cd05,US
0d0524cf-16c8-11ed-9b5f-1234bde3cd05,US
0d052bc9-16c8-11ed-9b5f-1234bde3cd05,US
0d053a1a-16c8-11ed-9b5f-1234bde3cd05,US
0d054244-16c8-11ed-9b5f-1234bde3cd05,US
0d0545e7-16c8-11ed-9b5f-1234bde3cd05,GB
0d0549f8-16c8-11ed-9b5f-1234bde3cd05,US
0d054e15-16c8-11ed-9b5f-1234bde3cd05,US
0d05525e-16c8-11ed-9b5f-1234bde3cd05,US
0d05567a-16c8-11ed-9b5f-1234bde3cd05,US
0d055b62-16c8-11ed-9b5f-1234bde3cd05,US
0d055f4e-16c8-11ed-9b5f-1234bde3cd05,US
0d056cf8-16c8-11ed-9b5f-1234bde3cd05,US
0d05755f-16c8-11ed-9b5f-1234bde3cd05,US
0d0579e1-16c8-11ed-9b5f-1234bde3cd05,US
0d057e5b-16c8-11ed-9b5f-1234bde3cd05,US
0d0582ba-16c8-11ed-9b5f-1234bde3cd05,US
0d0586e1-16c8-11ed-9b5f-1234bde3cd05,US
0d058b0f-16c8-11ed-9b5f-1234bde3cd05,US
0d058f15-16c8-11ed-9b5f-1234bde3cd05,US
0d1369e0-16c8-11ed-9b5f-1234bde3cd05,US
0d136e19-16c8-11ed-9b5f-1234bde3cd05,US
0d137370-16c8-11ed-9b5f-1234bde3cd05,US
0d13821a-16c8-11ed-9b5f-1234bde3cd05,US
0d13867b-16c8-11ed-9b5f-1234bde3cd05,US
0d138b03-16c8-11ed-9b5f-1234bde3cd05,US
0d138f45-16c8-11ed-9b5f-1234bde3cd05,US
0d13932b-16c8-11ed-9b5f-1234bde3cd05,US
0d139790-16c8-11ed-9b5f-1234bde3cd05,US
0d139b93-16c8-11ed-9b5f-1234bde3cd05,US
0d139fe2-16c8-11ed-9b5f-1234bde3cd05,US
0d13a559-16c8-11ed-9b5f-1234bde3cd05,US
0d13b67b-16c8-11ed-9b5f-1234bde3cd05,US
0d13bc1e-16c8-11ed-9b5f-1234bde3cd05,US
0d13c08f-16c8-11ed-9b5f-1234bde3cd05,US
0d13c4bc-16c8-11ed-9b5f-1234bde3cd05,US
0d13c90c-16c8-11ed-9b5f-1234bde3cd05,US
0d13dbdb-16c8-11ed-9b5f-1234bde3cd05,US
0d13e06f-16c8-11ed-9b5f-1234bde3cd05,US
0d13e474-16c8-11ed-9b5f-1234bde3cd05,US
0d13e995-16c8-11ed-9b5f-1234bde3cd05,US
0d13edb2-16c8-11ed-9b5f-1234bde3cd05,US
0d13f8da-16c8-11ed-9b5f-1234bde3cd05,US
0d13fcf9-16c8-11ed-9b5f-1234bde3cd05,US
0d14025e-16c8-11ed-9b5f-1234bde3cd05,US
0d140644-16c8-11ed-9b5f-1234bde3cd05,US
0d140a54-16c8-11ed-9b5f-1234bde3cd05,US
0d140e7a-16c8-11ed-9b5f-1234bde3cd05,US
0d14132b-16c8-11ed-9b5f-1234bde3cd05,US
0d141809-16c8-11ed-9b5f-1234bde3cd05,US
0d141baa-16c8-11ed-9b5f-1234bde3cd05,AT
0d141fb0-16c8-11ed-9b5f-1234bde3cd05,US
0d142b56-16c8-11ed-9b5f-1234bde3cd05,US
0d143346-16c8-11ed-9b5f-1234bde3cd05,US
0d143737-16c8-11ed-9b5f-1234bde3cd05,US
0d143cc1-16c8-11ed-9b5f-1234bde3cd05,US
0d145102-16c8-11ed-9b5f-1234bde3cd05,US
0d1456de-16c8-11ed-9b5f-1234bde3cd05,US
0d145b1d-16c8-11ed-9b5f-1234bde3cd05,US
0d145fb0-16c8-11ed-9b5f-1234bde3cd05,US
0d1463cc-16c8-11ed-9b5f-1234bde3cd05,US
0d1467c1-16c8-11ed-9b5f-1234bde3cd05,US
0d146ba7-16c8-11ed-9b5f-1234bde3cd05,US
0d1471d9-16c8-11ed-9b5f-1234bde3cd05,US
0d147d55-16c8-11ed-9b5f-1234bde3cd05,US
0d1481cc-16c8-11ed-9b5f-1234bde3cd05,US
0d1487d7-16c8-11ed-9b5f-1234bde3cd05,US
0d149963-16c8-11ed-9b5f-1234bde3cd05,US
0d149dc7-16c8-11ed-9b5f-1234bde3cd05,US
0d14b051-16c8-11ed-9b5f-1234bde3cd05,US
0d14b5ad-16c8-11ed-9b5f-1234bde3cd05,US
0d14bb96-16c8-11ed-9b5f-1234bde3cd05,US
0d14c1b8-16c8-11ed-9b5f-1234bde3cd05,US
0d14c66b-16c8-11ed-9b5f-1234bde3cd05,US
0d14d37b-16c8-11ed-9b5f-1234bde3cd05,US
0d14d7d6-16c8-11ed-9b5f-1234bde3cd05,US
0d14e594-16c8-11ed-9b5f-1234bde3cd05,US
0d14ed65-16c8-11ed-9b5f-1234bde3cd05,US
0d14f166-16c8-11ed-9b5f-1234bde3cd05,US
0d14f559-16c8-11ed-9b5f-1234bde3cd05,US
0d14fb0e-16c8-11ed-9b5f-1234bde3cd05,US
0d14ff07-16c8-11ed-9b5f-1234bde3cd05,US
0d1502ed-16c8-11ed-9b5f-1234bde3cd05,US
0d1506de-16c8-11ed-9b5f-1234bde3cd05,US
0d150ab2-16c8-11ed-9b5f-1234bde3cd05,US
0d150ebb-16c8-11ed-9b5f-1234bde3cd05,US
0d1512bb-16c8-11ed-9b5f-1234bde3cd05,US
0d152004-16c8-11ed-9b5f-1234bde3cd05,US
0d152446-16c8-11ed-9b5f-1234bde3cd05,US
0d15287d-16c8-11ed-9b5f-1234bde3cd05,US
0d152c7b-16c8-11ed-9b5f-1234bde3cd05,US
0d15305a-16c8-11ed-9b5f-1234bde3cd05,US
0d153463-16c8-11ed-9b5f-1234bde3cd05,US
0d154ada-16c8-11ed-9b5f-1234bde3cd05,US
0d154efc-16c8-11ed-9b5f-1234bde3cd05,US
0d1557b9-16c8-11ed-9b5f-1234bde3cd05,US
0d155bad-16c8-11ed-9b5f-1234bde3cd05,US
0d155fe4-16c8-11ed-9b5f-1234bde3cd05,US
0d15646f-16c8-11ed-9b5f-1234bde3cd05,US
0d156c8a-16c8-11ed-9b5f-1234bde3cd05,US
0d157085-16c8-11ed-9b5f-1234bde3cd05,US
0d157727-16c8-11ed-9b5f-1234bde3cd05,US
0d157b1c-16c8-11ed-9b5f-1234bde3cd05,US
0d158051-16c8-11ed-9b5f-1234bde3cd05,US
0d3d8204-16c8-11ed-9b5f-1234bde3cd05,US
0d3d87ce-16c8-11ed-9b5f-1234bde3cd05,US
0d3d8c26-16c8-11ed-9b5f-1234bde3cd05,US
0d3d90b6-16c8-11ed-9b5f-1234bde3cd05,US
0d3d9528-16c8-11ed-9b5f-1234bde3cd05,US
0d3da518-16c8-11ed-9b5f-1234bde3cd05,US
0d3dab31-16c8-11ed-9b5f-1234bde3cd05,US
0d3dba72-16c8-11ed-9b5f-1234bde3cd05,US
0d3dbf29-16c8-11ed-9b5f-1234bde3cd05,US
0d3dc52f-16c8-11ed-9b5f-1234bde3cd05,US
0d3dc969-16c8-11ed-9b5f-1234bde3cd05,US
0d3dcd7a-16c8-11ed-9b5f-1234bde3cd05,US
0d3dd319-16c8-11ed-9b5f-1234bde3cd05,US
0d3dd740-16c8-11ed-9b5f-1234bde3cd05,US
0d3ddae9-16c8-11ed-9b5f-1234bde3cd05,US
0d3dde72-16c8-11ed-9b5f-1234bde3cd05,US
0d3de2fc-16c8-11ed-9b5f-1234bde3cd05,US
0d3de74f-16c8-11ed-9b5f-1234bde3cd05,US
0d3dec90-16c8-11ed-9b5f-1234bde3cd05,US
0d3df0e6-16c8-11ed-9b5f-1234bde3cd05,US
0d3df516-16c8-11ed-9b5f-1234bde3cd05,US
0d3dfbac-16c8-11ed-9b5f-1234bde3cd05,US
0d3dff02-16c8-11ed-9b5f-1234bde3cd05,DE
0d3e037d-16c8-11ed-9b5f-1234bde3cd05,US
0d3e1271-16c8-11ed-9b5f-1234bde3cd05,US
0d3e1706-16c8-11ed-9b5f-1234bde3cd05,US
0d3e1b14-16c8-11ed-9b5f-1234bde3cd05,US
0d3e1f18-16c8-11ed-9b5f-1234bde3cd05,US
0d3e2327-16c8-11ed-9b5f-1234bde3cd05,US
0d3e2ab3-16c8-11ed-9b5f-1234bde3cd05,US
0d3e2f15-16c8-11ed-9b5f-1234bde3cd05,US
0d3e334d-16c8-11ed-9b5f-1234bde3cd05,US
0d3e389b-16c8-11ed-9b5f-1234bde3cd05,US
0d3e3e39-16c8-11ed-9b5f-1234bde3cd05,US
0d3e4269-16c8-11ed-9b5f-1234bde3cd05,US
0d3e4810-16c8-11ed-9b5f-1234bde3cd05,US
0d3e5a1c-16c8-11ed-9b5f-1234bde3cd05,US
0d3e5ead-16c8-11ed-9b5f-1234bde3cd05,US
0d3e701c-16c8-11ed-9b5f-1234bde3cd05,US
0d3e742b-16c8-11ed-9b5f-1234bde3cd05,US
0d3e80dd-16c8-11ed-9b5f-1234bde3cd05,US
0d3e8521-16c8-11ed-9b5f-1234bde3cd05,US
0d3e890d-16c8-11ed-9b5f-1234bde3cd05,US
0d3e8cff-16c8-11ed-9b5f-1234bde3cd05,US
0d3e9102-16c8-11ed-9b5f-1234bde3cd05,US
0d3e9539-16c8-11ed-9b5f-1234bde3cd05,US
0d3ea465-16c8-11ed-9b5f-1234bde3cd05,US
0d3ea8fc-16c8-11ed-9b5f-1234bde3cd05,US
0d3ead58-16c8-11ed-9b5f-1234bde3cd05,US
0d3eb2cc-16c8-11ed-9b5f-1234bde3cd05,US
0d3ec34c-16c8-11ed-9b5f-1234bde3cd05,US
0d3ec795-16c8-11ed-9b5f-1234bde3cd05,US
0d3ecdd6-16c8-11ed-9b5f-1234bde3cd05,US
0d3ed3bb-16c8-11ed-9b5f-1234bde3cd05,DE
0d3ed888-16c8-11ed-9b5f-1234bde3cd05,US
0d3edc7b-16c8-11ed-9b5f-1234bde3cd05,US
0d3ee1b8-16c8-11ed-9b5f-1234bde3cd05,US
0d3ee5c1-16c8-11ed-9b5f-1234bde3cd05,US
0d3ef29a-16c8-11ed-9b5f-1234bde3cd05,US
0d3ef6e7-16c8-11ed-9b5f-1234bde3cd05,US
0d3efb00-16c8-11ed-9b5f-1234bde3cd05,US
0d3f00e2-16c8-11ed-9b5f-1234bde3cd05,US
0d3f054e-16c8-11ed-9b5f-1234bde3cd05,US
0d3f0b13-16c8-11ed-9b5f-1234bde3cd05,US
0d3f0f11-16c8-11ed-9b5f-1234bde3cd05,US
0d3f1323-16c8-11ed-9b5f-1234bde3cd05,US
0d3f1769-16c8-11ed-9b5f-1234bde3cd05,US
0d3f1b74-16c8-11ed-9b5f-1234bde3cd05,US
0d3f2054-16c8-11ed-9b5f-1234bde3cd05,US
0d3f2482-16c8-11ed-9b5f-1234bde3cd05,US
0d3f291b-16c8-11ed-9b5f-1234bde3cd05,US
0d3f2d0e-16c8-11ed-9b5f-1234bde3cd05,US
0d3f37ce-16c8-11ed-9b5f-1234bde3cd05,US
0d3f3c81-16c8-11ed-9b5f-1234bde3cd05,US
0d3f40b5-16c8-11ed-9b5f-1234bde3cd05,US
0d3f443e-16c8-11ed-9b5f-1234bde3cd05,DE
0d3f4995-16c8-11ed-9b5f-1234bde3cd05,US
0d3f56d2-16c8-11ed-9b5f-1234bde3cd05,US
0d3f6882-16c8-11ed-9b5f-1234bde3cd05,US
0d3f6e47-16c8-11ed-9b5f-1234bde3cd05,US
0d3f72a4-16c8-11ed-9b5f-1234bde3cd05,US
0d3f76e1-16c8-11ed-9b5f-1234bde3cd05,US
0d3f7b24-16c8-11ed-9b5f-1234bde3cd05,US
0d3f7f4b-16c8-11ed-9b5f-1234bde3cd05,US
0d3f8339-16c8-11ed-9b5f-1234bde3cd05,US
0d3f86fd-16c8-11ed-9b5f-1234bde3cd05,US
0d3f8ad5-16c8-11ed-9b5f-1234bde3cd05,US
0d3f948b-16c8-11ed-9b5f-1234bde3cd05,US
0d3f989e-16c8-11ed-9b5f-1234bde3cd05,US
0d3f9c7a-16c8-11ed-9b5f-1234bde3cd05,US
0d3fa057-16c8-11ed-9b5f-1234bde3cd05,US
0d3fa3c0-16c8-11ed-9b5f-1234bde3cd05,DE
0d3fa6db-16c8-11ed-9b5f-1234bde3cd05,DE
0d3fabf2-16c8-11ed-9b5f-1234bde3cd05,US
0d3fb2d9-16c8-11ed-9b5f-1234bde3cd05,US
0d3fc192-16c8-11ed-9b5f-1234bde3cd05,US
0d3fc907-16c8-11ed-9b5f-1234bde3cd05,US
0d3fcffe-16c8-11ed-9b5f-1234bde3cd05,DE
0d3fd3f0-16c8-11ed-9b5f-1234bde3cd05,US
0d3fe272-16c8-11ed-9b5f-1234bde3cd05,US
0d3ff0b1-16c8-11ed-9b5f-1234bde3cd05,US
0d3ff5a0-16c8-11ed-9b5f-1234bde3cd05,US
0d3ff9c0-16c8-11ed-9b5f-1234bde3cd05,US
0d40001a-16c8-11ed-9b5f-1234bde3cd05,US
0d400591-16c8-11ed-9b5f-1234bde3cd05,US
0d400b22-16c8-11ed-9b5f-1234bde3cd05,US
0d401777-16c8-11ed-9b5f-1234bde3cd05,US
0d401e67-16c8-11ed-9b5f-1234bde3cd05,US
0d40223d-16c8-11ed-9b5f-1234bde3cd05,US
0d40264e-16c8-11ed-9b5f-1234bde3cd05,US
0d4039d0-16c8-11ed-9b5f-1234bde3cd05,US
0d4040d4-16c8-11ed-9b5f-1234bde3cd05,US
0d4056e0-16c8-11ed-9b5f-1234bde3cd05,US
0d405b76-16c8-11ed-9b5f-1234bde3cd05,US
0d405f96-16c8-11ed-9b5f-1234bde3cd05,US
0d406739-16c8-11ed-9b5f-1234bde3cd05,US
0d406be3-16c8-11ed-9b5f-1234bde3cd05,US
0d406f54-16c8-11ed-9b5f-1234bde3cd05,DE
0d407423-16c8-11ed-9b5f-1234bde3cd05,DE
0d407e2d-16c8-11ed-9b5f-1234bde3cd05,US
0d4082c0-16c8-11ed-9b5f-1234bde3cd05,US
0d40941d-16c8-11ed-9b5f-1234bde3cd05,US
0d4098a2-16c8-11ed-9b5f-1234bde3cd05,US
0d409cc6-16c8-11ed-9b5f-1234bde3cd05,US
0d40aa2e-16c8-11ed-9b5f-1234bde3cd05,US
0d40ae81-16c8-11ed-9b5f-1234bde3cd05,US
0d40bbde-16c8-11ed-9b5f-1234bde3cd05,US
0d40bfab-16c8-11ed-9b5f-1234bde3cd05,US
0d40c369-16c8-11ed-9b5f-1234bde3cd05,US
0d40c76c-16c8-11ed-9b5f-1234bde3cd05,US
0d40cba9-16c8-11ed-9b5f-1234bde3cd05,US
0d40dd1f-16c8-11ed-9b5f-1234bde3cd05,US
0d40e156-16c8-11ed-9b5f-1234bde3cd05,US
0d40ee75-16c8-11ed-9b5f-1234bde3cd05,US
0d40f283-16c8-11ed-9b5f-1234bde3cd05,US
0d40fa7f-16c8-11ed-9b5f-1234bde3cd05,US
0d40fe7f-16c8-11ed-9b5f-1234bde3cd05,US
0d410334-16c8-11ed-9b5f-1234bde3cd05,US
0d41089f-16c8-11ed-9b5f-1234bde3cd05,US
0d410e1b-16c8-11ed-9b5f-1234bde3cd05,US
0d411dd6-16c8-11ed-9b5f-1234bde3cd05,US
0d47492f-16c8-11ed-9b5f-1234bde3cd05,US
0d474ef4-16c8-11ed-9b5f-1234bde3cd05,US
0d48ddc1-16c8-11ed-9b5f-1234bde3cd05,US
0d48e203-16c8-11ed-9b5f-1234bde3cd05,US
0d5ffb68-16c8-11ed-9b5f-1234bde3cd05,US
0d60007c-16c8-11ed-9b5f-1234bde3cd05,DE
0d67b5e4-16c8-11ed-9b5f-1234bde3cd05,US
0d70f635-16c8-11ed-9b5f-1234bde3cd05,US
0d70fbcc-16c8-11ed-9b5f-1234bde3cd05,US
0d710359-16c8-11ed-9b5f-1234bde3cd05,US
0d7107b5-16c8-11ed-9b5f-1234bde3cd05,US
0d710c6d-16c8-11ed-9b5f-1234bde3cd05,US
0d7110ff-16c8-11ed-9b5f-1234bde3cd05,US
0d711528-16c8-11ed-9b5f-1234bde3cd05,US
0d711a44-16c8-11ed-9b5f-1234bde3cd05,LU
0d711e4e-16c8-11ed-9b5f-1234bde3cd05,US
0d809525-16c8-11ed-9b5f-1234bde3cd05,US
0d8099fc-16c8-11ed-9b5f-1234bde3cd05,US
0d809e47-16c8-11ed-9b5f-1234bde3cd05,US
0d80a2ab-16c8-11ed-9b5f-1234bde3cd05,US
0d80a707-16c8-11ed-9b5f-1234bde3cd05,US
0d80ab6d-16c8-11ed-9b5f-1234bde3cd05,US
0d80b486-16c8-11ed-9b5f-1234bde3cd05,US
0d901b6c-16c8-11ed-9b5f-1234bde3cd05,US
0d9020dd-16c8-11ed-9b5f-1234bde3cd05,US
0d902532-16c8-11ed-9b5f-1234bde3cd05,US
0d90299e-16c8-11ed-9b5f-1234bde3cd05,US
0d902e1d-16c8-11ed-9b5f-1234bde3cd05,US
0d9032b1-16c8-11ed-9b5f-1234bde3cd05,US
0d90370e-16c8-11ed-9b5f-1234bde3cd05,US
0d903c56-16c8-11ed-9b5f-1234bde3cd05,US
0d9040d0-16c8-11ed-9b5f-1234bde3cd05,US
0d9044fb-16c8-11ed-9b5f-1234bde3cd05,US
0d9049c2-16c8-11ed-9b5f-1234bde3cd05,US
0d904db3-16c8-11ed-9b5f-1234bde3cd05,US
0de98b41-16c8-11ed-9b5f-1234bde3cd05,US
0de9914c-16c8-11ed-9b5f-1234bde3cd05,US
0de99595-16c8-11ed-9b5f-1234bde3cd05,US
0de9a668-16c8-11ed-9b5f-1234bde3cd05,US
0de9ab85-16c8-11ed-9b5f-1234bde3cd05,US
0de9b054-16c8-11ed-9b5f-1234bde3cd05,US
0de9b4c0-16c8-11ed-9b5f-1234bde3cd05,US
0de9c8ef-16c8-11ed-9b5f-1234bde3cd05,US
0de9cd88-16c8-11ed-9b5f-1234bde3cd05,US
0de9dc1b-16c8-11ed-9b5f-1234bde3cd05,US
0de9eb58-16c8-11ed-9b5f-1234bde3cd05,US
0de9efd8-16c8-11ed-9b5f-1234bde3cd05,US
0de9f40e-16c8-11ed-9b5f-1234bde3cd05,US
0de9f858-16c8-11ed-9b5f-1234bde3cd05,US
0de9ff94-16c8-11ed-9b5f-1234bde3cd05,US
0dea0e46-16c8-11ed-9b5f-1234bde3cd05,US
0dea12fd-16c8-11ed-9b5f-1234bde3cd05,US
0dea192e-16c8-11ed-9b5f-1234bde3cd05,US
0dea249a-16c8-11ed-9b5f-1234bde3cd05,US
0dea28de-16c8-11ed-9b5f-1234bde3cd05,US
0dea2c83-16c8-11ed-9b5f-1234bde3cd05,HR
0dea343b-16c8-11ed-9b5f-1234bde3cd05,US
0dea3898-16c8-11ed-9b5f-1234bde3cd05,US
0dea3c71-16c8-11ed-9b5f-1234bde3cd05,US
0dea409f-16c8-11ed-9b5f-1234bde3cd05,US
0dea44d3-16c8-11ed-9b5f-1234bde3cd05,US
0dea49a1-16c8-11ed-9b5f-1234bde3cd05,US
0dea5981-16c8-11ed-9b5f-1234bde3cd05,US
0dea601a-16c8-11ed-9b5f-1234bde3cd05,US
0e09263d-16c8-11ed-9b5f-1234bde3cd05,US
0e092c85-16c8-11ed-9b5f-1234bde3cd05,US
0e09311d-16c8-11ed-9b5f-1234bde3cd05,US
0e094b7a-16c8-11ed-9b5f-1234bde3cd05,US
0e095108-16c8-11ed-9b5f-1234bde3cd05,US
0e0955e9-16c8-11ed-9b5f-1234bde3cd05,US
0e095999-16c8-11ed-9b5f-1234bde3cd05,HR
0e18c383-16c8-11ed-9b5f-1234bde3cd05,US
0e18d208-16c8-11ed-9b5f-1234bde3cd05,US
0e18d663-16c8-11ed-9b5f-1234bde3cd05,US
0e18dacd-16c8-11ed-9b5f-1234bde3cd05,US
0e18df44-16c8-11ed-9b5f-1234bde3cd05,US
0e18e3cf-16c8-11ed-9b5f-1234bde3cd05,US
0e18e909-16c8-11ed-9b5f-1234bde3cd05,US
0e18ed70-16c8-11ed-9b5f-1234bde3cd05,US
0e190234-16c8-11ed-9b5f-1234bde3cd05,US
0e1913e9-16c8-11ed-9b5f-1234bde3cd05,US
0e191cb5-16c8-11ed-9b5f-1234bde3cd05,US
0e192411-16c8-11ed-9b5f-1234bde3cd05,US
0e19286d-16c8-11ed-9b5f-1234bde3cd05,US
0e192f1c-16c8-11ed-9b5f-1234bde3cd05,US
0e19337f-16c8-11ed-9b5f-1234bde3cd05,US
0e1937f5-16c8-11ed-9b5f-1234bde3cd05,US
0e193c05-16c8-11ed-9b5f-1234bde3cd05,US
0e194079-16c8-11ed-9b5f-1234bde3cd05,US
0e194495-16c8-11ed-9b5f-1234bde3cd05,US
0e1948d2-16c8-11ed-9b5f-1234bde3cd05,US
0e194cea-16c8-11ed-9b5f-1234bde3cd05,US
0e1951ae-16c8-11ed-9b5f-1234bde3cd05,US
0e196317-16c8-11ed-9b5f-1234bde3cd05,US
0e1968ff-16c8-11ed-9b5f-1234bde3cd05,US
0e196dc0-16c8-11ed-9b5f-1234bde3cd05,US
0e197eb0-16c8-11ed-9b5f-1234bde3cd05,US
0e19833f-16c8-11ed-9b5f-1234bde3cd05,US
0e1987b4-16c8-11ed-9b5f-1234bde3cd05,US
0e198c20-16c8-11ed-9b5f-1234bde3cd05,US
0e199066-16c8-11ed-9b5f-1234bde3cd05,US
0e1994c5-16c8-11ed-9b5f-1234bde3cd05,US
0e1998e7-16c8-11ed-9b5f-1234bde3cd05,US
0e199d1b-16c8-11ed-9b5f-1234bde3cd05,US
0e19a146-16c8-11ed-9b5f-1234bde3cd05,US
0e19a81b-16c8-11ed-9b5f-1234bde3cd05,US
0e19bd78-16c8-11ed-9b5f-1234bde3cd05,US
0e19c1c8-16c8-11ed-9b5f-1234bde3cd05,US
0e19c5a7-16c8-11ed-9b5f-1234bde3cd05,US
0e19ca83-16c8-11ed-9b5f-1234bde3cd05,US
0e19d1c4-16c8-11ed-9b5f-1234bde3cd05,US
0e19d5ae-16c8-11ed-9b5f-1234bde3cd05,US
0e19d9d9-16c8-11ed-9b5f-1234bde3cd05,US
0e19de01-16c8-11ed-9b5f-1234bde3cd05,US
0e19e21d-16c8-11ed-9b5f-1234bde3cd05,US
0e19e974-16c8-11ed-9b5f-1234bde3cd05,US
0e19faeb-16c8-11ed-9b5f-1234bde3cd05,US
0e19ff57-16c8-11ed-9b5f-1234bde3cd05,US
0e1a0398-16c8-11ed-9b5f-1234bde3cd05,US
0e1a07e2-16c8-11ed-9b5f-1234bde3cd05,US
0e1a0ca5-16c8-11ed-9b5f-1234bde3cd05,US
0e1a1183-16c8-11ed-9b5f-1234bde3cd05,US
0e1a1596-16c8-11ed-9b5f-1234bde3cd05,US
0e1a19e2-16c8-11ed-9b5f-1234bde3cd05,US
0e1a1e14-16c8-11ed-9b5f-1234bde3cd05,US
0e1a2242-16c8-11ed-9b5f-1234bde3cd05,US
0e1a2668-16c8-11ed-9b5f-1234bde3cd05,US
0e1a3742-16c8-11ed-9b5f-1234bde3cd05,US
0e1a4257-16c8-11ed-9b5f-1234bde3cd05,US
0e1d5bac-16c8-11ed-9b5f-1234bde3cd05,GB
0e1d6423-16c8-11ed-9b5f-1234bde3cd05,US
0e220693-16c8-11ed-9b5f-1234bde3cd05,US
0e220b4d-16c8-11ed-9b5f-1234bde3cd05,US
0e220f7e-16c8-11ed-9b5f-1234bde3cd05,US
0e2213eb-16c8-11ed-9b5f-1234bde3cd05,US
0e221829-16c8-11ed-9b5f-1234bde3cd05,US
0e221be5-16c8-11ed-9b5f-1234bde3cd05,HR
0e222046-16c8-11ed-9b5f-1234bde3cd05,US
0e22253b-16c8-11ed-9b5f-1234bde3cd05,US
0e222958-16c8-11ed-9b5f-1234bde3cd05,US
0e222f71-16c8-11ed-9b5f-1234bde3cd05,US
0e224563-16c8-11ed-9b5f-1234bde3cd05,US
0e224a4b-16c8-11ed-9b5f-1234bde3cd05,US
0e224fda-16c8-11ed-9b5f-1234bde3cd05,US
0e2254a9-16c8-11ed-9b5f-1234bde3cd05,US
0e2258de-16c8-11ed-9b5f-1234bde3cd05,US
0e225de7-16c8-11ed-9b5f-1234bde3cd05,US
0e226344-16c8-11ed-9b5f-1234bde3cd05,US
0e2267c6-16c8-11ed-9b5f-1234bde3cd05,US
0e226b9c-16c8-11ed-9b5f-1234bde3cd05,US
0e226f93-16c8-11ed-9b5f-1234bde3cd05,US
0e2273b0-16c8-11ed-9b5f-1234bde3cd05,US
0e2277d4-16c8-11ed-9b5f-1234bde3cd05,US
0e227cea-16c8-11ed-9b5f-1234bde3cd05,US
0e228122-16c8-11ed-9b5f-1234bde3cd05,US
0e228592-16c8-11ed-9b5f-1234bde3cd05,US
0e2289d5-16c8-11ed-9b5f-1234bde3cd05,US
0e228f17-16c8-11ed-9b5f-1234bde3cd05,US
0e229bd5-16c8-11ed-9b5f-1234bde3cd05,US
0e22a023-16c8-11ed-9b5f-1234bde3cd05,US
0e22a43c-16c8-11ed-9b5f-1234bde3cd05,US
0e22a80f-16c8-11ed-9b5f-1234bde3cd05,US
0e22abed-16c8-11ed-9b5f-1234bde3cd05,US
0e22bb68-16c8-11ed-9b5f-1234bde3cd05,US
0e22bfcf-16c8-11ed-9b5f-1234bde3cd05,US
0e22c3f2-16c8-11ed-9b5f-1234bde3cd05,US
0e22c811-16c8-11ed-9b5f-1234bde3cd05,US
0e22cc2c-16c8-11ed-9b5f-1234bde3cd05,US
0e25e39f-16c8-11ed-9b5f-1234bde3cd05,US
0e25e77a-16c8-11ed-9b5f-1234bde3cd05,US
0e25eb2d-16c8-11ed-9b5f-1234bde3cd05,US
0e25eee6-16c8-11ed-9b5f-1234bde3cd05,US
0e25f2d9-16c8-11ed-9b5f-1234bde3cd05,US
0e25f6da-16c8-11ed-9b5f-1234bde3cd05,US
0e25fae8-16c8-11ed-9b5f-1234bde3cd05,US
0e25fedb-16c8-11ed-9b5f-1234bde3cd05,US
0e260274-16c8-11ed-9b5f-1234bde3cd05,US
0e26070a-16c8-11ed-9b5f-1234bde3cd05,US
0e260aaf-16c8-11ed-9b5f-1234bde3cd05,US
0e260e76-16c8-11ed-9b5f-1234bde3cd05,US
0e26126e-16c8-11ed-9b5f-1234bde3cd05,US
0e261638-16c8-11ed-9b5f-1234bde3cd05,US
0e261a02-16c8-11ed-9b5f-1234bde3cd05,US
0e261dee-16c8-11ed-9b5f-1234bde3cd05,US
0e262247-16c8-11ed-9b5f-1234bde3cd05,US
0e2627c6-16c8-11ed-9b5f-1234bde3cd05,US
0e262bc9-16c8-11ed-9b5f-1234bde3cd05,US
0e262fe5-16c8-11ed-9b5f-1234bde3cd05,US
0e263eb7-16c8-11ed-9b5f-1234bde3cd05,US
0e2642d6-16c8-11ed-9b5f-1234bde3cd05,US
0e264722-16c8-11ed-9b5f-1234bde3cd05,US
0e264b25-16c8-11ed-9b5f-1234bde3cd05,US
0e264f2b-16c8-11ed-9b5f-1234bde3cd05,US
0e265336-16c8-11ed-9b5f-1234bde3cd05,US
0e2656d4-16c8-11ed-9b5f-1234bde3cd05,US
0e265c4e-16c8-11ed-9b5f-1234bde3cd05,US
0e26609e-16c8-11ed-9b5f-1234bde3cd05,US
0e2665b4-16c8-11ed-9b5f-1234bde3cd05,US
0e266980-16c8-11ed-9b5f-1234bde3cd05,US
0e266d89-16c8-11ed-9b5f-1234bde3cd05,US
0e2671fd-16c8-11ed-9b5f-1234bde3cd05,US
0e2679bd-16c8-11ed-9b5f-1234bde3cd05,US
0e267e13-16c8-11ed-9b5f-1234bde3cd05,US
0e26835b-16c8-11ed-9b5f-1234bde3cd05,US
0e268761-16c8-11ed-9b5f-1234bde3cd05,US
0e268b4b-16c8-11ed-9b5f-1234bde3cd05,US
0e268f1d-16c8-11ed-9b5f-1234bde3cd05,US
0e269300-16c8-11ed-9b5f-1234bde3cd05,US
0e269733-16c8-11ed-9b5f-1234bde3cd05,US
0e269af0-16c8-11ed-9b5f-1234bde3cd05,US
0e269e8b-16c8-11ed-9b5f-1234bde3cd05,US
0e26a463-16c8-11ed-9b5f-1234bde3cd05,US
0e26a8bd-16c8-11ed-9b5f-1234bde3cd05,US
0e26afcd-16c8-11ed-9b5f-1234bde3cd05,US
0e26fa73-16c8-11ed-9b5f-1234bde3cd05,US
0e2701c8-16c8-11ed-9b5f-1234bde3cd05,US
0e2705ea-16c8-11ed-9b5f-1234bde3cd05,US
0e2709fd-16c8-11ed-9b5f-1234bde3cd05,US
0e270e1b-16c8-11ed-9b5f-1234bde3cd05,US
0e2711f2-16c8-11ed-9b5f-1234bde3cd05,US
0e2715e2-16c8-11ed-9b5f-1234bde3cd05,US
0e27197a-16c8-11ed-9b5f-1234bde3cd05,US
0e271ce8-16c8-11ed-9b5f-1234bde3cd05,US
0e272332-16c8-11ed-9b5f-1234bde3cd05,US
0e272755-16c8-11ed-9b5f-1234bde3cd05,US
0e272b53-16c8-11ed-9b5f-1234bde3cd05,US
0e272f08-16c8-11ed-9b5f-1234bde3cd05,US
0e273584-16c8-11ed-9b5f-1234bde3cd05,US
0e2739cc-16c8-11ed-9b5f-1234bde3cd05,US
0e273dda-16c8-11ed-9b5f-1234bde3cd05,US
0e351dbc-16c8-11ed-9b5f-1234bde3cd05,US
0e35276d-16c8-11ed-9b5f-1234bde3cd05,US
0e352bbd-16c8-11ed-9b5f-1234bde3cd05,US
0e35303c-16c8-11ed-9b5f-1234bde3cd05,US
0e354040-16c8-11ed-9b5f-1234bde3cd05,US
0e3544b5-16c8-11ed-9b5f-1234bde3cd05,US
0e354960-16c8-11ed-9b5f-1234bde3cd05,US
0e4013e2-16c8-11ed-9b5f-1234bde3cd05,US
0e401900-16c8-11ed-9b5f-1234bde3cd05,US
0e401d75-16c8-11ed-9b5f-1234bde3cd05,US
0e4021fa-16c8-11ed-9b5f-1234bde3cd05,US
0e402650-16c8-11ed-9b5f-1234bde3cd05,US
0e402b00-16c8-11ed-9b5f-1234bde3cd05,US
0e402f45-16c8-11ed-9b5f-1234bde3cd05,US
0e4033ad-16c8-11ed-9b5f-1234bde3cd05,US
0e403879-16c8-11ed-9b5f-1234bde3cd05,US
0e403ed0-16c8-11ed-9b5f-1234bde3cd05,US
0e4043e3-16c8-11ed-9b5f-1234bde3cd05,US
0e4047e3-16c8-11ed-9b5f-1234bde3cd05,US
0e404be5-16c8-11ed-9b5f-1234bde3cd05,US
0e405073-16c8-11ed-9b5f-1234bde3cd05,US
0e406009-16c8-11ed-9b5f-1234bde3cd05,US
0e4065d7-16c8-11ed-9b5f-1234bde3cd05,US
0e406a33-16c8-11ed-9b5f-1234bde3cd05,US
0e407e6b-16c8-11ed-9b5f-1234bde3cd05,US
0e4082dc-16c8-11ed-9b5f-1234bde3cd05,US
0e4086dc-16c8-11ed-9b5f-1234bde3cd05,US
0e4095e9-16c8-11ed-9b5f-1234bde3cd05,US
0e40a8eb-16c8-11ed-9b5f-1234bde3cd05,US
0e40ad73-16c8-11ed-9b5f-1234bde3cd05,US
0e40b17e-16c8-11ed-9b5f-1234bde3cd05,US
0e40c822-16c8-11ed-9b5f-1234bde3cd05,US
0e40cc77-16c8-11ed-9b5f-1234bde3cd05,US
0e40d029-16c8-11ed-9b5f-1234bde3cd05,US
0e40d655-16c8-11ed-9b5f-1234bde3cd05,US
0e40da5b-16c8-11ed-9b5f-1234bde3cd05,US
0e40de24-16c8-11ed-9b5f-1234bde3cd05,US
0e40e1fe-16c8-11ed-9b5f-1234bde3cd05,US
0e40e5f7-16c8-11ed-9b5f-1234bde3cd05,US
0e40eaec-16c8-11ed-9b5f-1234bde3cd05,US
0e40eedc-16c8-11ed-9b5f-1234bde3cd05,US
0e40f30d-16c8-11ed-9b5f-1234bde3cd05,US
0e41010f-16c8-11ed-9b5f-1234bde3cd05,US
0e410510-16c8-11ed-9b5f-1234bde3cd05,US
0e410944-16c8-11ed-9b5f-1234bde3cd05,US
0e410d83-16c8-11ed-9b5f-1234bde3cd05,US
0e41114f-16c8-11ed-9b5f-1234bde3cd05,US
0e411731-16c8-11ed-9b5f-1234bde3cd05,US
0e411b22-16c8-11ed-9b5f-1234bde3cd05,US
0e411f15-16c8-11ed-9b5f-1234bde3cd05,US
0e412462-16c8-11ed-9b5f-1234bde3cd05,US
0e412922-16c8-11ed-9b5f-1234bde3cd05,US
0e412d58-16c8-11ed-9b5f-1234bde3cd05,US
0e41318c-16c8-11ed-9b5f-1234bde3cd05,US
0e413595-16c8-11ed-9b5f-1234bde3cd05,US
0e414dca-16c8-11ed-9b5f-1234bde3cd05,US
0e415238-16c8-11ed-9b5f-1234bde3cd05,US
0e4156a1-16c8-11ed-9b5f-1234bde3cd05,US
0e415b2a-16c8-11ed-9b5f-1234bde3cd05,US
0e415f5a-16c8-11ed-9b5f-1234bde3cd05,US
0e416851-16c8-11ed-9b5f-1234bde3cd05,US
0e416c6c-16c8-11ed-9b5f-1234bde3cd05,US
0e41828b-16c8-11ed-9b5f-1234bde3cd05,US
0e418846-16c8-11ed-9b5f-1234bde3cd05,US
0e419107-16c8-11ed-9b5f-1234bde3cd05,US
0e419530-16c8-11ed-9b5f-1234bde3cd05,US
0e419a7c-16c8-11ed-9b5f-1234bde3cd05,US
0e41a1f6-16c8-11ed-9b5f-1234bde3cd05,US
0e41a633-16c8-11ed-9b5f-1234bde3cd05,US
0e41aaac-16c8-11ed-9b5f-1234bde3cd05,US
0e41aec4-16c8-11ed-9b5f-1234bde3cd05,US
0e41b2f7-16c8-11ed-9b5f-1234bde3cd05,US
0e47df6d-16c8-11ed-9b5f-1234bde3cd05,US
0e47e3ff-16c8-11ed-9b5f-1234bde3cd05,US
0e47e8cc-16c8-11ed-9b5f-1234bde3cd05,US
0e47ed0a-16c8-11ed-9b5f-1234bde3cd05,US
0e4fa307-16c8-11ed-9b5f-1234bde3cd05,US
0e4faa93-16c8-11ed-9b5f-1234bde3cd05,US
0e4fb008-16c8-11ed-9b5f-1234bde3cd05,US
0e4fb4ac-16c8-11ed-9b5f-1234bde3cd05,US
0e5a7d86-16c8-11ed-9b5f-1234bde3cd05,US
0e5a822b-16c8-11ed-9b5f-1234bde3cd05,US
0e5a94b6-16c8-11ed-9b5f-1234bde3cd05,US
0e5a9a32-16c8-11ed-9b5f-1234bde3cd05,US
0e5aa0a4-16c8-11ed-9b5f-1234bde3cd05,US
0e5aa6e2-16c8-11ed-9b5f-1234bde3cd05,US
0e5aaaf0-16c8-11ed-9b5f-1234bde3cd05,US
0e5aaf57-16c8-11ed-9b5f-1234bde3cd05,US
0e5ab657-16c8-11ed-9b5f-1234bde3cd05,US
0e5aba0b-16c8-11ed-9b5f-1234bde3cd05,US
0e5abe4a-16c8-11ed-9b5f-1234bde3cd05,US
0e5ac281-16c8-11ed-9b5f-1234bde3cd05,US
0e5ad1c4-16c8-11ed-9b5f-1234bde3cd05,US
0e5adbb9-16c8-11ed-9b5f-1234bde3cd05,US
0e5adff6-16c8-11ed-9b5f-1234bde3cd05,US
0e5ae438-16c8-11ed-9b5f-1234bde3cd05,US
0e5ae87c-16c8-11ed-9b5f-1234bde3cd05,US
0e5aecce-16c8-11ed-9b5f-1234bde3cd05,US
0e5af0e3-16c8-11ed-9b5f-1234bde3cd05,US
0e5af534-16c8-11ed-9b5f-1234bde3cd05,US
0e5af9a4-16c8-11ed-9b5f-1234bde3cd05,US
0e5affbf-16c8-11ed-9b5f-1234bde3cd05,US
0e5b040f-16c8-11ed-9b5f-1234bde3cd05,US
0e5b0aaf-16c8-11ed-9b5f-1234bde3cd05,US
0e5b0ef6-16c8-11ed-9b5f-1234bde3cd05,US
0e5b1341-16c8-11ed-9b5f-1234bde3cd05,US
0e5b17ab-16c8-11ed-9b5f-1234bde3cd05,US
0e5b21aa-16c8-11ed-9b5f-1234bde3cd05,US
0e5b259e-16c8-11ed-9b5f-1234bde3cd05,US
0e5b295b-16c8-11ed-9b5f-1234bde3cd05,US
0e5b2da9-16c8-11ed-9b5f-1234bde3cd05,US
0e5b31d0-16c8-11ed-9b5f-1234bde3cd05,US
0e5b35f1-16c8-11ed-9b5f-1234bde3cd05,US
0e5b45b1-16c8-11ed-9b5f-1234bde3cd05,US
0e5b4bc4-16c8-11ed-9b5f-1234bde3cd05,US
0e5b503d-16c8-11ed-9b5f-1234bde3cd05,US
0e5b5473-16c8-11ed-9b5f-1234bde3cd05,US
0e5b632a-16c8-11ed-9b5f-1234bde3cd05,US
0e5b67a1-16c8-11ed-9b5f-1234bde3cd05,US
0e5b6e0d-16c8-11ed-9b5f-1234bde3cd05,US
0e5b7220-16c8-11ed-9b5f-1234bde3cd05,US
0e5b78e7-16c8-11ed-9b5f-1234bde3cd05,US
0e5b7d2b-16c8-11ed-9b5f-1234bde3cd05,US
0e5b85a8-16c8-11ed-9b5f-1234bde3cd05,US
0e5b89f3-16c8-11ed-9b5f-1234bde3cd05,US
0e5b8e00-16c8-11ed-9b5f-1234bde3cd05,US
0e5b9225-16c8-11ed-9b5f-1234bde3cd05,US
0e5b9653-16c8-11ed-9b5f-1234bde3cd05,US
0e5b9a5e-16c8-11ed-9b5f-1234bde3cd05,US
0e5ba7d5-16c8-11ed-9b5f-1234bde3cd05,US
0e5babfc-16c8-11ed-9b5f-1234bde3cd05,US
0e5bb4b4-16c8-11ed-9b5f-1234bde3cd05,US
0e5bb85c-16c8-11ed-9b5f-1234bde3cd05,US
0e5bbc36-16c8-11ed-9b5f-1234bde3cd05,US
0e5bc04e-16c8-11ed-9b5f-1234bde3cd05,US
0e5bcce2-16c8-11ed-9b5f-1234bde3cd05,US
0e5bd1a4-16c8-11ed-9b5f-1234bde3cd05,US
0e5bd618-16c8-11ed-9b5f-1234bde3cd05,US
0e5bdb53-16c8-11ed-9b5f-1234bde3cd05,US
0e5be011-16c8-11ed-9b5f-1234bde3cd05,US
0e5be4a8-16c8-11ed-9b5f-1234bde3cd05,US
0e5be96b-16c8-11ed-9b5f-1234bde3cd05,US
0e5bed6a-16c8-11ed-9b5f-1234bde3cd05,US
0e5bf1ff-16c8-11ed-9b5f-1234bde3cd05,US
0e5bf613-16c8-11ed-9b5f-1234bde3cd05,US
0e5bfa60-16c8-11ed-9b5f-1234bde3cd05,US
0e5bfe8d-16c8-11ed-9b5f-1234bde3cd05,US
0e5c02fa-16c8-11ed-9b5f-1234bde3cd05,US
0e5c1110-16c8-11ed-9b5f-1234bde3cd05,US
0e5c18db-16c8-11ed-9b5f-1234bde3cd05,US
0e5c1e2f-16c8-11ed-9b5f-1234bde3cd05,US
0e5c224c-16c8-11ed-9b5f-1234bde3cd05,US
0e5c26a8-16c8-11ed-9b5f-1234bde3cd05,US
0e5c2ac7-16c8-11ed-9b5f-1234bde3cd05,US
0e5c2fd3-16c8-11ed-9b5f-1234bde3cd05,US
0e5c3579-16c8-11ed-9b5f-1234bde3cd05,US
0e5f4ea0-16c8-11ed-9b5f-1234bde3cd05,US
0e5f52d7-16c8-11ed-9b5f-1234bde3cd05,US
0e5f5a89-16c8-11ed-9b5f-1234bde3cd05,US
0e5f5fe0-16c8-11ed-9b5f-1234bde3cd05,US
0e5f71a9-16c8-11ed-9b5f-1234bde3cd05,US
0e5f75f2-16c8-11ed-9b5f-1234bde3cd05,US
0e5f79f8-16c8-11ed-9b5f-1234bde3cd05,US
0e5f8784-16c8-11ed-9b5f-1234bde3cd05,US
0e5f97b0-16c8-11ed-9b5f-1234bde3cd05,US
0e5f9bfb-16c8-11ed-9b5f-1234bde3cd05,US
0e5fa047-16c8-11ed-9b5f-1234bde3cd05,US
0e5fa53d-16c8-11ed-9b5f-1234bde3cd05,US
0e5fa9cf-16c8-11ed-9b5f-1234bde3cd05,US
0e5fae5e-16c8-11ed-9b5f-1234bde3cd05,US
0e5fb59f-16c8-11ed-9b5f-1234bde3cd05,US
0e5fbbe8-16c8-11ed-9b5f-1234bde3cd05,US
0e5fbff0-16c8-11ed-9b5f-1234bde3cd05,US
0e5fc412-16c8-11ed-9b5f-1234bde3cd05,US
0e7b7b01-16c8-11ed-9b5f-1234bde3cd05,US
0e7b8180-16c8-11ed-9b5f-1234bde3cd05,US
0e7b875b-16c8-11ed-9b5f-1234bde3cd05,US
0e7b8bb2-16c8-11ed-9b5f-1234bde3cd05,US
0e7b9015-16c8-11ed-9b5f-1234bde3cd05,US
0e7b94ba-16c8-11ed-9b5f-1234bde3cd05,US
0e7ba486-16c8-11ed-9b5f-1234bde3cd05,US
0e7ba91b-16c8-11ed-9b5f-1234bde3cd05,US
0e7bb894-16c8-11ed-9b5f-1234bde3cd05,US
0e7bc03d-16c8-11ed-9b5f-1234bde3cd05,US
0e7bc49d-16c8-11ed-9b5f-1234bde3cd05,US
0e7bca0e-16c8-11ed-9b5f-1234bde3cd05,US
0e7bcf95-16c8-11ed-9b5f-1234bde3cd05,US
0e7bd713-16c8-11ed-9b5f-1234bde3cd05,US
0e7bdccc-16c8-11ed-9b5f-1234bde3cd05,US
0e7bee78-16c8-11ed-9b5f-1234bde3cd05,US
0e7bf271-16c8-11ed-9b5f-1234bde3cd05,US
0e7bf600-16c8-11ed-9b5f-1234bde3cd05,US
0e7bfa22-16c8-11ed-9b5f-1234bde3cd05,US
0e7c0085-16c8-11ed-9b5f-1234bde3cd05,US
0e7c156e-16c8-11ed-9b5f-1234bde3cd05,US
0e7c1c8c-16c8-11ed-9b5f-1234bde3cd05,US
0e7c234c-16c8-11ed-9b5f-1234bde3cd05,US
0e7c29c9-16c8-11ed-9b5f-1234bde3cd05,US
0e7c340a-16c8-11ed-9b5f-1234bde3cd05,US
0e7c3b08-16c8-11ed-9b5f-1234bde3cd05,US
0e7c4238-16c8-11ed-9b5f-1234bde3cd05,US
0e7c4944-16c8-11ed-9b5f-1234bde3cd05,US
0e7c5079-16c8-11ed-9b5f-1234bde3cd05,US
0e7c56e2-16c8-11ed-9b5f-1234bde3cd05,US
0e7c5dc9-16c8-11ed-9b5f-1234bde3cd05,US
0e7c6489-16c8-11ed-9b5f-1234bde3cd05,US
0e7c6ac2-16c8-11ed-9b5f-1234bde3cd05,US
0e7c7f6a-16c8-11ed-9b5f-1234bde3cd05,US
0e7c85ec-16c8-11ed-9b5f-1234bde3cd05,US
0e7c954d-16c8-11ed-9b5f-1234bde3cd05,US
0e7c9bcc-16c8-11ed-9b5f-1234bde3cd05,US
0e7ca2bd-16c8-11ed-9b5f-1234bde3cd05,US
0e7caa58-16c8-11ed-9b5f-1234bde3cd05,US
0e7cb9a7-16c8-11ed-9b5f-1234bde3cd05,US
0e7cc055-16c8-11ed-9b5f-1234bde3cd05,US
0e7cc6e1-16c8-11ed-9b5f-1234bde3cd05,US
0e7cce65-16c8-11ed-9b5f-1234bde3cd05,US
0e7cd658-16c8-11ed-9b5f-1234bde3cd05,US
0e7ce75c-16c8-11ed-9b5f-1234bde3cd05,US
0e7cedf7-16c8-11ed-9b5f-1234bde3cd05,US
0e7cf4c3-16c8-11ed-9b5f-1234bde3cd05,US
0e7cfb71-16c8-11ed-9b5f-1234bde3cd05,US
0e7d12fa-16c8-11ed-9b5f-1234bde3cd05,US
0e7d19bf-16c8-11ed-9b5f-1234bde3cd05,US
0e7d2073-16c8-11ed-9b5f-1234bde3cd05,US
0e7d2bf7-16c8-11ed-9b5f-1234bde3cd05,US
0e7d321f-16c8-11ed-9b5f-1234bde3cd05,US
0e7d384d-16c8-11ed-9b5f-1234bde3cd05,US
0e7d4545-16c8-11ed-9b5f-1234bde3cd05,US
0e7d5bf8-16c8-11ed-9b5f-1234bde3cd05,US
0e7d6311-16c8-11ed-9b5f-1234bde3cd05,US
0e7d6ab3-16c8-11ed-9b5f-1234bde3cd05,US
0e7d7345-16c8-11ed-9b5f-1234bde3cd05,US
0e7d7a3f-16c8-11ed-9b5f-1234bde3cd05,US
0e7d8131-16c8-11ed-9b5f-1234bde3cd05,US
0e7d99ea-16c8-11ed-9b5f-1234bde3cd05,US
0e7da076-16c8-11ed-9b5f-1234bde3cd05,US
0e7da810-16c8-11ed-9b5f-1234bde3cd05,US
0e7daf41-16c8-11ed-9b5f-1234bde3cd05,US
0e7db5fe-16c8-11ed-9b5f-1234bde3cd05,US
0e7dca70-16c8-11ed-9b5f-1234bde3cd05,US
0e7dd0b6-16c8-11ed-9b5f-1234bde3cd05,US
0e7de215-16c8-11ed-9b5f-1234bde3cd05,US
0e7def04-16c8-11ed-9b5f-1234bde3cd05,US
0e7df5ab-16c8-11ed-9b5f-1234bde3cd05,US
0e7dfcc6-16c8-11ed-9b5f-1234bde3cd05,US
0e7e0370-16c8-11ed-9b5f-1234bde3cd05,US
0e9e5c51-16c8-11ed-9b5f-1234bde3cd05,US
0e9e65d3-16c8-11ed-9b5f-1234bde3cd05,US
0e9e6ce1-16c8-11ed-9b5f-1234bde3cd05,US
0e9e7309-16c8-11ed-9b5f-1234bde3cd05,US
0ea00308-16c8-11ed-9b5f-1234bde3cd05,US
0ea00a34-16c8-11ed-9b5f-1234bde3cd05,US
0ea015df-16c8-11ed-9b5f-1234bde3cd05,US
0ea025b8-16c8-11ed-9b5f-1234bde3cd05,US
0ea0333a-16c8-11ed-9b5f-1234bde3cd05,US
0eaafd65-16c8-11ed-9b5f-1234bde3cd05,US
0eab0261-16c8-11ed-9b5f-1234bde3cd05,US
0eab06dd-16c8-11ed-9b5f-1234bde3cd05,US
0eab0b85-16c8-11ed-9b5f-1234bde3cd05,US
0eab0fe7-16c8-11ed-9b5f-1234bde3cd05,US
0eab145d-16c8-11ed-9b5f-1234bde3cd05,US
0eab1893-16c8-11ed-9b5f-1234bde3cd05,US
0ebd9189-16c8-11ed-9b5f-1234bde3cd05,US
0ebd9673-16c8-11ed-9b5f-1234bde3cd05,US
0ebd9b84-16c8-11ed-9b5f-1234bde3cd05,US
0ebd9fbc-16c8-11ed-9b5f-1234bde3cd05,US
0ebda3bb-16c8-11ed-9b5f-1234bde3cd05,US
0ebda7c0-16c8-11ed-9b5f-1234bde3cd05,US
0ebdac1a-16c8-11ed-9b5f-1234bde3cd05,US
0ebdb06b-16c8-11ed-9b5f-1234bde3cd05,US
0ed33c57-16c8-11ed-9b5f-1234bde3cd05,US
0ed344e8-16c8-11ed-9b5f-1234bde3cd05,US
0ed3499a-16c8-11ed-9b5f-1234bde3cd05,US
0ed35015-16c8-11ed-9b5f-1234bde3cd05,US
0ed35474-16c8-11ed-9b5f-1234bde3cd05,US
0f2fa848-16c8-11ed-9b5f-1234bde3cd05,US
0f2fc501-16c8-11ed-9b5f-1234bde3cd05,US
0f2fcbaf-16c8-11ed-9b5f-1234bde3cd05,GB
0f2fd250-16c8-11ed-9b5f-1234bde3cd05,US
0f2fd991-16c8-11ed-9b5f-1234bde3cd05,US
0f2fdfa4-16c8-11ed-9b5f-1234bde3cd05,GB
0f2fe6bd-16c8-11ed-9b5f-1234bde3cd05,US
0f2ffccc-16c8-11ed-9b5f-1234bde3cd05,US
0f3002d9-16c8-11ed-9b5f-1234bde3cd05,DE
0f300cfe-16c8-11ed-9b5f-1234bde3cd05,CA
0f301377-16c8-11ed-9b5f-1234bde3cd05,GB
0f3018f1-16c8-11ed-9b5f-1234bde3cd05,DE
0f301ee6-16c8-11ed-9b5f-1234bde3cd05,BE
0f302533-16c8-11ed-9b5f-1234bde3cd05,CA
0f302a81-16c8-11ed-9b5f-1234bde3cd05,DE
0f303536-16c8-11ed-9b5f-1234bde3cd05,AT
0f303b30-16c8-11ed-9b5f-1234bde3cd05,GB
0f304239-16c8-11ed-9b5f-1234bde3cd05,GB
0f3047a7-16c8-11ed-9b5f-1234bde3cd05,GB
0f304e25-16c8-11ed-9b5f-1234bde3cd05,PT
0f305361-16c8-11ed-9b5f-1234bde3cd05,DE
0f306bb2-16c8-11ed-9b5f-1234bde3cd05,DE
0f42e4aa-16c8-11ed-9b5f-1234bde3cd05,GB
0f42ef76-16c8-11ed-9b5f-1234bde3cd05,AU
0f50cc5f-16c8-11ed-9b5f-1234bde3cd05,JP
0f50fa04-16c8-11ed-9b5f-1234bde3cd05,FI
0f50ffaa-16c8-11ed-9b5f-1234bde3cd05,DE
0f510559-16c8-11ed-9b5f-1234bde3cd05,GB
0f510a80-16c8-11ed-9b5f-1234bde3cd05,GB
0f510f5b-16c8-11ed-9b5f-1234bde3cd05,BE
0f51148c-16c8-11ed-9b5f-1234bde3cd05,DE
0f511e8f-16c8-11ed-9b5f-1234bde3cd05,DE
0f5123af-16c8-11ed-9b5f-1234bde3cd05,GB
0f51324d-16c8-11ed-9b5f-1234bde3cd05,US
0f51397d-16c8-11ed-9b5f-1234bde3cd05,DE
0f5140cf-16c8-11ed-9b5f-1234bde3cd05,DE
0f514629-16c8-11ed-9b5f-1234bde3cd05,FR
0f514bbe-16c8-11ed-9b5f-1234bde3cd05,GB
0f51513d-16c8-11ed-9b5f-1234bde3cd05,GB
0f515614-16c8-11ed-9b5f-1234bde3cd05,DE
0f5160c8-16c8-11ed-9b5f-1234bde3cd05,GB
0f516618-16c8-11ed-9b5f-1234bde3cd05,CH
0f516db3-16c8-11ed-9b5f-1234bde3cd05,GB
0f517306-16c8-11ed-9b5f-1234bde3cd05,GB
0f517c8f-16c8-11ed-9b5f-1234bde3cd05,NL
0f518225-16c8-11ed-9b5f-1234bde3cd05,GB
0f51875b-16c8-11ed-9b5f-1234bde3cd05,BE
0f5197eb-16c8-11ed-9b5f-1234bde3cd05,GB
0f519cc0-16c8-11ed-9b5f-1234bde3cd05,DE
0f51a8ca-16c8-11ed-9b5f-1234bde3cd05,DE
0f51bb97-16c8-11ed-9b5f-1234bde3cd05,GB
0f51c254-16c8-11ed-9b5f-1234bde3cd05,IT
0f51c7cf-16c8-11ed-9b5f-1234bde3cd05,DE
0f51cd4a-16c8-11ed-9b5f-1234bde3cd05,DE
0f51d3e1-16c8-11ed-9b5f-1234bde3cd05,AU
0f51d95f-16c8-11ed-9b5f-1234bde3cd05,DE
0f51de7e-16c8-11ed-9b5f-1234bde3cd05,SE
0f51f729-16c8-11ed-9b5f-1234bde3cd05,DE
0f520527-16c8-11ed-9b5f-1234bde3cd05,CN
0f520a31-16c8-11ed-9b5f-1234bde3cd05,DE
0f520f89-16c8-11ed-9b5f-1234bde3cd05,DE
0f5214f2-16c8-11ed-9b5f-1234bde3cd05,DE
0f521a3a-16c8-11ed-9b5f-1234bde3cd05,DE
0f521f2c-16c8-11ed-9b5f-1234bde3cd05,DK
0f52242d-16c8-11ed-9b5f-1234bde3cd05,NL
0f522cdf-16c8-11ed-9b5f-1234bde3cd05,DE
0f52333f-16c8-11ed-9b5f-1234bde3cd05,DE
0f52386d-16c8-11ed-9b5f-1234bde3cd05,DE
0f5243d1-16c8-11ed-9b5f-1234bde3cd05,GB
0f524986-16c8-11ed-9b5f-1234bde3cd05,FR
0f524ea7-16c8-11ed-9b5f-1234bde3cd05,CN
0f525477-16c8-11ed-9b5f-1234bde3cd05,JP
0f525a54-16c8-11ed-9b5f-1234bde3cd05,JP
0f526035-16c8-11ed-9b5f-1234bde3cd05,DE
0f5268f1-16c8-11ed-9b5f-1234bde3cd05,IN
0f526e4b-16c8-11ed-9b5f-1234bde3cd05,SE
0f52742a-16c8-11ed-9b5f-1234bde3cd05,SE
0f572148-16c8-11ed-9b5f-1234bde3cd05,NL
0f57263f-16c8-11ed-9b5f-1234bde3cd05,FR
0f572c46-16c8-11ed-9b5f-1234bde3cd05,CA
0f57359a-16c8-11ed-9b5f-1234bde3cd05,DE
0f573a79-16c8-11ed-9b5f-1234bde3cd05,DE
0f5758e8-16c8-11ed-9b5f-1234bde3cd05,IT
0f575e22-16c8-11ed-9b5f-1234bde3cd05,BE
0f576601-16c8-11ed-9b5f-1234bde3cd05,IN
0f576bf9-16c8-11ed-9b5f-1234bde3cd05,NO
0f577134-16c8-11ed-9b5f-1234bde3cd05,ST
0f577693-16c8-11ed-9b5f-1234bde3cd05,CI
0f577c9e-16c8-11ed-9b5f-1234bde3cd05,DE
0f57818c-16c8-11ed-9b5f-1234bde3cd05,DE
0f5786d2-16c8-11ed-9b5f-1234bde3cd05,CN
0f578c59-16c8-11ed-9b5f-1234bde3cd05,GB
0f5796d2-16c8-11ed-9b5f-1234bde3cd05,FR
0f57a097-16c8-11ed-9b5f-1234bde3cd05,CZ
0f57b436-16c8-11ed-9b5f-1234bde3cd05,CZ
0f57b92d-16c8-11ed-9b5f-1234bde3cd05,CZ
0f57be9f-16c8-11ed-9b5f-1234bde3cd05,CZ
0f57c971-16c8-11ed-9b5f-1234bde3cd05,CZ
0f57d162-16c8-11ed-9b5f-1234bde3cd05,CZ
0f57d7bd-16c8-11ed-9b5f-1234bde3cd05,CZ
0f57dcdf-16c8-11ed-9b5f-1234bde3cd05,CZ
0f57e55e-16c8-11ed-9b5f-1234bde3cd05,CZ
0f57eae3-16c8-11ed-9b5f-1234bde3cd05,CZ
0f57f180-16c8-11ed-9b5f-1234bde3cd05,CZ
0f57fdd6-16c8-11ed-9b5f-1234bde3cd05,CZ
0f58032e-16c8-11ed-9b5f-1234bde3cd05,CZ
0f580809-16c8-11ed-9b5f-1234bde3cd05,CZ
0f580e29-16c8-11ed-9b5f-1234bde3cd05,CZ
0f5813a1-16c8-11ed-9b5f-1234bde3cd05,CZ
0f581956-16c8-11ed-9b5f-1234bde3cd05,AU
0f581e6b-16c8-11ed-9b5f-1234bde3cd05,JP
0f616086-16c8-11ed-9b5f-1234bde3cd05,CZ
0f61662d-16c8-11ed-9b5f-1234bde3cd05,CZ
0f616c0c-16c8-11ed-9b5f-1234bde3cd05,CZ
0f6c3edc-16c8-11ed-9b5f-1234bde3cd05,CZ
0f6c43fe-16c8-11ed-9b5f-1234bde3cd05,CZ
0f771511-16c8-11ed-9b5f-1234bde3cd05,CZ
0f771a74-16c8-11ed-9b5f-1234bde3cd05,CZ
0f772568-16c8-11ed-9b5f-1234bde3cd05,CZ
0f772a7e-16c8-11ed-9b5f-1234bde3cd05,CZ
0f772f8d-16c8-11ed-9b5f-1234bde3cd05,CZ
0f7735a4-16c8-11ed-9b5f-1234bde3cd05,CZ
0f773bf0-16c8-11ed-9b5f-1234bde3cd05,CZ
0f77419a-16c8-11ed-9b5f-1234bde3cd05,CZ
0f7746ed-16c8-11ed-9b5f-1234bde3cd05,GB
0f774bf6-16c8-11ed-9b5f-1234bde3cd05,CZ
0f7750d2-16c8-11ed-9b5f-1234bde3cd05,CZ
0f77559d-16c8-11ed-9b5f-1234bde3cd05,CZ
0f775aea-16c8-11ed-9b5f-1234bde3cd05,CZ
0f77601a-16c8-11ed-9b5f-1234bde3cd05,CZ
0f7769ed-16c8-11ed-9b5f-1234bde3cd05,CZ
0f777010-16c8-11ed-9b5f-1234bde3cd05,AR
0f777646-16c8-11ed-9b5f-1234bde3cd05,HR
0f778174-16c8-11ed-9b5f-1234bde3cd05,CZ
0f778678-16c8-11ed-9b5f-1234bde3cd05,CZ
0f778b61-16c8-11ed-9b5f-1234bde3cd05,CZ
0f77909b-16c8-11ed-9b5f-1234bde3cd05,CZ
0f779613-16c8-11ed-9b5f-1234bde3cd05,CZ
0f779b04-16c8-11ed-9b5f-1234bde3cd05,CZ
0f77a31c-16c8-11ed-9b5f-1234bde3cd05,CZ
0f77a8d2-16c8-11ed-9b5f-1234bde3cd05,CZ
0f77aea6-16c8-11ed-9b5f-1234bde3cd05,CZ
0f77b40e-16c8-11ed-9b5f-1234bde3cd05,CZ
0f77b95e-16c8-11ed-9b5f-1234bde3cd05,CZ
0f77befd-16c8-11ed-9b5f-1234bde3cd05,CZ
0f77c3d7-16c8-11ed-9b5f-1234bde3cd05,CZ
0f77c8e2-16c8-11ed-9b5f-1234bde3cd05,CZ
0f77cd9f-16c8-11ed-9b5f-1234bde3cd05,CZ
0f77d35f-16c8-11ed-9b5f-1234bde3cd05,CZ
0f77d878-16c8-11ed-9b5f-1234bde3cd05,CZ
0f77dde3-16c8-11ed-9b5f-1234bde3cd05,CZ
0f77e2c9-16c8-11ed-9b5f-1234bde3cd05,CZ
0f77e7cc-16c8-11ed-9b5f-1234bde3cd05,CZ
0f77ecef-16c8-11ed-9b5f-1234bde3cd05,CZ
0f77f466-16c8-11ed-9b5f-1234bde3cd05,CZ
0f77f94c-16c8-11ed-9b5f-1234bde3cd05,CZ
0f77fe65-16c8-11ed-9b5f-1234bde3cd05,CZ
0f780367-16c8-11ed-9b5f-1234bde3cd05,CZ
0f78082e-16c8-11ed-9b5f-1234bde3cd05,CZ
0f780d20-16c8-11ed-9b5f-1234bde3cd05,CZ
0f781285-16c8-11ed-9b5f-1234bde3cd05,IN
0f781e0f-16c8-11ed-9b5f-1234bde3cd05,CZ
0f7824e1-16c8-11ed-9b5f-1234bde3cd05,CZ
0f7829f2-16c8-11ed-9b5f-1234bde3cd05,CZ
0f782ee9-16c8-11ed-9b5f-1234bde3cd05,CZ
0f7833bf-16c8-11ed-9b5f-1234bde3cd05,CZ
0f78388f-16c8-11ed-9b5f-1234bde3cd05,CZ
0f783d99-16c8-11ed-9b5f-1234bde3cd05,CZ
0f7843ec-16c8-11ed-9b5f-1234bde3cd05,CZ
0f784a01-16c8-11ed-9b5f-1234bde3cd05,AT
0f784f59-16c8-11ed-9b5f-1234bde3cd05,FR
0f785f22-16c8-11ed-9b5f-1234bde3cd05,CZ
0f78647c-16c8-11ed-9b5f-1234bde3cd05,CZ
0f786f0d-16c8-11ed-9b5f-1234bde3cd05,CZ
0f78745e-16c8-11ed-9b5f-1234bde3cd05,CZ
0f7879a2-16c8-11ed-9b5f-1234bde3cd05,CZ
0f787ebf-16c8-11ed-9b5f-1234bde3cd05,CZ
0f788575-16c8-11ed-9b5f-1234bde3cd05,CZ
0f788a61-16c8-11ed-9b5f-1234bde3cd05,CZ
0f788f48-16c8-11ed-9b5f-1234bde3cd05,CZ
0f789420-16c8-11ed-9b5f-1234bde3cd05,CZ
0f78990e-16c8-11ed-9b5f-1234bde3cd05,CZ
0f789e87-16c8-11ed-9b5f-1234bde3cd05,CZ
0f78a879-16c8-11ed-9b5f-1234bde3cd05,CZ
0f78ae53-16c8-11ed-9b5f-1234bde3cd05,CZ
0f78b51d-16c8-11ed-9b5f-1234bde3cd05,NO
0f7a4474-16c8-11ed-9b5f-1234bde3cd05,DE
0f7a58c3-16c8-11ed-9b5f-1234bde3cd05,LV
0f7a5e1f-16c8-11ed-9b5f-1234bde3cd05,CZ
0f7a6970-16c8-11ed-9b5f-1234bde3cd05,CZ
0f7a6f89-16c8-11ed-9b5f-1234bde3cd05,CZ
0f7a751c-16c8-11ed-9b5f-1234bde3cd05,CZ
0f7a7b5e-16c8-11ed-9b5f-1234bde3cd05,CZ
0f7a80c5-16c8-11ed-9b5f-1234bde3cd05,CZ
0f7a85e7-16c8-11ed-9b5f-1234bde3cd05,CZ
0f7a8ba5-16c8-11ed-9b5f-1234bde3cd05,CZ
0f7a90d2-16c8-11ed-9b5f-1234bde3cd05,CZ
0f7a963b-16c8-11ed-9b5f-1234bde3cd05,CZ
0f7a9bdb-16c8-11ed-9b5f-1234bde3cd05,CZ
0f7aa11f-16c8-11ed-9b5f-1234bde3cd05,CZ
0f7aa6a8-16c8-11ed-9b5f-1234bde3cd05,CZ
0f7abdfe-16c8-11ed-9b5f-1234bde3cd05,CA
0f7ac470-16c8-11ed-9b5f-1234bde3cd05,CZ
0f7ac9d5-16c8-11ed-9b5f-1234bde3cd05,CZ
0f7aceef-16c8-11ed-9b5f-1234bde3cd05,CZ
0f7ad382-16c8-11ed-9b5f-1234bde3cd05,CZ
0f905e27-16c8-11ed-9b5f-1234bde3cd05,CZ
0f9061ab-16c8-11ed-9b5f-1234bde3cd05,CZ
0f9064e5-16c8-11ed-9b5f-1234bde3cd05,CZ
0f906807-16c8-11ed-9b5f-1234bde3cd05,CZ
0f906be8-16c8-11ed-9b5f-1234bde3cd05,CZ
0f906f8f-16c8-11ed-9b5f-1234bde3cd05,CZ
0f907494-16c8-11ed-9b5f-1234bde3cd05,CZ
0f907a50-16c8-11ed-9b5f-1234bde3cd05,CZ
0f90800f-16c8-11ed-9b5f-1234bde3cd05,CZ
0f9088ff-16c8-11ed-9b5f-1234bde3cd05,CZ
0f908e6d-16c8-11ed-9b5f-1234bde3cd05,CZ
0f90935e-16c8-11ed-9b5f-1234bde3cd05,FR
0f909ea3-16c8-11ed-9b5f-1234bde3cd05,CZ
0f90a43f-16c8-11ed-9b5f-1234bde3cd05,CZ
0f90a9d4-16c8-11ed-9b5f-1234bde3cd05,CZ
0f90aebb-16c8-11ed-9b5f-1234bde3cd05,CZ
0f90b4ed-16c8-11ed-9b5f-1234bde3cd05,CZ
0f90bb94-16c8-11ed-9b5f-1234bde3cd05,FR
0f90cfc4-16c8-11ed-9b5f-1234bde3cd05,CA
0f90d5ae-16c8-11ed-9b5f-1234bde3cd05,CA
0f90e0a3-16c8-11ed-9b5f-1234bde3cd05,CZ
0f90e600-16c8-11ed-9b5f-1234bde3cd05,CZ
0f90f1de-16c8-11ed-9b5f-1234bde3cd05,CZ
0f9d434e-16c8-11ed-9b5f-1234bde3cd05,CZ
0f9d48bb-16c8-11ed-9b5f-1234bde3cd05,CZ
0f9d4efe-16c8-11ed-9b5f-1234bde3cd05,CA
0fa69017-16c8-11ed-9b5f-1234bde3cd05,CZ
0fa69411-16c8-11ed-9b5f-1234bde3cd05,CZ
0fa69765-16c8-11ed-9b5f-1234bde3cd05,CZ
0fa69b64-16c8-11ed-9b5f-1234bde3cd05,CZ
0fa69efb-16c8-11ed-9b5f-1234bde3cd05,CZ
0fa6a287-16c8-11ed-9b5f-1234bde3cd05,CZ
0fa6a601-16c8-11ed-9b5f-1234bde3cd05,DE
0fb480fe-16c8-11ed-9b5f-1234bde3cd05,CH
0fb48821-16c8-11ed-9b5f-1234bde3cd05,CH
0fb48b6f-16c8-11ed-9b5f-1234bde3cd05,CZ
0fb48f0d-16c8-11ed-9b5f-1234bde3cd05,CZ
0fb492e5-16c8-11ed-9b5f-1234bde3cd05,CZ
0fb4964a-16c8-11ed-9b5f-1234bde3cd05,CZ
0fb499ae-16c8-11ed-9b5f-1234bde3cd05,CZ
0fb49ec2-16c8-11ed-9b5f-1234bde3cd05,CZ
0fb4a249-16c8-11ed-9b5f-1234bde3cd05,CZ
0fb4a5c7-16c8-11ed-9b5f-1234bde3cd05,CZ
0fb4a90b-16c8-11ed-9b5f-1234bde3cd05,CZ
0fb4acb3-16c8-11ed-9b5f-1234bde3cd05,CZ
0fb4b440-16c8-11ed-9b5f-1234bde3cd05,CZ
0fb4b78a-16c8-11ed-9b5f-1234bde3cd05,DE
0fb4bb38-16c8-11ed-9b5f-1234bde3cd05,CZ
0fb4be66-16c8-11ed-9b5f-1234bde3cd05,CZ
0fb4c270-16c8-11ed-9b5f-1234bde3cd05,CZ
0fb4c5a3-16c8-11ed-9b5f-1234bde3cd05,CZ
0fb4cd56-16c8-11ed-9b5f-1234bde3cd05,CZ
0fb4d0aa-16c8-11ed-9b5f-1234bde3cd05,CZ
0fb4d3c1-16c8-11ed-9b5f-1234bde3cd05,CZ
0fb4d6ee-16c8-11ed-9b5f-1234bde3cd05,CZ
0fb4dbf3-16c8-11ed-9b5f-1234bde3cd05,CZ
0fb4df0c-16c8-11ed-9b5f-1234bde3cd05,CZ
0fb4e284-16c8-11ed-9b5f-1234bde3cd05,CZ
0fb4e5bc-16c8-11ed-9b5f-1234bde3cd05,CZ
0fb4e8b6-16c8-11ed-9b5f-1234bde3cd05,CZ
0fb4eb92-16c8-11ed-9b5f-1234bde3cd05,CZ
0fb4eea7-16c8-11ed-9b5f-1234bde3cd05,CZ
0fb4f1d7-16c8-11ed-9b5f-1234bde3cd05,CZ
0fb4f82d-16c8-11ed-9b5f-1234bde3cd05,CZ
0fb4fb67-16c8-11ed-9b5f-1234bde3cd05,CZ
0fb4fe7f-16c8-11ed-9b5f-1234bde3cd05,CZ
0fb501d1-16c8-11ed-9b5f-1234bde3cd05,CZ
0fb5057b-16c8-11ed-9b5f-1234bde3cd05,CZ
0fb5087e-16c8-11ed-9b5f-1234bde3cd05,CZ
0fb50b74-16c8-11ed-9b5f-1234bde3cd05,CZ
0fb50e89-16c8-11ed-9b5f-1234bde3cd05,CZ
0fb51185-16c8-11ed-9b5f-1234bde3cd05,CZ
0fb82b4b-16c8-11ed-9b5f-1234bde3cd05,CZ
0fb82e83-16c8-11ed-9b5f-1234bde3cd05,CZ
0fb83176-16c8-11ed-9b5f-1234bde3cd05,CZ
0fb83890-16c8-11ed-9b5f-1234bde3cd05,CZ
0fb83bbb-16c8-11ed-9b5f-1234bde3cd05,CZ
0fb8408d-16c8-11ed-9b5f-1234bde3cd05,CZ
0fb8478d-16c8-11ed-9b5f-1234bde3cd05,CH
0fb85404-16c8-11ed-9b5f-1234bde3cd05,CH
0fb85731-16c8-11ed-9b5f-1234bde3cd05,CH
0fb85a37-16c8-11ed-9b5f-1234bde3cd05,CH
0fb85e33-16c8-11ed-9b5f-1234bde3cd05,RS
0fb8650c-16c8-11ed-9b5f-1234bde3cd05,CZ
0fb868a0-16c8-11ed-9b5f-1234bde3cd05,CZ
0fb86bdd-16c8-11ed-9b5f-1234bde3cd05,CZ
0fb86f2f-16c8-11ed-9b5f-1234bde3cd05,CZ
0fb87230-16c8-11ed-9b5f-1234bde3cd05,CZ
0fb8753c-16c8-11ed-9b5f-1234bde3cd05,CZ
0fb878c9-16c8-11ed-9b5f-1234bde3cd05,CZ
0fb87bed-16c8-11ed-9b5f-1234bde3cd05,CZ
0fb87f4d-16c8-11ed-9b5f-1234bde3cd05,CZ
0fb88268-16c8-11ed-9b5f-1234bde3cd05,VE
0fb88980-16c8-11ed-9b5f-1234bde3cd05,CZ
0fb88ce4-16c8-11ed-9b5f-1234bde3cd05,CZ
0fb89043-16c8-11ed-9b5f-1234bde3cd05,CZ
0fb893c9-16c8-11ed-9b5f-1234bde3cd05,CZ
0fba23e5-16c8-11ed-9b5f-1234bde3cd05,GB
0fba274a-16c8-11ed-9b5f-1234bde3cd05,RS
0fba2ac4-16c8-11ed-9b5f-1234bde3cd05,RS
0fba2e4d-16c8-11ed-9b5f-1234bde3cd05,CZ
0fba32cf-16c8-11ed-9b5f-1234bde3cd05,CZ
0fba3633-16c8-11ed-9b5f-1234bde3cd05,CZ
0fba3c22-16c8-11ed-9b5f-1234bde3cd05,CZ
0fba3f41-16c8-11ed-9b5f-1234bde3cd05,CZ
0fba428e-16c8-11ed-9b5f-1234bde3cd05,CZ
0fba45a2-16c8-11ed-9b5f-1234bde3cd05,CZ
0fba4b6c-16c8-11ed-9b5f-1234bde3cd05,CZ
0fba4eae-16c8-11ed-9b5f-1234bde3cd05,CZ
0fba545c-16c8-11ed-9b5f-1234bde3cd05,CZ
0fba5726-16c8-11ed-9b5f-1234bde3cd05,CZ
0fba5a26-16c8-11ed-9b5f-1234bde3cd05,CZ
0fba5d61-16c8-11ed-9b5f-1234bde3cd05,CZ
0fba6329-16c8-11ed-9b5f-1234bde3cd05,CZ
0fba65fe-16c8-11ed-9b5f-1234bde3cd05,CZ
0fba68fc-16c8-11ed-9b5f-1234bde3cd05,CZ
0fba6bde-16c8-11ed-9b5f-1234bde3cd05,CZ
0fba6efd-16c8-11ed-9b5f-1234bde3cd05,CZ
0fba754b-16c8-11ed-9b5f-1234bde3cd05,CZ
0fba7850-16c8-11ed-9b5f-1234bde3cd05,CZ
0fba831c-16c8-11ed-9b5f-1234bde3cd05,CZ
0fba87ed-16c8-11ed-9b5f-1234bde3cd05,CZ
0fba8afa-16c8-11ed-9b5f-1234bde3cd05,CZ
0fba8fda-16c8-11ed-9b5f-1234bde3cd05,CZ
0fba92f1-16c8-11ed-9b5f-1234bde3cd05,PL
0fba95e8-16c8-11ed-9b5f-1234bde3cd05,CZ
0fba995d-16c8-11ed-9b5f-1234bde3cd05,CZ
0fba9c4c-16c8-11ed-9b5f-1234bde3cd05,CZ
0fbaa29b-16c8-11ed-9b5f-1234bde3cd05,CZ
0fbaa5f6-16c8-11ed-9b5f-1234bde3cd05,CZ
0fbaa904-16c8-11ed-9b5f-1234bde3cd05,SE
0fbab199-16c8-11ed-9b5f-1234bde3cd05,CZ
0fbab824-16c8-11ed-9b5f-1234bde3cd05,CZ
0fbabb1e-16c8-11ed-9b5f-1234bde3cd05,FR
0fbabe91-16c8-11ed-9b5f-1234bde3cd05,JP
0fbdd5e2-16c8-11ed-9b5f-1234bde3cd05,GB
0fbdd93c-16c8-11ed-9b5f-1234bde3cd05,GB
0fbddd6b-16c8-11ed-9b5f-1234bde3cd05,DE
0fbde0e5-16c8-11ed-9b5f-1234bde3cd05,GB
0fd680cc-16c8-11ed-9b5f-1234bde3cd05,DE
0fd6848c-16c8-11ed-9b5f-1234bde3cd05,FR
0fd687f0-16c8-11ed-9b5f-1234bde3cd05,IN
0fd68b24-16c8-11ed-9b5f-1234bde3cd05,GB
0fd69218-16c8-11ed-9b5f-1234bde3cd05,CZ
0fd698a4-16c8-11ed-9b5f-1234bde3cd05,CZ
0fd69c4a-16c8-11ed-9b5f-1234bde3cd05,CZ
0fd69f6f-16c8-11ed-9b5f-1234bde3cd05,CZ
0fd6a2ce-16c8-11ed-9b5f-1234bde3cd05,CZ
0fd6a613-16c8-11ed-9b5f-1234bde3cd05,CZ
0fd6a9c3-16c8-11ed-9b5f-1234bde3cd05,CZ
0fd6ad00-16c8-11ed-9b5f-1234bde3cd05,CZ
0fd6b05b-16c8-11ed-9b5f-1234bde3cd05,CZ
0ff3ef14-16c8-11ed-9b5f-1234bde3cd05,GB
0ff3f316-16c8-11ed-9b5f-1234bde3cd05,CZ
0ff3f9b5-16c8-11ed-9b5f-1234bde3cd05,CZ
0ff3fcde-16c8-11ed-9b5f-1234bde3cd05,CZ
0ff3fff6-16c8-11ed-9b5f-1234bde3cd05,CZ
0ff40302-16c8-11ed-9b5f-1234bde3cd05,CZ
0ff4066a-16c8-11ed-9b5f-1234bde3cd05,CZ
0ff40981-16c8-11ed-9b5f-1234bde3cd05,CZ
0ff40daf-16c8-11ed-9b5f-1234bde3cd05,CZ
0ff413b5-16c8-11ed-9b5f-1234bde3cd05,CZ
0ff4170a-16c8-11ed-9b5f-1234bde3cd05,CZ
0ff41a0f-16c8-11ed-9b5f-1234bde3cd05,CZ
0ff41d2a-16c8-11ed-9b5f-1234bde3cd05,CZ
0ff424d8-16c8-11ed-9b5f-1234bde3cd05,CZ
0ff42827-16c8-11ed-9b5f-1234bde3cd05,CZ
0ff42c10-16c8-11ed-9b5f-1234bde3cd05,CZ
0ff431b1-16c8-11ed-9b5f-1234bde3cd05,CZ
0ff437eb-16c8-11ed-9b5f-1234bde3cd05,CZ
0ff43c64-16c8-11ed-9b5f-1234bde3cd05,CZ
0ff43f81-16c8-11ed-9b5f-1234bde3cd05,CZ
0ff4460b-16c8-11ed-9b5f-1234bde3cd05,CZ
0ff448f5-16c8-11ed-9b5f-1234bde3cd05,CZ
1091285a-16c8-11ed-9b5f-1234bde3cd05,CZ
10912d20-16c8-11ed-9b5f-1234bde3cd05,CZ
1091338a-16c8-11ed-9b5f-1234bde3cd05,CZ
10913694-16c8-11ed-9b5f-1234bde3cd05,CZ
10913d19-16c8-11ed-9b5f-1234bde3cd05,CZ
10916350-16c8-11ed-9b5f-1234bde3cd05,CZ
109166b3-16c8-11ed-9b5f-1234bde3cd05,CZ
10916d01-16c8-11ed-9b5f-1234bde3cd05,CZ
10917077-16c8-11ed-9b5f-1234bde3cd05,CZ
10917392-16c8-11ed-9b5f-1234bde3cd05,CZ
109179dd-16c8-11ed-9b5f-1234bde3cd05,CZ
10917cfc-16c8-11ed-9b5f-1234bde3cd05,CZ
10918368-16c8-11ed-9b5f-1234bde3cd05,PA
109186f2-16c8-11ed-9b5f-1234bde3cd05,IN
10918f00-16c8-11ed-9b5f-1234bde3cd05,IN
109196ea-16c8-11ed-9b5f-1234bde3cd05,IN
10919b04-16c8-11ed-9b5f-1234bde3cd05,IN
10919e63-16c8-11ed-9b5f-1234bde3cd05,GB
1091a20f-16c8-11ed-9b5f-1234bde3cd05,CZ
1091a9ba-16c8-11ed-9b5f-1234bde3cd05,CZ
1091acc3-16c8-11ed-9b5f-1234bde3cd05,CZ
10933d63-16c8-11ed-9b5f-1234bde3cd05,CZ
10934156-16c8-11ed-9b5f-1234bde3cd05,CZ
109344d0-16c8-11ed-9b5f-1234bde3cd05,CZ
10934994-16c8-11ed-9b5f-1234bde3cd05,CZ
109b01b9-16c8-11ed-9b5f-1234bde3cd05,CZ
109b0592-16c8-11ed-9b5f-1234bde3cd05,CZ
109b094f-16c8-11ed-9b5f-1234bde3cd05,CZ
109b0fe5-16c8-11ed-9b5f-1234bde3cd05,CZ
109b12e0-16c8-11ed-9b5f-1234bde3cd05,CZ
109b1611-16c8-11ed-9b5f-1234bde3cd05,CZ
109b198c-16c8-11ed-9b5f-1234bde3cd05,CZ
109b1cd7-16c8-11ed-9b5f-1234bde3cd05,CZ
109b1fdc-16c8-11ed-9b5f-1234bde3cd05,CZ
109b2394-16c8-11ed-9b5f-1234bde3cd05,CZ
109b295b-16c8-11ed-9b5f-1234bde3cd05,CZ
109b2cff-16c8-11ed-9b5f-1234bde3cd05,CZ
109b3032-16c8-11ed-9b5f-1234bde3cd05,CN
109b3383-16c8-11ed-9b5f-1234bde3cd05,CZ
109b36f2-16c8-11ed-9b5f-1234bde3cd05,CZ
109b3aa4-16c8-11ed-9b5f-1234bde3cd05,CZ
109b3e22-16c8-11ed-9b5f-1234bde3cd05,CZ
109b4174-16c8-11ed-9b5f-1234bde3cd05,CZ
109b4594-16c8-11ed-9b5f-1234bde3cd05,CZ
109b48a7-16c8-11ed-9b5f-1234bde3cd05,CZ
109b4bab-16c8-11ed-9b5f-1234bde3cd05,CZ
109b4eef-16c8-11ed-9b5f-1234bde3cd05,CZ
109b540f-16c8-11ed-9b5f-1234bde3cd05,CZ
109b5731-16c8-11ed-9b5f-1234bde3cd05,CZ
109b5a32-16c8-11ed-9b5f-1234bde3cd05,CZ
109b5d88-16c8-11ed-9b5f-1234bde3cd05,CZ
109b6086-16c8-11ed-9b5f-1234bde3cd05,CZ
109b6508-16c8-11ed-9b5f-1234bde3cd05,CZ
109b67fe-16c8-11ed-9b5f-1234bde3cd05,CZ
109b6c34-16c8-11ed-9b5f-1234bde3cd05,CZ
109b6f7a-16c8-11ed-9b5f-1234bde3cd05,CZ
109b7289-16c8-11ed-9b5f-1234bde3cd05,CZ
109b793a-16c8-11ed-9b5f-1234bde3cd05,CZ
109b853d-16c8-11ed-9b5f-1234bde3cd05,CZ
109b8bd4-16c8-11ed-9b5f-1234bde3cd05,CZ
109b8f68-16c8-11ed-9b5f-1234bde3cd05,CZ
109b92c0-16c8-11ed-9b5f-1234bde3cd05,CZ
10a65a61-16c8-11ed-9b5f-1234bde3cd05,CZ
10a65e3d-16c8-11ed-9b5f-1234bde3cd05,CZ
10a66153-16c8-11ed-9b5f-1234bde3cd05,CZ
10a66c00-16c8-11ed-9b5f-1234bde3cd05,CZ
10a66fda-16c8-11ed-9b5f-1234bde3cd05,CZ
10a674fd-16c8-11ed-9b5f-1234bde3cd05,CZ
10a6780a-16c8-11ed-9b5f-1234bde3cd05,CZ
10a67e12-16c8-11ed-9b5f-1234bde3cd05,CZ
10a68110-16c8-11ed-9b5f-1234bde3cd05,CZ
10a6850c-16c8-11ed-9b5f-1234bde3cd05,CZ
10a6888d-16c8-11ed-9b5f-1234bde3cd05,CZ
10a68ba1-16c8-11ed-9b5f-1234bde3cd05,CZ
10a68ebc-16c8-11ed-9b5f-1234bde3cd05,CZ
10a9a8b3-16c8-11ed-9b5f-1234bde3cd05,CZ
10a9ae4f-16c8-11ed-9b5f-1234bde3cd05,CZ
10a9b28a-16c8-11ed-9b5f-1234bde3cd05,CZ
10a9b597-16c8-11ed-9b5f-1234bde3cd05,CZ
10a9b8c0-16c8-11ed-9b5f-1234bde3cd05,CZ
10a9bbc8-16c8-11ed-9b5f-1234bde3cd05,CZ
10a9bec7-16c8-11ed-9b5f-1234bde3cd05,CZ
10a9cb56-16c8-11ed-9b5f-1234bde3cd05,CZ
10a9d5ec-16c8-11ed-9b5f-1234bde3cd05,CZ
10a9d912-16c8-11ed-9b5f-1234bde3cd05,CZ
10a9dc5d-16c8-11ed-9b5f-1234bde3cd05,CZ
10a9e148-16c8-11ed-9b5f-1234bde3cd05,CZ
10a9e498-16c8-11ed-9b5f-1234bde3cd05,CZ
10a9e7b9-16c8-11ed-9b5f-1234bde3cd05,CZ
10a9eada-16c8-11ed-9b5f-1234bde3cd05,FI
10a9ee02-16c8-11ed-9b5f-1234bde3cd05,FR
10a9f10d-16c8-11ed-9b5f-1234bde3cd05,FR
10a9f3ff-16c8-11ed-9b5f-1234bde3cd05,CZ
10a9f6f0-16c8-11ed-9b5f-1234bde3cd05,CZ
10a9fb1b-16c8-11ed-9b5f-1234bde3cd05,CZ
10aa0127-16c8-11ed-9b5f-1234bde3cd05,CZ
10aa03fc-16c8-11ed-9b5f-1234bde3cd05,CZ
10aa0abb-16c8-11ed-9b5f-1234bde3cd05,CZ
10aa1057-16c8-11ed-9b5f-1234bde3cd05,CZ
10aa1416-16c8-11ed-9b5f-1234bde3cd05,CZ
10aa1726-16c8-11ed-9b5f-1234bde3cd05,CZ
10aa1a34-16c8-11ed-9b5f-1234bde3cd05,CZ
10aa1d3b-16c8-11ed-9b5f-1234bde3cd05,CZ
10aa206f-16c8-11ed-9b5f-1234bde3cd05,CZ
10aa234f-16c8-11ed-9b5f-1234bde3cd05,CZ
10aa2629-16c8-11ed-9b5f-1234bde3cd05,CZ
10aa291b-16c8-11ed-9b5f-1234bde3cd05,CZ
10aa2c94-16c8-11ed-9b5f-1234bde3cd05,CZ
10aa2fa7-16c8-11ed-9b5f-1234bde3cd05,CZ
10aa3347-16c8-11ed-9b5f-1234bde3cd05,CZ
10aa3635-16c8-11ed-9b5f-1234bde3cd05,CZ
10aa3a05-16c8-11ed-9b5f-1234bde3cd05,CZ
10aa3cfb-16c8-11ed-9b5f-1234bde3cd05,CZ
10aa4044-16c8-11ed-9b5f-1234bde3cd05,CZ
10aa4376-16c8-11ed-9b5f-1234bde3cd05,MX
10aa46ef-16c8-11ed-9b5f-1234bde3cd05,MX
10aa4a00-16c8-11ed-9b5f-1234bde3cd05,MX
10aa5058-16c8-11ed-9b5f-1234bde3cd05,CZ
10aa5354-16c8-11ed-9b5f-1234bde3cd05,CZ
10aa56c9-16c8-11ed-9b5f-1234bde3cd05,CZ
10aa59a3-16c8-11ed-9b5f-1234bde3cd05,CZ
10aa5c84-16c8-11ed-9b5f-1234bde3cd05,CZ
10aa5ffe-16c8-11ed-9b5f-1234bde3cd05,CZ
10aa6603-16c8-11ed-9b5f-1234bde3cd05,CZ
10aa69ff-16c8-11ed-9b5f-1234bde3cd05,CZ
10aa6d04-16c8-11ed-9b5f-1234bde3cd05,CZ
10aa7059-16c8-11ed-9b5f-1234bde3cd05,CZ
10aa734c-16c8-11ed-9b5f-1234bde3cd05,CZ
10aa7689-16c8-11ed-9b5f-1234bde3cd05,CZ
10aa798d-16c8-11ed-9b5f-1234bde3cd05,CZ
10c31b97-16c8-11ed-9b5f-1234bde3cd05,CZ
10c3206b-16c8-11ed-9b5f-1234bde3cd05,CZ
10c32485-16c8-11ed-9b5f-1234bde3cd05,CZ
10c327d3-16c8-11ed-9b5f-1234bde3cd05,CZ
10c32e2d-16c8-11ed-9b5f-1234bde3cd05,CZ
10c3312a-16c8-11ed-9b5f-1234bde3cd05,CZ
10c33f75-16c8-11ed-9b5f-1234bde3cd05,CZ
10c34295-16c8-11ed-9b5f-1234bde3cd05,CZ
10c3459e-16c8-11ed-9b5f-1234bde3cd05,CZ
10c348dc-16c8-11ed-9b5f-1234bde3cd05,CZ
10c34cda-16c8-11ed-9b5f-1234bde3cd05,CZ
10c3506a-16c8-11ed-9b5f-1234bde3cd05,CZ
10c353d4-16c8-11ed-9b5f-1234bde3cd05,CZ
10c35703-16c8-11ed-9b5f-1234bde3cd05,CZ
10c35fef-16c8-11ed-9b5f-1234bde3cd05,GB
10c36342-16c8-11ed-9b5f-1234bde3cd05,CZ
10c3697a-16c8-11ed-9b5f-1234bde3cd05,CZ
10c36c80-16c8-11ed-9b5f-1234bde3cd05,CZ
10c36fc0-16c8-11ed-9b5f-1234bde3cd05,CZ
10c375c7-16c8-11ed-9b5f-1234bde3cd05,CZ
10c37950-16c8-11ed-9b5f-1234bde3cd05,CZ
10c37c45-16c8-11ed-9b5f-1234bde3cd05,CZ
10c37f4b-16c8-11ed-9b5f-1234bde3cd05,CZ
10c3821a-16c8-11ed-9b5f-1234bde3cd05,CZ
10c3897c-16c8-11ed-9b5f-1234bde3cd05,CZ
10c38cd9-16c8-11ed-9b5f-1234bde3cd05,CZ
10c38fef-16c8-11ed-9b5f-1234bde3cd05,CZ
10c394d5-16c8-11ed-9b5f-1234bde3cd05,CZ
10c3980a-16c8-11ed-9b5f-1234bde3cd05,CZ
10c39b28-16c8-11ed-9b5f-1234bde3cd05,CZ
10c39e92-16c8-11ed-9b5f-1234bde3cd05,CZ
10c3a1e1-16c8-11ed-9b5f-1234bde3cd05,CZ
10c3a7e9-16c8-11ed-9b5f-1234bde3cd05,CZ
10c3ab91-16c8-11ed-9b5f-1234bde3cd05,IT
10c3aece-16c8-11ed-9b5f-1234bde3cd05,CZ
10c3b2d8-16c8-11ed-9b5f-1234bde3cd05,CZ
10c3b61a-16c8-11ed-9b5f-1234bde3cd05,CZ
10c3b98e-16c8-11ed-9b5f-1234bde3cd05,CZ
10c3bc9c-16c8-11ed-9b5f-1234bde3cd05,CZ
10c3bfcf-16c8-11ed-9b5f-1234bde3cd05,CZ
10c3c2d8-16c8-11ed-9b5f-1234bde3cd05,CZ
10c3c62b-16c8-11ed-9b5f-1234bde3cd05,CZ
10c3c93b-16c8-11ed-9b5f-1234bde3cd05,CZ
10c3cc31-16c8-11ed-9b5f-1234bde3cd05,CZ
10c3cfe9-16c8-11ed-9b5f-1234bde3cd05,CZ
10c3d4cf-16c8-11ed-9b5f-1234bde3cd05,CZ
10c3d897-16c8-11ed-9b5f-1234bde3cd05,CZ
10c3e33f-16c8-11ed-9b5f-1234bde3cd05,IN
10c3e67b-16c8-11ed-9b5f-1234bde3cd05,CZ
10c3ea02-16c8-11ed-9b5f-1234bde3cd05,CZ
10c3ed6b-16c8-11ed-9b5f-1234bde3cd05,CZ
10c3f0a7-16c8-11ed-9b5f-1234bde3cd05,CZ
10c3f511-16c8-11ed-9b5f-1234bde3cd05,CZ
10c3f82d-16c8-11ed-9b5f-1234bde3cd05,CZ
10c3fb57-16c8-11ed-9b5f-1234bde3cd05,CZ
10c3fe45-16c8-11ed-9b5f-1234bde3cd05,CZ
10c4012c-16c8-11ed-9b5f-1234bde3cd05,CZ
10c404fa-16c8-11ed-9b5f-1234bde3cd05,CZ
10c407fb-16c8-11ed-9b5f-1234bde3cd05,CZ
10c40afb-16c8-11ed-9b5f-1234bde3cd05,CZ
10c40dcf-16c8-11ed-9b5f-1234bde3cd05,CZ
10c41134-16c8-11ed-9b5f-1234bde3cd05,CZ
10c41467-16c8-11ed-9b5f-1234bde3cd05,CZ
10c41792-16c8-11ed-9b5f-1234bde3cd05,CZ
10c41b9f-16c8-11ed-9b5f-1234bde3cd05,CZ
10c41ec5-16c8-11ed-9b5f-1234bde3cd05,CZ
10c4223e-16c8-11ed-9b5f-1234bde3cd05,CZ
10c42539-16c8-11ed-9b5f-1234bde3cd05,CZ
10c4287a-16c8-11ed-9b5f-1234bde3cd05,CZ
10c42ef3-16c8-11ed-9b5f-1234bde3cd05,CZ
10c431f6-16c8-11ed-9b5f-1234bde3cd05,CZ
10c4356d-16c8-11ed-9b5f-1234bde3cd05,CZ
10c4386d-16c8-11ed-9b5f-1234bde3cd05,CZ
10c43b74-16c8-11ed-9b5f-1234bde3cd05,CZ
10c43e57-16c8-11ed-9b5f-1234bde3cd05,CZ
10c441bc-16c8-11ed-9b5f-1234bde3cd05,CZ
10c4495d-16c8-11ed-9b5f-1234bde3cd05,CZ
10c44c7e-16c8-11ed-9b5f-1234bde3cd05,CZ
10c4505b-16c8-11ed-9b5f-1234bde3cd05,CZ
10c4535a-16c8-11ed-9b5f-1234bde3cd05,DE
10c459f5-16c8-11ed-9b5f-1234bde3cd05,CZ
10c460b6-16c8-11ed-9b5f-1234bde3cd05,CZ
10c463de-16c8-11ed-9b5f-1234bde3cd05,CZ
10c466dc-16c8-11ed-9b5f-1234bde3cd05,CZ
10c469dd-16c8-11ed-9b5f-1234bde3cd05,CZ
10c46d01-16c8-11ed-9b5f-1234bde3cd05,CZ
10c47915-16c8-11ed-9b5f-1234bde3cd05,CZ
10c47f7e-16c8-11ed-9b5f-1234bde3cd05,CZ
10c482a0-16c8-11ed-9b5f-1234bde3cd05,CZ
10c485fb-16c8-11ed-9b5f-1234bde3cd05,CZ
10c4893d-16c8-11ed-9b5f-1234bde3cd05,CZ
10c492c1-16c8-11ed-9b5f-1234bde3cd05,CZ
10c495b3-16c8-11ed-9b5f-1234bde3cd05,CZ
10c498f2-16c8-11ed-9b5f-1234bde3cd05,CZ
10c49f23-16c8-11ed-9b5f-1234bde3cd05,CZ
10c4a40f-16c8-11ed-9b5f-1234bde3cd05,CZ
10c4a756-16c8-11ed-9b5f-1234bde3cd05,CZ
10c4aa4c-16c8-11ed-9b5f-1234bde3cd05,CZ
10c4ad42-16c8-11ed-9b5f-1234bde3cd05,CZ
10c4b36f-16c8-11ed-9b5f-1234bde3cd05,CZ
10c4b66a-16c8-11ed-9b5f-1234bde3cd05,CZ
10c4bf90-16c8-11ed-9b5f-1234bde3cd05,CZ
10c4c3b3-16c8-11ed-9b5f-1234bde3cd05,CZ
10c4c763-16c8-11ed-9b5f-1234bde3cd05,CZ
10c4ca8f-16c8-11ed-9b5f-1234bde3cd05,CZ
10c4cd70-16c8-11ed-9b5f-1234bde3cd05,CZ
10c4d397-16c8-11ed-9b5f-1234bde3cd05,CZ
10c4d68d-16c8-11ed-9b5f-1234bde3cd05,CZ
10c4d98e-16c8-11ed-9b5f-1234bde3cd05,CZ
10c4dca4-16c8-11ed-9b5f-1234bde3cd05,CZ
10c4e02d-16c8-11ed-9b5f-1234bde3cd05,CZ
10c4e321-16c8-11ed-9b5f-1234bde3cd05,CZ
10c4e677-16c8-11ed-9b5f-1234bde3cd05,CZ
10c6757f-16c8-11ed-9b5f-1234bde3cd05,PL
10c678f0-16c8-11ed-9b5f-1234bde3cd05,CZ
10c67bf5-16c8-11ed-9b5f-1234bde3cd05,CZ
10cca63b-16c8-11ed-9b5f-1234bde3cd05,CZ
10cca9a3-16c8-11ed-9b5f-1234bde3cd05,CZ
10ccb051-16c8-11ed-9b5f-1234bde3cd05,CZ
10ccb36a-16c8-11ed-9b5f-1234bde3cd05,CZ
10ccb67b-16c8-11ed-9b5f-1234bde3cd05,DE
10ccbaef-16c8-11ed-9b5f-1234bde3cd05,CZ
10ccce16-16c8-11ed-9b5f-1234bde3cd05,NZ
10ccd148-16c8-11ed-9b5f-1234bde3cd05,DE
10ccd93c-16c8-11ed-9b5f-1234bde3cd05,GB
10ccde6e-16c8-11ed-9b5f-1234bde3cd05,DE
10cce1d8-16c8-11ed-9b5f-1234bde3cd05,DE
10cce6ec-16c8-11ed-9b5f-1234bde3cd05,SI
10ccea34-16c8-11ed-9b5f-1234bde3cd05,NO
10cced7d-16c8-11ed-9b5f-1234bde3cd05,DE
10ccf09f-16c8-11ed-9b5f-1234bde3cd05,GE
10ccf406-16c8-11ed-9b5f-1234bde3cd05,RU
10ccf741-16c8-11ed-9b5f-1234bde3cd05,GB
10ccfa92-16c8-11ed-9b5f-1234bde3cd05,DE
10ccfe13-16c8-11ed-9b5f-1234bde3cd05,GB
10cd0141-16c8-11ed-9b5f-1234bde3cd05,IT
10cd045d-16c8-11ed-9b5f-1234bde3cd05,SI
10cd07f9-16c8-11ed-9b5f-1234bde3cd05,DE
10cd0af6-16c8-11ed-9b5f-1234bde3cd05,NO
10cd0e06-16c8-11ed-9b5f-1234bde3cd05,PT
10cd119e-16c8-11ed-9b5f-1234bde3cd05,FR
10cd14ba-16c8-11ed-9b5f-1234bde3cd05,PT
10cd18ba-16c8-11ed-9b5f-1234bde3cd05,PT
10cd22dd-16c8-11ed-9b5f-1234bde3cd05,GB
10cd25d2-16c8-11ed-9b5f-1234bde3cd05,GB
10d3500c-16c8-11ed-9b5f-1234bde3cd05,DE
10d3534b-16c8-11ed-9b5f-1234bde3cd05,NL
10d35674-16c8-11ed-9b5f-1234bde3cd05,GB
10d3598c-16c8-11ed-9b5f-1234bde3cd05,GB
10d35d25-16c8-11ed-9b5f-1234bde3cd05,GB
10d3607c-16c8-11ed-9b5f-1234bde3cd05,JP
10d36470-16c8-11ed-9b5f-1234bde3cd05,GB
10d36a4a-16c8-11ed-9b5f-1234bde3cd05,NZ
10d3709b-16c8-11ed-9b5f-1234bde3cd05,HR
10d37d1e-16c8-11ed-9b5f-1234bde3cd05,GB
10d38026-16c8-11ed-9b5f-1234bde3cd05,HR
10d3838c-16c8-11ed-9b5f-1234bde3cd05,CN
10d3869f-16c8-11ed-9b5f-1234bde3cd05,PT
10d38ad8-16c8-11ed-9b5f-1234bde3cd05,GB
10d38e06-16c8-11ed-9b5f-1234bde3cd05,DE
10d3920e-16c8-11ed-9b5f-1234bde3cd05,IT
10d39546-16c8-11ed-9b5f-1234bde3cd05,RU
10d39b47-16c8-11ed-9b5f-1234bde3cd05,CH
10d39e4f-16c8-11ed-9b5f-1234bde3cd05,CH
10d3a168-16c8-11ed-9b5f-1234bde3cd05,DE
10d3a468-16c8-11ed-9b5f-1234bde3cd05,GR
10d3a775-16c8-11ed-9b5f-1234bde3cd05,DE
10d3aa7c-16c8-11ed-9b5f-1234bde3cd05,DE
10d3b57c-16c8-11ed-9b5f-1234bde3cd05,DE
10d3bbd1-16c8-11ed-9b5f-1234bde3cd05,DE
10d3becc-16c8-11ed-9b5f-1234bde3cd05,DE
10d3c1c2-16c8-11ed-9b5f-1234bde3cd05,CN
10d3c4f6-16c8-11ed-9b5f-1234bde3cd05,SE
10d3cbd3-16c8-11ed-9b5f-1234bde3cd05,DK
10e6467e-16c8-11ed-9b5f-1234bde3cd05,FR
10e64a0f-16c8-11ed-9b5f-1234bde3cd05,FR
10e64d32-16c8-11ed-9b5f-1234bde3cd05,SE
10e650a6-16c8-11ed-9b5f-1234bde3cd05,GB
10e65713-16c8-11ed-9b5f-1234bde3cd05,FR
10e65e35-16c8-11ed-9b5f-1234bde3cd05,CA
10e66242-16c8-11ed-9b5f-1234bde3cd05,CA
10efdebd-16c8-11ed-9b5f-1234bde3cd05,DE
10efe265-16c8-11ed-9b5f-1234bde3cd05,DE
10efe5d9-16c8-11ed-9b5f-1234bde3cd05,CH
10efe900-16c8-11ed-9b5f-1234bde3cd05,CH
10efec0d-16c8-11ed-9b5f-1234bde3cd05,CH
10efeefe-16c8-11ed-9b5f-1234bde3cd05,DE
10eff1e5-16c8-11ed-9b5f-1234bde3cd05,DE
10eff8e9-16c8-11ed-9b5f-1234bde3cd05,DE
10effd9f-16c8-11ed-9b5f-1234bde3cd05,GB
10f00119-16c8-11ed-9b5f-1234bde3cd05,MX
10f004ad-16c8-11ed-9b5f-1234bde3cd05,GB
10f007b4-16c8-11ed-9b5f-1234bde3cd05,IT
10f00af3-16c8-11ed-9b5f-1234bde3cd05,DE
10f00df3-16c8-11ed-9b5f-1234bde3cd05,BE
10f01135-16c8-11ed-9b5f-1234bde3cd05,BE
10f01465-16c8-11ed-9b5f-1234bde3cd05,JP
10f0184d-16c8-11ed-9b5f-1234bde3cd05,JP
10f01c90-16c8-11ed-9b5f-1234bde3cd05,GB
10f1acdc-16c8-11ed-9b5f-1234bde3cd05,FR
10f1b383-16c8-11ed-9b5f-1234bde3cd05,JP
10f1b9c5-16c8-11ed-9b5f-1234bde3cd05,FR
10f1be06-16c8-11ed-9b5f-1234bde3cd05,CA
10f1c332-16c8-11ed-9b5f-1234bde3cd05,AU
10f1c6e1-16c8-11ed-9b5f-1234bde3cd05,FR
10f1c9d9-16c8-11ed-9b5f-1234bde3cd05,GB
10f1cd9b-16c8-11ed-9b5f-1234bde3cd05,GB
10f1df76-16c8-11ed-9b5f-1234bde3cd05,ID
10f1e31c-16c8-11ed-9b5f-1234bde3cd05,CN
10f1e6c0-16c8-11ed-9b5f-1234bde3cd05,CH
10f1f3ec-16c8-11ed-9b5f-1234bde3cd05,US
10f69720-16c8-11ed-9b5f-1234bde3cd05,GB
10f6a748-16c8-11ed-9b5f-1234bde3cd05,US
10f6ae84-16c8-11ed-9b5f-1234bde3cd05,DE
10f6b1ca-16c8-11ed-9b5f-1234bde3cd05,GB
10f6b7d8-16c8-11ed-9b5f-1234bde3cd05,VN
10f6bb48-16c8-11ed-9b5f-1234bde3cd05,TH
10f6be93-16c8-11ed-9b5f-1234bde3cd05,GB
10f6c191-16c8-11ed-9b5f-1234bde3cd05,LT
10f6c4d2-16c8-11ed-9b5f-1234bde3cd05,AU
10f6c81b-16c8-11ed-9b5f-1234bde3cd05,AU
10f6cc77-16c8-11ed-9b5f-1234bde3cd05,AT
10f6d2b1-16c8-11ed-9b5f-1234bde3cd05,DE
10f6d5a6-16c8-11ed-9b5f-1234bde3cd05,CN
10f6db80-16c8-11ed-9b5f-1234bde3cd05,GB
10f6ded4-16c8-11ed-9b5f-1234bde3cd05,MX
10f6e1f9-16c8-11ed-9b5f-1234bde3cd05,CN
10f6e50e-16c8-11ed-9b5f-1234bde3cd05,DE
10f6ec6e-16c8-11ed-9b5f-1234bde3cd05,AU
10f6ef9f-16c8-11ed-9b5f-1234bde3cd05,CN
10f6f2bc-16c8-11ed-9b5f-1234bde3cd05,DE
10f6fc1f-16c8-11ed-9b5f-1234bde3cd05,CA
10f701dc-16c8-11ed-9b5f-1234bde3cd05,CA
10f70528-16c8-11ed-9b5f-1234bde3cd05,DE
10f709d7-16c8-11ed-9b5f-1234bde3cd05,ES
10f70d0c-16c8-11ed-9b5f-1234bde3cd05,FR
10f71347-16c8-11ed-9b5f-1234bde3cd05,CH
10f71655-16c8-11ed-9b5f-1234bde3cd05,GB
10f71cf5-16c8-11ed-9b5f-1234bde3cd05,GE
10f72387-16c8-11ed-9b5f-1234bde3cd05,LK
10f726ba-16c8-11ed-9b5f-1234bde3cd05,DE
10f72a54-16c8-11ed-9b5f-1234bde3cd05,CA
10f72f47-16c8-11ed-9b5f-1234bde3cd05,LU
10f73276-16c8-11ed-9b5f-1234bde3cd05,DE
10f73761-16c8-11ed-9b5f-1234bde3cd05,CA
10f73c08-16c8-11ed-9b5f-1234bde3cd05,AT
10f73fa4-16c8-11ed-9b5f-1234bde3cd05,CA
10f745a6-16c8-11ed-9b5f-1234bde3cd05,LU
10f7486a-16c8-11ed-9b5f-1234bde3cd05,LU
10f74fab-16c8-11ed-9b5f-1234bde3cd05,DE
10f75383-16c8-11ed-9b5f-1234bde3cd05,IT
10f757cd-16c8-11ed-9b5f-1234bde3cd05,GB
10f75bbf-16c8-11ed-9b5f-1234bde3cd05,US
10f761b1-16c8-11ed-9b5f-1234bde3cd05,IN
10f7687f-16c8-11ed-9b5f-1234bde3cd05,DE
10f76b83-16c8-11ed-9b5f-1234bde3cd05,DE
10f76f47-16c8-11ed-9b5f-1234bde3cd05,DE
10fa86e0-16c8-11ed-9b5f-1234bde3cd05,DE
119a7c30-16c8-11ed-9b5f-1234bde3cd05,DE
119a8564-16c8-11ed-9b5f-1234bde3cd05,GR
119a891a-16c8-11ed-9b5f-1234bde3cd05,GR
119a9721-16c8-11ed-9b5f-1234bde3cd05,CA
119a9dd0-16c8-11ed-9b5f-1234bde3cd05,CA
119aa165-16c8-11ed-9b5f-1234bde3cd05,GR
119aa500-16c8-11ed-9b5f-1234bde3cd05,JP
119aa940-16c8-11ed-9b5f-1234bde3cd05,GB
119aac66-16c8-11ed-9b5f-1234bde3cd05,CL
119aafa4-16c8-11ed-9b5f-1234bde3cd05,IN
119ad128-16c8-11ed-9b5f-1234bde3cd05,IN
119ae6d0-16c8-11ed-9b5f-1234bde3cd05,IN
119af7e4-16c8-11ed-9b5f-1234bde3cd05,DE
119afaf2-16c8-11ed-9b5f-1234bde3cd05,DE
119aff59-16c8-11ed-9b5f-1234bde3cd05,GB
119b0278-16c8-11ed-9b5f-1234bde3cd05,DE
119b08ad-16c8-11ed-9b5f-1234bde3cd05,DE
119b0bb1-16c8-11ed-9b5f-1234bde3cd05,DE
119b0eb7-16c8-11ed-9b5f-1234bde3cd05,DE
119b16fe-16c8-11ed-9b5f-1234bde3cd05,CA
119b1b8e-16c8-11ed-9b5f-1234bde3cd05,IT
119b21e5-16c8-11ed-9b5f-1234bde3cd05,DE
119b2c83-16c8-11ed-9b5f-1234bde3cd05,MX
119b309f-16c8-11ed-9b5f-1234bde3cd05,CA
119b33fb-16c8-11ed-9b5f-1234bde3cd05,DK
119b371b-16c8-11ed-9b5f-1234bde3cd05,FR
119b3a45-16c8-11ed-9b5f-1234bde3cd05,GB
119b3d5b-16c8-11ed-9b5f-1234bde3cd05,FR
119b4058-16c8-11ed-9b5f-1234bde3cd05,JP
119b4852-16c8-11ed-9b5f-1234bde3cd05,GB
119b4caa-16c8-11ed-9b5f-1234bde3cd05,BE
119b4fc7-16c8-11ed-9b5f-1234bde3cd05,JP
119b5862-16c8-11ed-9b5f-1234bde3cd05,CH
119b5ba1-16c8-11ed-9b5f-1234bde3cd05,PL
119b5f07-16c8-11ed-9b5f-1234bde3cd05,GB
119b6231-16c8-11ed-9b5f-1234bde3cd05,GB
119b672d-16c8-11ed-9b5f-1234bde3cd05,CA
119b6b47-16c8-11ed-9b5f-1234bde3cd05,CA
119b6f99-16c8-11ed-9b5f-1234bde3cd05,CA
119b799b-16c8-11ed-9b5f-1234bde3cd05,CA
119b81f9-16c8-11ed-9b5f-1234bde3cd05,US
119b8820-16c8-11ed-9b5f-1234bde3cd05,DE
119b8d22-16c8-11ed-9b5f-1234bde3cd05,GB
119b9070-16c8-11ed-9b5f-1234bde3cd05,DE
119b9cb6-16c8-11ed-9b5f-1234bde3cd05,DE
119b9fd4-16c8-11ed-9b5f-1234bde3cd05,MX
119ba362-16c8-11ed-9b5f-1234bde3cd05,DE
119ba826-16c8-11ed-9b5f-1234bde3cd05,DE
119baae3-16c8-11ed-9b5f-1234bde3cd05,CY
119baf99-16c8-11ed-9b5f-1234bde3cd05,FR
119bb2f6-16c8-11ed-9b5f-1234bde3cd05,PT
119bb709-16c8-11ed-9b5f-1234bde3cd05,DE
119bc117-16c8-11ed-9b5f-1234bde3cd05,DE
119bc5ad-16c8-11ed-9b5f-1234bde3cd05,GB
119bc922-16c8-11ed-9b5f-1234bde3cd05,DE
119bcf3e-16c8-11ed-9b5f-1234bde3cd05,GB
119bd267-16c8-11ed-9b5f-1234bde3cd05,VE
119bd67f-16c8-11ed-9b5f-1234bde3cd05,CA
119bde37-16c8-11ed-9b5f-1234bde3cd05,GB
119be126-16c8-11ed-9b5f-1234bde3cd05,MX
119be47f-16c8-11ed-9b5f-1234bde3cd05,BD
119bead2-16c8-11ed-9b5f-1234bde3cd05,ZA
119bedeb-16c8-11ed-9b5f-1234bde3cd05,CH
119bf139-16c8-11ed-9b5f-1234bde3cd05,DE
119bf471-16c8-11ed-9b5f-1234bde3cd05,FR
119bf798-16c8-11ed-9b5f-1234bde3cd05,FI
119bfbf2-16c8-11ed-9b5f-1234bde3cd05,ES
119bff1f-16c8-11ed-9b5f-1234bde3cd05,ES
119c023d-16c8-11ed-9b5f-1234bde3cd05,FR
119c055f-16c8-11ed-9b5f-1234bde3cd05,GB
119c087d-16c8-11ed-9b5f-1234bde3cd05,BE
119c0c08-16c8-11ed-9b5f-1234bde3cd05,CY
119c0f20-16c8-11ed-9b5f-1234bde3cd05,DE
119f2616-16c8-11ed-9b5f-1234bde3cd05,GB
119f2a20-16c8-11ed-9b5f-1234bde3cd05,DE
119f3294-16c8-11ed-9b5f-1234bde3cd05,DE
119f370d-16c8-11ed-9b5f-1234bde3cd05,DE
119f3d64-16c8-11ed-9b5f-1234bde3cd05,DE
11a568b0-16c8-11ed-9b5f-1234bde3cd05,DE
11a57198-16c8-11ed-9b5f-1234bde3cd05,BE
11a57589-16c8-11ed-9b5f-1234bde3cd05,BE
11a584dd-16c8-11ed-9b5f-1234bde3cd05,CA
11a7135b-16c8-11ed-9b5f-1234bde3cd05,FR
11a716f4-16c8-11ed-9b5f-1234bde3cd05,DE
11a71c32-16c8-11ed-9b5f-1234bde3cd05,DE
11a7230f-16c8-11ed-9b5f-1234bde3cd05,CA
11a72685-16c8-11ed-9b5f-1234bde3cd05,AT
11a729cc-16c8-11ed-9b5f-1234bde3cd05,GB
11aa410b-16c8-11ed-9b5f-1234bde3cd05,RU
11bb3178-16c8-11ed-9b5f-1234bde3cd05,BE
11bb3595-16c8-11ed-9b5f-1234bde3cd05,BE
11bb38f2-16c8-11ed-9b5f-1234bde3cd05,ES
11bb3d1a-16c8-11ed-9b5f-1234bde3cd05,DE
11bb4062-16c8-11ed-9b5f-1234bde3cd05,DE
11bb4466-16c8-11ed-9b5f-1234bde3cd05,US
11bb4d36-16c8-11ed-9b5f-1234bde3cd05,US
11bb5254-16c8-11ed-9b5f-1234bde3cd05,DE
11bb5591-16c8-11ed-9b5f-1234bde3cd05,DE
11bb588b-16c8-11ed-9b5f-1234bde3cd05,DE
11bb5bc6-16c8-11ed-9b5f-1234bde3cd05,BE
11bb626c-16c8-11ed-9b5f-1234bde3cd05,GB
11bb665a-16c8-11ed-9b5f-1234bde3cd05,BD
11bb6d67-16c8-11ed-9b5f-1234bde3cd05,GB
11bb7763-16c8-11ed-9b5f-1234bde3cd05,UA
11bb7ab9-16c8-11ed-9b5f-1234bde3cd05,DE
11bb80bf-16c8-11ed-9b5f-1234bde3cd05,UA
11bb840a-16c8-11ed-9b5f-1234bde3cd05,TH
11bb8bc6-16c8-11ed-9b5f-1234bde3cd05,DE
11bb8eda-16c8-11ed-9b5f-1234bde3cd05,SE
11bb92cb-16c8-11ed-9b5f-1234bde3cd05,HR
11bb9613-16c8-11ed-9b5f-1234bde3cd05,IT
11bb9956-16c8-11ed-9b5f-1234bde3cd05,GB
11bb9ca3-16c8-11ed-9b5f-1234bde3cd05,DE
11bb9fb9-16c8-11ed-9b5f-1234bde3cd05,DE
11bba2b6-16c8-11ed-9b5f-1234bde3cd05,DE
11bba5fd-16c8-11ed-9b5f-1234bde3cd05,DE
11bba8fa-16c8-11ed-9b5f-1234bde3cd05,DE
11bbad10-16c8-11ed-9b5f-1234bde3cd05,LU
11bbb29a-16c8-11ed-9b5f-1234bde3cd05,DE
11bbb8ce-16c8-11ed-9b5f-1234bde3cd05,BE
11bbbc10-16c8-11ed-9b5f-1234bde3cd05,BE
11bbbf99-16c8-11ed-9b5f-1234bde3cd05,DE
11bbc29a-16c8-11ed-9b5f-1234bde3cd05,BE
11bbc8d0-16c8-11ed-9b5f-1234bde3cd05,DE
11bbcc53-16c8-11ed-9b5f-1234bde3cd05,GB
11bbcf6f-16c8-11ed-9b5f-1234bde3cd05,IN
11bbd2b9-16c8-11ed-9b5f-1234bde3cd05,FR
11bbd5db-16c8-11ed-9b5f-1234bde3cd05,DE
11bbd907-16c8-11ed-9b5f-1234bde3cd05,BE
11bbdf04-16c8-11ed-9b5f-1234bde3cd05,BE
11bbe3da-16c8-11ed-9b5f-1234bde3cd05,RU
11bbe872-16c8-11ed-9b5f-1234bde3cd05,DE
11bbeb88-16c8-11ed-9b5f-1234bde3cd05,CH
11bbee8f-16c8-11ed-9b5f-1234bde3cd05,DE
11bbf19e-16c8-11ed-9b5f-1234bde3cd05,DE
11bbf930-16c8-11ed-9b5f-1234bde3cd05,CA
11bbfc84-16c8-11ed-9b5f-1234bde3cd05,RS
11bbffca-16c8-11ed-9b5f-1234bde3cd05,HR
11bc0385-16c8-11ed-9b5f-1234bde3cd05,BE
11bc07c8-16c8-11ed-9b5f-1234bde3cd05,DE
11bc0ba2-16c8-11ed-9b5f-1234bde3cd05,US
11bc0f98-16c8-11ed-9b5f-1234bde3cd05,DE
11bc1613-16c8-11ed-9b5f-1234bde3cd05,DE
11bc1a80-16c8-11ed-9b5f-1234bde3cd05,JP
11bc882a-16c8-11ed-9b5f-1234bde3cd05,BE
11be1b5c-16c8-11ed-9b5f-1234bde3cd05,CA
11be1f2c-16c8-11ed-9b5f-1234bde3cd05,DE
11be2240-16c8-11ed-9b5f-1234bde3cd05,ES
11be26a4-16c8-11ed-9b5f-1234bde3cd05,GB
11be29d4-16c8-11ed-9b5f-1234bde3cd05,DE
11be2d83-16c8-11ed-9b5f-1234bde3cd05,FR
11be308c-16c8-11ed-9b5f-1234bde3cd05,FR
11be3d12-16c8-11ed-9b5f-1234bde3cd05,CA
11be407e-16c8-11ed-9b5f-1234bde3cd05,DE
11be479f-16c8-11ed-9b5f-1234bde3cd05,BE
11be4ac9-16c8-11ed-9b5f-1234bde3cd05,CH
11be4e2d-16c8-11ed-9b5f-1234bde3cd05,SI
11be5138-16c8-11ed-9b5f-1234bde3cd05,IT
11be543c-16c8-11ed-9b5f-1234bde3cd05,IT
11be576e-16c8-11ed-9b5f-1234bde3cd05,GB
11be5bc5-16c8-11ed-9b5f-1234bde3cd05,GB
11be5ed7-16c8-11ed-9b5f-1234bde3cd05,DE
11be64fb-16c8-11ed-9b5f-1234bde3cd05,DE
11be6fe5-16c8-11ed-9b5f-1234bde3cd05,CA
11be74d9-16c8-11ed-9b5f-1234bde3cd05,DE
11be7835-16c8-11ed-9b5f-1234bde3cd05,NZ
11be7b5f-16c8-11ed-9b5f-1234bde3cd05,GB
11be7ec2-16c8-11ed-9b5f-1234bde3cd05,FR
11be821a-16c8-11ed-9b5f-1234bde3cd05,DE
11be8531-16c8-11ed-9b5f-1234bde3cd05,CH
11be884d-16c8-11ed-9b5f-1234bde3cd05,DE
11be8bde-16c8-11ed-9b5f-1234bde3cd05,GB
11be9038-16c8-11ed-9b5f-1234bde3cd05,DE
11be9427-16c8-11ed-9b5f-1234bde3cd05,DE
11be9727-16c8-11ed-9b5f-1234bde3cd05,BE
11c1b6a1-16c8-11ed-9b5f-1234bde3cd05,CA
11c1ba1b-16c8-11ed-9b5f-1234bde3cd05,FR
11c1c631-16c8-11ed-9b5f-1234bde3cd05,RS
11c1c931-16c8-11ed-9b5f-1234bde3cd05,EG
11c1d296-16c8-11ed-9b5f-1234bde3cd05,AT
11c1d5d2-16c8-11ed-9b5f-1234bde3cd05,AT
11c3634a-16c8-11ed-9b5f-1234bde3cd05,GB
11c36680-16c8-11ed-9b5f-1234bde3cd05,GB
11c3699a-16c8-11ed-9b5f-1234bde3cd05,FR
11c36c98-16c8-11ed-9b5f-1234bde3cd05,DE
11c37a1f-16c8-11ed-9b5f-1234bde3cd05,DE
11c385d9-16c8-11ed-9b5f-1234bde3cd05,CA
11cb3a60-16c8-11ed-9b5f-1234bde3cd05,HU
11cb40c4-16c8-11ed-9b5f-1234bde3cd05,CY
11cb43e4-16c8-11ed-9b5f-1234bde3cd05,BE
11cb47af-16c8-11ed-9b5f-1234bde3cd05,FI
11cb4b92-16c8-11ed-9b5f-1234bde3cd05,BE
11cfef56-16c8-11ed-9b5f-1234bde3cd05,BE
11cff461-16c8-11ed-9b5f-1234bde3cd05,GR
11cff7bf-16c8-11ed-9b5f-1234bde3cd05,ES
11cffbe1-16c8-11ed-9b5f-1234bde3cd05,CY
11cfff2d-16c8-11ed-9b5f-1234bde3cd05,DE
11d0047b-16c8-11ed-9b5f-1234bde3cd05,US
11d0082f-16c8-11ed-9b5f-1234bde3cd05,BZ
11d00b70-16c8-11ed-9b5f-1234bde3cd05,GB
11d00f4e-16c8-11ed-9b5f-1234bde3cd05,CA
11d01315-16c8-11ed-9b5f-1234bde3cd05,DE
11d0161c-16c8-11ed-9b5f-1234bde3cd05,GB
11d32d65-16c8-11ed-9b5f-1234bde3cd05,CH
11d33b7f-16c8-11ed-9b5f-1234bde3cd05,DE
11d33e7f-16c8-11ed-9b5f-1234bde3cd05,DE
11d34327-16c8-11ed-9b5f-1234bde3cd05,SI
11d34687-16c8-11ed-9b5f-1234bde3cd05,BE
11d349ab-16c8-11ed-9b5f-1234bde3cd05,GB
11d34ca3-16c8-11ed-9b5f-1234bde3cd05,IN
11d350e3-16c8-11ed-9b5f-1234bde3cd05,IN
11d354ed-16c8-11ed-9b5f-1234bde3cd05,AU
11d35828-16c8-11ed-9b5f-1234bde3cd05,AU
11d3626d-16c8-11ed-9b5f-1234bde3cd05,DE
11d36bbc-16c8-11ed-9b5f-1234bde3cd05,CH
11d36f35-16c8-11ed-9b5f-1234bde3cd05,CA
11d3734c-16c8-11ed-9b5f-1234bde3cd05,BE
11d376c8-16c8-11ed-9b5f-1234bde3cd05,BE
11d69258-16c8-11ed-9b5f-1234bde3cd05,FR
11d695e3-16c8-11ed-9b5f-1234bde3cd05,GB
11d69aaa-16c8-11ed-9b5f-1234bde3cd05,GB
11d6a09d-16c8-11ed-9b5f-1234bde3cd05,DE
11d6a4a5-16c8-11ed-9b5f-1234bde3cd05,BF
11d6a873-16c8-11ed-9b5f-1234bde3cd05,CH
11d6abb0-16c8-11ed-9b5f-1234bde3cd05,CH
11d6aeb3-16c8-11ed-9b5f-1234bde3cd05,SI
11d6b1b5-16c8-11ed-9b5f-1234bde3cd05,BE
11d6b4b7-16c8-11ed-9b5f-1234bde3cd05,DE
11d6b7ba-16c8-11ed-9b5f-1234bde3cd05,DE
11d6be35-16c8-11ed-9b5f-1234bde3cd05,ID
11d6c16e-16c8-11ed-9b5f-1234bde3cd05,DE
11d6c46a-16c8-11ed-9b5f-1234bde3cd05,GB
11d6c7a0-16c8-11ed-9b5f-1234bde3cd05,GB
11d6cec3-16c8-11ed-9b5f-1234bde3cd05,AU
11d85d8c-16c8-11ed-9b5f-1234bde3cd05,DE
11d8614d-16c8-11ed-9b5f-1234bde3cd05,CA
11d86544-16c8-11ed-9b5f-1234bde3cd05,US
11d86ec2-16c8-11ed-9b5f-1234bde3cd05,US
11d87242-16c8-11ed-9b5f-1234bde3cd05,DE
11d87690-16c8-11ed-9b5f-1234bde3cd05,CA
11d879e8-16c8-11ed-9b5f-1234bde3cd05,BE
11d87e49-16c8-11ed-9b5f-1234bde3cd05,PT
11d88562-16c8-11ed-9b5f-1234bde3cd05,DE
11da1863-16c8-11ed-9b5f-1234bde3cd05,AT
11da1b98-16c8-11ed-9b5f-1234bde3cd05,IL
11da1eb3-16c8-11ed-9b5f-1234bde3cd05,SE
11da24ec-16c8-11ed-9b5f-1234bde3cd05,JO
11da2b4f-16c8-11ed-9b5f-1234bde3cd05,BE
11da3112-16c8-11ed-9b5f-1234bde3cd05,CA
11da3480-16c8-11ed-9b5f-1234bde3cd05,FR
11da37a7-16c8-11ed-9b5f-1234bde3cd05,UA
11da3b8d-16c8-11ed-9b5f-1234bde3cd05,DE
11da3e9c-16c8-11ed-9b5f-1234bde3cd05,DE
11da4497-16c8-11ed-9b5f-1234bde3cd05,CH
11da477c-16c8-11ed-9b5f-1234bde3cd05,DE
11da4a6a-16c8-11ed-9b5f-1234bde3cd05,DE
11da4d6b-16c8-11ed-9b5f-1234bde3cd05,AU
11da5158-16c8-11ed-9b5f-1234bde3cd05,CA
11da56b1-16c8-11ed-9b5f-1234bde3cd05,BE
11da5c33-16c8-11ed-9b5f-1234bde3cd05,DE
11da5f5d-16c8-11ed-9b5f-1234bde3cd05,DE
11da62a0-16c8-11ed-9b5f-1234bde3cd05,GB
11eb5688-16c8-11ed-9b5f-1234bde3cd05,AT
11ece48e-16c8-11ed-9b5f-1234bde3cd05,AT
11ece7ef-16c8-11ed-9b5f-1234bde3cd05,FR
11eceed6-16c8-11ed-9b5f-1234bde3cd05,SK
11ecf64d-16c8-11ed-9b5f-1234bde3cd05,BE
11ecfd68-16c8-11ed-9b5f-1234bde3cd05,FI
11ed00f3-16c8-11ed-9b5f-1234bde3cd05,BE
11ed04ac-16c8-11ed-9b5f-1234bde3cd05,BE
11ed08b5-16c8-11ed-9b5f-1234bde3cd05,GR
11ed0ca2-16c8-11ed-9b5f-1234bde3cd05,CA
11ee9cfd-16c8-11ed-9b5f-1234bde3cd05,AU
11eea07b-16c8-11ed-9b5f-1234bde3cd05,DE
11eea643-16c8-11ed-9b5f-1234bde3cd05,DE
11eead48-16c8-11ed-9b5f-1234bde3cd05,BE
11f042b5-16c8-11ed-9b5f-1234bde3cd05,ZA
11f045e2-16c8-11ed-9b5f-1234bde3cd05,DE
11f048dc-16c8-11ed-9b5f-1234bde3cd05,DE
11f04be4-16c8-11ed-9b5f-1234bde3cd05,DE
11f04f03-16c8-11ed-9b5f-1234bde3cd05,BE
11f05206-16c8-11ed-9b5f-1234bde3cd05,GB
11f0557b-16c8-11ed-9b5f-1234bde3cd05,HU
11f058a5-16c8-11ed-9b5f-1234bde3cd05,DE
11f1e920-16c8-11ed-9b5f-1234bde3cd05,GB
11f1ec31-16c8-11ed-9b5f-1234bde3cd05,JP
11f5042e-16c8-11ed-9b5f-1234bde3cd05,GB
11f50cd8-16c8-11ed-9b5f-1234bde3cd05,JP
11f5142b-16c8-11ed-9b5f-1234bde3cd05,DE
11f51750-16c8-11ed-9b5f-1234bde3cd05,BE
11f51a4b-16c8-11ed-9b5f-1234bde3cd05,PT
11f51d7e-16c8-11ed-9b5f-1234bde3cd05,BR
11f52162-16c8-11ed-9b5f-1234bde3cd05,BR
11f52776-16c8-11ed-9b5f-1234bde3cd05,BR
11f52a8a-16c8-11ed-9b5f-1234bde3cd05,GB
11f52df3-16c8-11ed-9b5f-1234bde3cd05,IT
11f5310b-16c8-11ed-9b5f-1234bde3cd05,FR
11f54382-16c8-11ed-9b5f-1234bde3cd05,FI
11f54744-16c8-11ed-9b5f-1234bde3cd05,DE
11f55228-16c8-11ed-9b5f-1234bde3cd05,DE
11f555df-16c8-11ed-9b5f-1234bde3cd05,DE
11f558e5-16c8-11ed-9b5f-1234bde3cd05,HU
11f55c3f-16c8-11ed-9b5f-1234bde3cd05,DE
11f55f54-16c8-11ed-9b5f-1234bde3cd05,DE
11f56275-16c8-11ed-9b5f-1234bde3cd05,DE
11f56655-16c8-11ed-9b5f-1234bde3cd05,DE
11f569b5-16c8-11ed-9b5f-1234bde3cd05,FI
11f56cfc-16c8-11ed-9b5f-1234bde3cd05,DE
11f5700b-16c8-11ed-9b5f-1234bde3cd05,FR
11f574b4-16c8-11ed-9b5f-1234bde3cd05,DE
11f5780c-16c8-11ed-9b5f-1234bde3cd05,BE
11f58005-16c8-11ed-9b5f-1234bde3cd05,IN
11f583a6-16c8-11ed-9b5f-1234bde3cd05,AU
11f589f7-16c8-11ed-9b5f-1234bde3cd05,FI
11f58d09-16c8-11ed-9b5f-1234bde3cd05,DE
11f592cf-16c8-11ed-9b5f-1234bde3cd05,BE
11f595d4-16c8-11ed-9b5f-1234bde3cd05,BE
11f599fc-16c8-11ed-9b5f-1234bde3cd05,BE
11f59f0a-16c8-11ed-9b5f-1234bde3cd05,BE
11f5a240-16c8-11ed-9b5f-1234bde3cd05,BE
11f5aa69-16c8-11ed-9b5f-1234bde3cd05,TR
11f5ae3e-16c8-11ed-9b5f-1234bde3cd05,PT
11f5b17d-16c8-11ed-9b5f-1234bde3cd05,FR
11f73f04-16c8-11ed-9b5f-1234bde3cd05,CN
11f7426f-16c8-11ed-9b5f-1234bde3cd05,DE
12020a9e-16c8-11ed-9b5f-1234bde3cd05,DE
12021298-16c8-11ed-9b5f-1234bde3cd05,DE
1206c30d-16c8-11ed-9b5f-1234bde3cd05,DE
1206cc68-16c8-11ed-9b5f-1234bde3cd05,IL
1206d2e2-16c8-11ed-9b5f-1234bde3cd05,GB
1206d62c-16c8-11ed-9b5f-1234bde3cd05,DE
1206dca5-16c8-11ed-9b5f-1234bde3cd05,DE
1206e27b-16c8-11ed-9b5f-1234bde3cd05,DE
1206eaaf-16c8-11ed-9b5f-1234bde3cd05,DE
1206ede1-16c8-11ed-9b5f-1234bde3cd05,PT
1206f131-16c8-11ed-9b5f-1234bde3cd05,BE
1206f4ab-16c8-11ed-9b5f-1234bde3cd05,NZ
1206f7d1-16c8-11ed-9b5f-1234bde3cd05,DE
1206fe61-16c8-11ed-9b5f-1234bde3cd05,GB
12070188-16c8-11ed-9b5f-1234bde3cd05,MX
1207053b-16c8-11ed-9b5f-1234bde3cd05,IL
12070878-16c8-11ed-9b5f-1234bde3cd05,IL
12071121-16c8-11ed-9b5f-1234bde3cd05,FR
1207141d-16c8-11ed-9b5f-1234bde3cd05,DE
1207174c-16c8-11ed-9b5f-1234bde3cd05,FR
12071a5d-16c8-11ed-9b5f-1234bde3cd05,GB
12168cd8-16c8-11ed-9b5f-1234bde3cd05,CA
12169434-16c8-11ed-9b5f-1234bde3cd05,RU
1216993f-16c8-11ed-9b5f-1234bde3cd05,DE
12169df4-16c8-11ed-9b5f-1234bde3cd05,GB
1216a15c-16c8-11ed-9b5f-1234bde3cd05,GB
1216a4cf-16c8-11ed-9b5f-1234bde3cd05,DE
1216a7f7-16c8-11ed-9b5f-1234bde3cd05,DE
1216ab2c-16c8-11ed-9b5f-1234bde3cd05,FR
1216afe5-16c8-11ed-9b5f-1234bde3cd05,DE
1216b300-16c8-11ed-9b5f-1234bde3cd05,DE
1216b5ef-16c8-11ed-9b5f-1234bde3cd05,IL
1216b8d2-16c8-11ed-9b5f-1234bde3cd05,IL
1216bf8b-16c8-11ed-9b5f-1234bde3cd05,UG
1216c28f-16c8-11ed-9b5f-1234bde3cd05,IL
1216dfbf-16c8-11ed-9b5f-1234bde3cd05,DE
1216e5d5-16c8-11ed-9b5f-1234bde3cd05,CA
1216f3ae-16c8-11ed-9b5f-1234bde3cd05,CA
1216f926-16c8-11ed-9b5f-1234bde3cd05,GB
121708f3-16c8-11ed-9b5f-1234bde3cd05,CH
12170f44-16c8-11ed-9b5f-1234bde3cd05,NZ
121714e2-16c8-11ed-9b5f-1234bde3cd05,AU
12171b25-16c8-11ed-9b5f-1234bde3cd05,CN
12172092-16c8-11ed-9b5f-1234bde3cd05,DE
121725ba-16c8-11ed-9b5f-1234bde3cd05,GB
12172e9b-16c8-11ed-9b5f-1234bde3cd05,DE
12173487-16c8-11ed-9b5f-1234bde3cd05,SE
12173aa7-16c8-11ed-9b5f-1234bde3cd05,GB
12173f97-16c8-11ed-9b5f-1234bde3cd05,FR
12174755-16c8-11ed-9b5f-1234bde3cd05,TR
12174c7f-16c8-11ed-9b5f-1234bde3cd05,DE
12175aea-16c8-11ed-9b5f-1234bde3cd05,CA
121760cb-16c8-11ed-9b5f-1234bde3cd05,VE
12176601-16c8-11ed-9b5f-1234bde3cd05,AU
12176b4b-16c8-11ed-9b5f-1234bde3cd05,DE
12177572-16c8-11ed-9b5f-1234bde3cd05,DE
12177cc9-16c8-11ed-9b5f-1234bde3cd05,TR
121781ea-16c8-11ed-9b5f-1234bde3cd05,GB
12178703-16c8-11ed-9b5f-1234bde3cd05,GB
12178c68-16c8-11ed-9b5f-1234bde3cd05,PH
121793f2-16c8-11ed-9b5f-1234bde3cd05,FR
12179a74-16c8-11ed-9b5f-1234bde3cd05,US
1217ac91-16c8-11ed-9b5f-1234bde3cd05,AU
1217b26f-16c8-11ed-9b5f-1234bde3cd05,CH
1217b799-16c8-11ed-9b5f-1234bde3cd05,CH
1217bc80-16c8-11ed-9b5f-1234bde3cd05,IE
1217c6d2-16c8-11ed-9b5f-1234bde3cd05,DE
1217dbc8-16c8-11ed-9b5f-1234bde3cd05,DE
122745ec-16c8-11ed-9b5f-1234bde3cd05,DE
12275f9a-16c8-11ed-9b5f-1234bde3cd05,MN
12276568-16c8-11ed-9b5f-1234bde3cd05,DE
12276a8e-16c8-11ed-9b5f-1234bde3cd05,DE
1227761d-16c8-11ed-9b5f-1234bde3cd05,GB
12277e5e-16c8-11ed-9b5f-1234bde3cd05,IT
12278a14-16c8-11ed-9b5f-1234bde3cd05,DE
1227969a-16c8-11ed-9b5f-1234bde3cd05,MX
1241c59a-16c8-11ed-9b5f-1234bde3cd05,GB
1247f29f-16c8-11ed-9b5f-1234bde3cd05,SI
1247fd21-16c8-11ed-9b5f-1234bde3cd05,DE
124807c8-16c8-11ed-9b5f-1234bde3cd05,FR
12480d13-16c8-11ed-9b5f-1234bde3cd05,FR
1248126b-16c8-11ed-9b5f-1234bde3cd05,FR
124817e7-16c8-11ed-9b5f-1234bde3cd05,FR
12482084-16c8-11ed-9b5f-1234bde3cd05,DE
124829b9-16c8-11ed-9b5f-1234bde3cd05,DE
12482ede-16c8-11ed-9b5f-1234bde3cd05,FR
124833ed-16c8-11ed-9b5f-1234bde3cd05,QA
12483964-16c8-11ed-9b5f-1234bde3cd05,DE
12483f0a-16c8-11ed-9b5f-1234bde3cd05,AU
124848cc-16c8-11ed-9b5f-1234bde3cd05,FR
12484e0a-16c8-11ed-9b5f-1234bde3cd05,FR
124852e7-16c8-11ed-9b5f-1234bde3cd05,IT
12485867-16c8-11ed-9b5f-1234bde3cd05,PT
12485d4c-16c8-11ed-9b5f-1234bde3cd05,DE
12486236-16c8-11ed-9b5f-1234bde3cd05,DE
124870ee-16c8-11ed-9b5f-1234bde3cd05,CA
12487802-16c8-11ed-9b5f-1234bde3cd05,GB
12c07196-16c8-11ed-9b5f-1234bde3cd05,GB
12c9b02f-16c8-11ed-9b5f-1234bde3cd05,GB
12c9b754-16c8-11ed-9b5f-1234bde3cd05,DE
12c9bbe6-16c8-11ed-9b5f-1234bde3cd05,US
12c9c899-16c8-11ed-9b5f-1234bde3cd05,FR
12cff453-16c8-11ed-9b5f-1234bde3cd05,FR
12d00266-16c8-11ed-9b5f-1234bde3cd05,FR
12d00960-16c8-11ed-9b5f-1234bde3cd05,DE
12d00fd6-16c8-11ed-9b5f-1234bde3cd05,DE
12d01301-16c8-11ed-9b5f-1234bde3cd05,DE
12d01708-16c8-11ed-9b5f-1234bde3cd05,DE
12d01a00-16c8-11ed-9b5f-1234bde3cd05,DE
12d02356-16c8-11ed-9b5f-1234bde3cd05,DE
12d02745-16c8-11ed-9b5f-1234bde3cd05,DE
12d02bdc-16c8-11ed-9b5f-1234bde3cd05,DE
12d03105-16c8-11ed-9b5f-1234bde3cd05,DE
12d03418-16c8-11ed-9b5f-1234bde3cd05,DE
12d03827-16c8-11ed-9b5f-1234bde3cd05,NZ
12d03eaf-16c8-11ed-9b5f-1234bde3cd05,GB
12d041cd-16c8-11ed-9b5f-1234bde3cd05,GB
12d044f5-16c8-11ed-9b5f-1234bde3cd05,GB
12d049e3-16c8-11ed-9b5f-1234bde3cd05,EG
12d051be-16c8-11ed-9b5f-1234bde3cd05,GB
12d0551d-16c8-11ed-9b5f-1234bde3cd05,CH
12d058a9-16c8-11ed-9b5f-1234bde3cd05,MX
12d05c0c-16c8-11ed-9b5f-1234bde3cd05,DE
12d05f4d-16c8-11ed-9b5f-1234bde3cd05,FI
12d062b8-16c8-11ed-9b5f-1234bde3cd05,CN
12d069f3-16c8-11ed-9b5f-1234bde3cd05,GB
12d06d2a-16c8-11ed-9b5f-1234bde3cd05,IN
12d0705e-16c8-11ed-9b5f-1234bde3cd05,BE
12d07762-16c8-11ed-9b5f-1234bde3cd05,BE
12d07a99-16c8-11ed-9b5f-1234bde3cd05,BE
12d07f99-16c8-11ed-9b5f-1234bde3cd05,CN
12d082bf-16c8-11ed-9b5f-1234bde3cd05,DE
12d085c2-16c8-11ed-9b5f-1234bde3cd05,CH
12d08d94-16c8-11ed-9b5f-1234bde3cd05,CA
12d0910b-16c8-11ed-9b5f-1234bde3cd05,ES
12d53346-16c8-11ed-9b5f-1234bde3cd05,DE
12d53c40-16c8-11ed-9b5f-1234bde3cd05,FR
12d5403d-16c8-11ed-9b5f-1234bde3cd05,CH
12d543a9-16c8-11ed-9b5f-1234bde3cd05,FR
12d546e4-16c8-11ed-9b5f-1234bde3cd05,FR
12d54a07-16c8-11ed-9b5f-1234bde3cd05,FR
12d54d1e-16c8-11ed-9b5f-1234bde3cd05,FR
12d54ff5-16c8-11ed-9b5f-1234bde3cd05,FR
12d55329-16c8-11ed-9b5f-1234bde3cd05,FR
12d5560f-16c8-11ed-9b5f-1234bde3cd05,FR
12d5591c-16c8-11ed-9b5f-1234bde3cd05,FR
12d55c21-16c8-11ed-9b5f-1234bde3cd05,FR
12d55f14-16c8-11ed-9b5f-1234bde3cd05,FR
12d56227-16c8-11ed-9b5f-1234bde3cd05,FR
12d56830-16c8-11ed-9b5f-1234bde3cd05,FR
12d56dac-16c8-11ed-9b5f-1234bde3cd05,FR
12d570db-16c8-11ed-9b5f-1234bde3cd05,FR
12d573ea-16c8-11ed-9b5f-1234bde3cd05,FR
12d5787a-16c8-11ed-9b5f-1234bde3cd05,FR
12d58117-16c8-11ed-9b5f-1234bde3cd05,FR
12d58437-16c8-11ed-9b5f-1234bde3cd05,FR
12d5872f-16c8-11ed-9b5f-1234bde3cd05,FR
12d58a30-16c8-11ed-9b5f-1234bde3cd05,FR
12d58d34-16c8-11ed-9b5f-1234bde3cd05,FR
12d5904b-16c8-11ed-9b5f-1234bde3cd05,FR
12d59323-16c8-11ed-9b5f-1234bde3cd05,FR
12d59628-16c8-11ed-9b5f-1234bde3cd05,FR
12d59af9-16c8-11ed-9b5f-1234bde3cd05,FR
12d59f25-16c8-11ed-9b5f-1234bde3cd05,FR
12d5a244-16c8-11ed-9b5f-1234bde3cd05,FR
12d5a56c-16c8-11ed-9b5f-1234bde3cd05,FR
12d5a86e-16c8-11ed-9b5f-1234bde3cd05,FR
12d5ab77-16c8-11ed-9b5f-1234bde3cd05,FR
12d5ae83-16c8-11ed-9b5f-1234bde3cd05,FR
12d5b169-16c8-11ed-9b5f-1234bde3cd05,FR
12d5b467-16c8-11ed-9b5f-1234bde3cd05,FR
12d5b994-16c8-11ed-9b5f-1234bde3cd05,FR
12d5be7a-16c8-11ed-9b5f-1234bde3cd05,FR
12d5c1bd-16c8-11ed-9b5f-1234bde3cd05,FR
12d5c4f0-16c8-11ed-9b5f-1234bde3cd05,FR
12d5c7fc-16c8-11ed-9b5f-1234bde3cd05,FR
12d5caee-16c8-11ed-9b5f-1234bde3cd05,FR
12d5ce31-16c8-11ed-9b5f-1234bde3cd05,FR
12d5d116-16c8-11ed-9b5f-1234bde3cd05,FR
12d5d457-16c8-11ed-9b5f-1234bde3cd05,FR
12d5d72b-16c8-11ed-9b5f-1234bde3cd05,FR
12d5da41-16c8-11ed-9b5f-1234bde3cd05,FR
12d5dd2d-16c8-11ed-9b5f-1234bde3cd05,FR
12d5e01d-16c8-11ed-9b5f-1234bde3cd05,FR
12d5e321-16c8-11ed-9b5f-1234bde3cd05,FR
12d5e623-16c8-11ed-9b5f-1234bde3cd05,FR
12d5e929-16c8-11ed-9b5f-1234bde3cd05,FR
12d5ec24-16c8-11ed-9b5f-1234bde3cd05,FR
12d5ef29-16c8-11ed-9b5f-1234bde3cd05,FR
12d5f21c-16c8-11ed-9b5f-1234bde3cd05,FR
12d5f507-16c8-11ed-9b5f-1234bde3cd05,FR
12d5f7d9-16c8-11ed-9b5f-1234bde3cd05,FR
12d5fa98-16c8-11ed-9b5f-1234bde3cd05,FR
12d5fd7b-16c8-11ed-9b5f-1234bde3cd05,FR
12d6007e-16c8-11ed-9b5f-1234bde3cd05,FR
12d604ac-16c8-11ed-9b5f-1234bde3cd05,FR
12e6f40a-16c8-11ed-9b5f-1234bde3cd05,FR
12e6f7a0-16c8-11ed-9b5f-1234bde3cd05,FR
12e6faa6-16c8-11ed-9b5f-1234bde3cd05,FR
12f1c2b7-16c8-11ed-9b5f-1234bde3cd05,FR
12f1c646-16c8-11ed-9b5f-1234bde3cd05,FR
12f1c972-16c8-11ed-9b5f-1234bde3cd05,FR
12f1ccb2-16c8-11ed-9b5f-1234bde3cd05,FR
12f1d2c4-16c8-11ed-9b5f-1234bde3cd05,FR
12f1dbaf-16c8-11ed-9b5f-1234bde3cd05,FR
12f1de9f-16c8-11ed-9b5f-1234bde3cd05,FR
12f1e196-16c8-11ed-9b5f-1234bde3cd05,FR
12f1e7b8-16c8-11ed-9b5f-1234bde3cd05,FR
12f1eb15-16c8-11ed-9b5f-1234bde3cd05,FR
12f1ee3e-16c8-11ed-9b5f-1234bde3cd05,FR
12f1f14a-16c8-11ed-9b5f-1234bde3cd05,FR
12f1f46a-16c8-11ed-9b5f-1234bde3cd05,FR
12f1f767-16c8-11ed-9b5f-1234bde3cd05,FR
12f1fa63-16c8-11ed-9b5f-1234bde3cd05,FR
12f1fd76-16c8-11ed-9b5f-1234bde3cd05,FR
12f2009d-16c8-11ed-9b5f-1234bde3cd05,FR
12f20397-16c8-11ed-9b5f-1234bde3cd05,FR
12f206a5-16c8-11ed-9b5f-1234bde3cd05,FR
12f20aba-16c8-11ed-9b5f-1234bde3cd05,FR
12f21072-16c8-11ed-9b5f-1234bde3cd05,FR
12f21362-16c8-11ed-9b5f-1234bde3cd05,FR
12f21642-16c8-11ed-9b5f-1234bde3cd05,FR
12f21930-16c8-11ed-9b5f-1234bde3cd05,FR
12f21c24-16c8-11ed-9b5f-1234bde3cd05,FR
12f21f6c-16c8-11ed-9b5f-1234bde3cd05,CH
12f222b1-16c8-11ed-9b5f-1234bde3cd05,BE
12f2290f-16c8-11ed-9b5f-1234bde3cd05,BE
12f3b780-16c8-11ed-9b5f-1234bde3cd05,GB
12f3bc0c-16c8-11ed-9b5f-1234bde3cd05,DE
12f3bf37-16c8-11ed-9b5f-1234bde3cd05,IT
12f3c2ac-16c8-11ed-9b5f-1234bde3cd05,DE
12f3c8df-16c8-11ed-9b5f-1234bde3cd05,GB
12f5595f-16c8-11ed-9b5f-1234bde3cd05,IN
12f55ce4-16c8-11ed-9b5f-1234bde3cd05,FR
12f56ab5-16c8-11ed-9b5f-1234bde3cd05,FR
12f56e18-16c8-11ed-9b5f-1234bde3cd05,FR
12f573cc-16c8-11ed-9b5f-1234bde3cd05,GB
12f580b9-16c8-11ed-9b5f-1234bde3cd05,FR
12f583cb-16c8-11ed-9b5f-1234bde3cd05,JP
12f58b3d-16c8-11ed-9b5f-1234bde3cd05,JP
12f5905b-16c8-11ed-9b5f-1234bde3cd05,JP
12f5934d-16c8-11ed-9b5f-1234bde3cd05,BE
12f598ba-16c8-11ed-9b5f-1234bde3cd05,BE
12f59d0a-16c8-11ed-9b5f-1234bde3cd05,BE
12f5e095-16c8-11ed-9b5f-1234bde3cd05,GB
12f5ecc9-16c8-11ed-9b5f-1234bde3cd05,DE
12f5f207-16c8-11ed-9b5f-1234bde3cd05,FR
12f5f7d2-16c8-11ed-9b5f-1234bde3cd05,DE
12f5fd89-16c8-11ed-9b5f-1234bde3cd05,FR
12f603bc-16c8-11ed-9b5f-1234bde3cd05,GB
12f60927-16c8-11ed-9b5f-1234bde3cd05,GB
12f60e26-16c8-11ed-9b5f-1234bde3cd05,GB
12f61310-16c8-11ed-9b5f-1234bde3cd05,DE
12f61d16-16c8-11ed-9b5f-1234bde3cd05,DE
12f62221-16c8-11ed-9b5f-1234bde3cd05,DE
12f62c1a-16c8-11ed-9b5f-1234bde3cd05,IN
12f6312b-16c8-11ed-9b5f-1234bde3cd05,BE
12f63634-16c8-11ed-9b5f-1234bde3cd05,GB
12f63b64-16c8-11ed-9b5f-1234bde3cd05,FR
12f64081-16c8-11ed-9b5f-1234bde3cd05,GB
12f647fc-16c8-11ed-9b5f-1234bde3cd05,CA
12f64d5d-16c8-11ed-9b5f-1234bde3cd05,DE
12f652d9-16c8-11ed-9b5f-1234bde3cd05,DE
12f6598e-16c8-11ed-9b5f-1234bde3cd05,DE
12f65ebd-16c8-11ed-9b5f-1234bde3cd05,DE
12f66395-16c8-11ed-9b5f-1234bde3cd05,DE
12f66c5e-16c8-11ed-9b5f-1234bde3cd05,MX
12f67668-16c8-11ed-9b5f-1234bde3cd05,GB
12f67b4c-16c8-11ed-9b5f-1234bde3cd05,GB
12f68052-16c8-11ed-9b5f-1234bde3cd05,GB
12f68538-16c8-11ed-9b5f-1234bde3cd05,GB
12f68a22-16c8-11ed-9b5f-1234bde3cd05,FR
12f68f30-16c8-11ed-9b5f-1234bde3cd05,GB
12f69416-16c8-11ed-9b5f-1234bde3cd05,JP
12f6a2ed-16c8-11ed-9b5f-1234bde3cd05,JP
12f6b218-16c8-11ed-9b5f-1234bde3cd05,JP
12f6bcce-16c8-11ed-9b5f-1234bde3cd05,FR
12f6c205-16c8-11ed-9b5f-1234bde3cd05,DE
12f6c6e1-16c8-11ed-9b5f-1234bde3cd05,DE
12f6cbab-16c8-11ed-9b5f-1234bde3cd05,DE
12f6d1f8-16c8-11ed-9b5f-1234bde3cd05,DE
12f6d74d-16c8-11ed-9b5f-1234bde3cd05,DE
12f6dc20-16c8-11ed-9b5f-1234bde3cd05,DE
12f6e137-16c8-11ed-9b5f-1234bde3cd05,HU
12f6e730-16c8-11ed-9b5f-1234bde3cd05,DE
12f6ed43-16c8-11ed-9b5f-1234bde3cd05,CA
12f6f286-16c8-11ed-9b5f-1234bde3cd05,DE
12f6fa30-16c8-11ed-9b5f-1234bde3cd05,HU
12f6ff48-16c8-11ed-9b5f-1234bde3cd05,DE
12f70419-16c8-11ed-9b5f-1234bde3cd05,FR
12f70934-16c8-11ed-9b5f-1234bde3cd05,DE
12f72c1f-16c8-11ed-9b5f-1234bde3cd05,JP
12f73023-16c8-11ed-9b5f-1234bde3cd05,DE
12f734a6-16c8-11ed-9b5f-1234bde3cd05,DE
12f737d9-16c8-11ed-9b5f-1234bde3cd05,DE
12f73b0a-16c8-11ed-9b5f-1234bde3cd05,DE
12f73f84-16c8-11ed-9b5f-1234bde3cd05,DE
12f7428a-16c8-11ed-9b5f-1234bde3cd05,DE
12f766d3-16c8-11ed-9b5f-1234bde3cd05,DE
12f76bcc-16c8-11ed-9b5f-1234bde3cd05,FR
12f770f8-16c8-11ed-9b5f-1234bde3cd05,DE
12f7811a-16c8-11ed-9b5f-1234bde3cd05,DE
12f786ab-16c8-11ed-9b5f-1234bde3cd05,FR
12f78c1d-16c8-11ed-9b5f-1234bde3cd05,DE
12f7928e-16c8-11ed-9b5f-1234bde3cd05,GB
12f79788-16c8-11ed-9b5f-1234bde3cd05,BE
12f79c74-16c8-11ed-9b5f-1234bde3cd05,DE
12fc3efe-16c8-11ed-9b5f-1234bde3cd05,TW
12fc6380-16c8-11ed-9b5f-1234bde3cd05,DE
12fc6885-16c8-11ed-9b5f-1234bde3cd05,DE
12fc7424-16c8-11ed-9b5f-1234bde3cd05,DE
12fc8253-16c8-11ed-9b5f-1234bde3cd05,DE
12fc8760-16c8-11ed-9b5f-1234bde3cd05,DE
12fc8dbf-16c8-11ed-9b5f-1234bde3cd05,DE
12fc92e2-16c8-11ed-9b5f-1234bde3cd05,DE
12fc981d-16c8-11ed-9b5f-1234bde3cd05,AU
12fc9d7c-16c8-11ed-9b5f-1234bde3cd05,CH
1310a4a8-16c8-11ed-9b5f-1234bde3cd05,FR
1310a80e-16c8-11ed-9b5f-1234bde3cd05,CH
1310ab4d-16c8-11ed-9b5f-1234bde3cd05,CN
1310b1d1-16c8-11ed-9b5f-1234bde3cd05,GB
1310b6ec-16c8-11ed-9b5f-1234bde3cd05,DE
1310bfdf-16c8-11ed-9b5f-1234bde3cd05,DE
1310c56b-16c8-11ed-9b5f-1234bde3cd05,DE
1310d5a1-16c8-11ed-9b5f-1234bde3cd05,DE
1310dafb-16c8-11ed-9b5f-1234bde3cd05,DE
1310e634-16c8-11ed-9b5f-1234bde3cd05,DE
1310f419-16c8-11ed-9b5f-1234bde3cd05,DE
13110cf9-16c8-11ed-9b5f-1234bde3cd05,DE
1311121c-16c8-11ed-9b5f-1234bde3cd05,CN
13112275-16c8-11ed-9b5f-1234bde3cd05,DE
13112bb7-16c8-11ed-9b5f-1234bde3cd05,FR
131130ba-16c8-11ed-9b5f-1234bde3cd05,DE
1311358e-16c8-11ed-9b5f-1234bde3cd05,DE
13113a9d-16c8-11ed-9b5f-1234bde3cd05,DE
131143b3-16c8-11ed-9b5f-1234bde3cd05,DE
13114ad3-16c8-11ed-9b5f-1234bde3cd05,DE
13115548-16c8-11ed-9b5f-1234bde3cd05,DE
13115a6b-16c8-11ed-9b5f-1234bde3cd05,DE
13117154-16c8-11ed-9b5f-1234bde3cd05,US
13117c86-16c8-11ed-9b5f-1234bde3cd05,DE
13118184-16c8-11ed-9b5f-1234bde3cd05,DE
131186d3-16c8-11ed-9b5f-1234bde3cd05,DE
13118bce-16c8-11ed-9b5f-1234bde3cd05,CH
1314a426-16c8-11ed-9b5f-1234bde3cd05,QA
1314aa1d-16c8-11ed-9b5f-1234bde3cd05,FR
1314ad3d-16c8-11ed-9b5f-1234bde3cd05,DE
1314b2fb-16c8-11ed-9b5f-1234bde3cd05,DE
1314b5fb-16c8-11ed-9b5f-1234bde3cd05,DE
1314b8f0-16c8-11ed-9b5f-1234bde3cd05,DE
1314bbcf-16c8-11ed-9b5f-1234bde3cd05,DE
1314e728-16c8-11ed-9b5f-1234bde3cd05,PT
1314f177-16c8-11ed-9b5f-1234bde3cd05,ES
1314f845-16c8-11ed-9b5f-1234bde3cd05,BE
131502c5-16c8-11ed-9b5f-1234bde3cd05,IT
131515c8-16c8-11ed-9b5f-1234bde3cd05,BE
13151c0a-16c8-11ed-9b5f-1234bde3cd05,BE
13152319-16c8-11ed-9b5f-1234bde3cd05,BE
131527d3-16c8-11ed-9b5f-1234bde3cd05,BE
131534b0-16c8-11ed-9b5f-1234bde3cd05,BE
132ac041-16c8-11ed-9b5f-1234bde3cd05,IN
132ac455-16c8-11ed-9b5f-1234bde3cd05,IN
132ac931-16c8-11ed-9b5f-1234bde3cd05,GB
132accca-16c8-11ed-9b5f-1234bde3cd05,IN
132ad019-16c8-11ed-9b5f-1234bde3cd05,DE
132ad35d-16c8-11ed-9b5f-1234bde3cd05,SE
132ad797-16c8-11ed-9b5f-1234bde3cd05,JP
132adde1-16c8-11ed-9b5f-1234bde3cd05,BE
132ae334-16c8-11ed-9b5f-1234bde3cd05,BE
132ae932-16c8-11ed-9b5f-1234bde3cd05,ES
132aeff9-16c8-11ed-9b5f-1234bde3cd05,BE
132b03bb-16c8-11ed-9b5f-1234bde3cd05,NL
132b09a9-16c8-11ed-9b5f-1234bde3cd05,IT
132b1609-16c8-11ed-9b5f-1234bde3cd05,ES
132b2211-16c8-11ed-9b5f-1234bde3cd05,DE
1335eb75-16c8-11ed-9b5f-1234bde3cd05,DE
1335f3ac-16c8-11ed-9b5f-1234bde3cd05,RU
1335f87d-16c8-11ed-9b5f-1234bde3cd05,DE
1335fc3b-16c8-11ed-9b5f-1234bde3cd05,IT
133db626-16c8-11ed-9b5f-1234bde3cd05,DE
133db9f4-16c8-11ed-9b5f-1234bde3cd05,DE
133dbd58-16c8-11ed-9b5f-1234bde3cd05,DE
133dc08d-16c8-11ed-9b5f-1234bde3cd05,DE
133dc3c7-16c8-11ed-9b5f-1234bde3cd05,TR
133dc9ec-16c8-11ed-9b5f-1234bde3cd05,DK
133dccf1-16c8-11ed-9b5f-1234bde3cd05,FR
133dcff9-16c8-11ed-9b5f-1234bde3cd05,DE
133dd40d-16c8-11ed-9b5f-1234bde3cd05,IN
133ddb89-16c8-11ed-9b5f-1234bde3cd05,DE
133ddfaa-16c8-11ed-9b5f-1234bde3cd05,AU
133de2f5-16c8-11ed-9b5f-1234bde3cd05,DE
133de602-16c8-11ed-9b5f-1234bde3cd05,FR
1351eaa8-16c8-11ed-9b5f-1234bde3cd05,FR
1351ef4e-16c8-11ed-9b5f-1234bde3cd05,DE
1351f2ad-16c8-11ed-9b5f-1234bde3cd05,DE
1351f67a-16c8-11ed-9b5f-1234bde3cd05,DE
1351fb25-16c8-11ed-9b5f-1234bde3cd05,DE
1351ff5f-16c8-11ed-9b5f-1234bde3cd05,DE
135204b9-16c8-11ed-9b5f-1234bde3cd05,DE
135209ca-16c8-11ed-9b5f-1234bde3cd05,DE
13520d0b-16c8-11ed-9b5f-1234bde3cd05,GB
135211eb-16c8-11ed-9b5f-1234bde3cd05,IE
13521651-16c8-11ed-9b5f-1234bde3cd05,IE
13521bce-16c8-11ed-9b5f-1234bde3cd05,RU
13521fd0-16c8-11ed-9b5f-1234bde3cd05,GB
13522320-16c8-11ed-9b5f-1234bde3cd05,GB
1352263f-16c8-11ed-9b5f-1234bde3cd05,IT
13522962-16c8-11ed-9b5f-1234bde3cd05,FR
1352349a-16c8-11ed-9b5f-1234bde3cd05,DE
135237c9-16c8-11ed-9b5f-1234bde3cd05,IN
13523b81-16c8-11ed-9b5f-1234bde3cd05,DE
13523ebe-16c8-11ed-9b5f-1234bde3cd05,DE
135249e3-16c8-11ed-9b5f-1234bde3cd05,DE
13524cf9-16c8-11ed-9b5f-1234bde3cd05,SE
135256cf-16c8-11ed-9b5f-1234bde3cd05,DE
13525e61-16c8-11ed-9b5f-1234bde3cd05,DE
13526158-16c8-11ed-9b5f-1234bde3cd05,DE
13526441-16c8-11ed-9b5f-1234bde3cd05,DE
13526724-16c8-11ed-9b5f-1234bde3cd05,DE
1352722d-16c8-11ed-9b5f-1234bde3cd05,AT
13527573-16c8-11ed-9b5f-1234bde3cd05,NZ
135278df-16c8-11ed-9b5f-1234bde3cd05,DE
135284b4-16c8-11ed-9b5f-1234bde3cd05,FR
135287b5-16c8-11ed-9b5f-1234bde3cd05,LT
13528ad6-16c8-11ed-9b5f-1234bde3cd05,IN
13528ddb-16c8-11ed-9b5f-1234bde3cd05,IN
135290f9-16c8-11ed-9b5f-1234bde3cd05,IN
135293e0-16c8-11ed-9b5f-1234bde3cd05,DE
135296af-16c8-11ed-9b5f-1234bde3cd05,CH
135299af-16c8-11ed-9b5f-1234bde3cd05,CH
13529d8c-16c8-11ed-9b5f-1234bde3cd05,CH
1352a73e-16c8-11ed-9b5f-1234bde3cd05,DE
1352aa7d-16c8-11ed-9b5f-1234bde3cd05,CN
1352ae15-16c8-11ed-9b5f-1234bde3cd05,DE
1352b6e3-16c8-11ed-9b5f-1234bde3cd05,DE
1352b9e8-16c8-11ed-9b5f-1234bde3cd05,DE
1352bcd1-16c8-11ed-9b5f-1234bde3cd05,IL
1352e583-16c8-11ed-9b5f-1234bde3cd05,DE
1352e96f-16c8-11ed-9b5f-1234bde3cd05,DE
1352ec88-16c8-11ed-9b5f-1234bde3cd05,DE
1352efa5-16c8-11ed-9b5f-1234bde3cd05,DE
1352f71f-16c8-11ed-9b5f-1234bde3cd05,DE
1352feb0-16c8-11ed-9b5f-1234bde3cd05,IL
13531483-16c8-11ed-9b5f-1234bde3cd05,DE
135317fe-16c8-11ed-9b5f-1234bde3cd05,GB
13531c0a-16c8-11ed-9b5f-1234bde3cd05,DE
13532405-16c8-11ed-9b5f-1234bde3cd05,DE
135328f5-16c8-11ed-9b5f-1234bde3cd05,DE
135333fc-16c8-11ed-9b5f-1234bde3cd05,DE
13533804-16c8-11ed-9b5f-1234bde3cd05,BE
13533b2e-16c8-11ed-9b5f-1234bde3cd05,BE
13533e3c-16c8-11ed-9b5f-1234bde3cd05,DE
13534398-16c8-11ed-9b5f-1234bde3cd05,DE
13534758-16c8-11ed-9b5f-1234bde3cd05,DE
13534a8f-16c8-11ed-9b5f-1234bde3cd05,DE
13534dc9-16c8-11ed-9b5f-1234bde3cd05,DE
135355c7-16c8-11ed-9b5f-1234bde3cd05,DE
135358b6-16c8-11ed-9b5f-1234bde3cd05,DE
13535be9-16c8-11ed-9b5f-1234bde3cd05,DE
13535ef1-16c8-11ed-9b5f-1234bde3cd05,DE
135361ec-16c8-11ed-9b5f-1234bde3cd05,DE
135364dc-16c8-11ed-9b5f-1234bde3cd05,DE
13536afc-16c8-11ed-9b5f-1234bde3cd05,IN
13536e3e-16c8-11ed-9b5f-1234bde3cd05,DE
1353741c-16c8-11ed-9b5f-1234bde3cd05,FR
13537733-16c8-11ed-9b5f-1234bde3cd05,FR
13538413-16c8-11ed-9b5f-1234bde3cd05,CA
13538778-16c8-11ed-9b5f-1234bde3cd05,RU
13538cf5-16c8-11ed-9b5f-1234bde3cd05,US
1353929a-16c8-11ed-9b5f-1234bde3cd05,CH
13539925-16c8-11ed-9b5f-1234bde3cd05,DE
1353a48e-16c8-11ed-9b5f-1234bde3cd05,TR
1353a7b5-16c8-11ed-9b5f-1234bde3cd05,GB
1353ab30-16c8-11ed-9b5f-1234bde3cd05,DE
1353ae59-16c8-11ed-9b5f-1234bde3cd05,DE
1353b1da-16c8-11ed-9b5f-1234bde3cd05,GB
1353b602-16c8-11ed-9b5f-1234bde3cd05,AT
1353b9a4-16c8-11ed-9b5f-1234bde3cd05,CN
1353bcec-16c8-11ed-9b5f-1234bde3cd05,CN
1353c16b-16c8-11ed-9b5f-1234bde3cd05,CN
1353c4c6-16c8-11ed-9b5f-1234bde3cd05,CH
1353c7a9-16c8-11ed-9b5f-1234bde3cd05,FR
1353ca96-16c8-11ed-9b5f-1234bde3cd05,BE
1353cdad-16c8-11ed-9b5f-1234bde3cd05,DE
1353d932-16c8-11ed-9b5f-1234bde3cd05,BE
1353dc3c-16c8-11ed-9b5f-1234bde3cd05,DE
1353df83-16c8-11ed-9b5f-1234bde3cd05,DE
1353e60c-16c8-11ed-9b5f-1234bde3cd05,CN
1353ec47-16c8-11ed-9b5f-1234bde3cd05,TH
1353f609-16c8-11ed-9b5f-1234bde3cd05,IN
1353fac9-16c8-11ed-9b5f-1234bde3cd05,DE
1353fda4-16c8-11ed-9b5f-1234bde3cd05,DE
13540096-16c8-11ed-9b5f-1234bde3cd05,DE
1354036f-16c8-11ed-9b5f-1234bde3cd05,DE
1354065b-16c8-11ed-9b5f-1234bde3cd05,DE
1361e285-16c8-11ed-9b5f-1234bde3cd05,DE
1361e80e-16c8-11ed-9b5f-1234bde3cd05,DE
1361ec7b-16c8-11ed-9b5f-1234bde3cd05,DE
1361fb06-16c8-11ed-9b5f-1234bde3cd05,DE
1362004b-16c8-11ed-9b5f-1234bde3cd05,AU
136205ac-16c8-11ed-9b5f-1234bde3cd05,DE
13620a82-16c8-11ed-9b5f-1234bde3cd05,DE
136398f8-16c8-11ed-9b5f-1234bde3cd05,IN
13639c71-16c8-11ed-9b5f-1234bde3cd05,UA
1363a3ab-16c8-11ed-9b5f-1234bde3cd05,UA
1363ac01-16c8-11ed-9b5f-1234bde3cd05,IN
13793c2e-16c8-11ed-9b5f-1234bde3cd05,DE
1379406c-16c8-11ed-9b5f-1234bde3cd05,CH
13795251-16c8-11ed-9b5f-1234bde3cd05,GB
1379563e-16c8-11ed-9b5f-1234bde3cd05,CN
137959b5-16c8-11ed-9b5f-1234bde3cd05,MY
13795d89-16c8-11ed-9b5f-1234bde3cd05,MY
1379611e-16c8-11ed-9b5f-1234bde3cd05,IN
13796457-16c8-11ed-9b5f-1234bde3cd05,CH
13796783-16c8-11ed-9b5f-1234bde3cd05,RU
13796f0f-16c8-11ed-9b5f-1234bde3cd05,GB
13797233-16c8-11ed-9b5f-1234bde3cd05,MY
137b0045-16c8-11ed-9b5f-1234bde3cd05,AU
137b03b4-16c8-11ed-9b5f-1234bde3cd05,FR
137b06e7-16c8-11ed-9b5f-1234bde3cd05,GB
137b0d73-16c8-11ed-9b5f-1234bde3cd05,DE
137b1488-16c8-11ed-9b5f-1234bde3cd05,DE
137b17b4-16c8-11ed-9b5f-1234bde3cd05,DE
137b1db3-16c8-11ed-9b5f-1234bde3cd05,DE
13e6d9ec-16c8-11ed-9b5f-1234bde3cd05,DE
13e6e916-16c8-11ed-9b5f-1234bde3cd05,DE
13e6f90d-16c8-11ed-9b5f-1234bde3cd05,IN
13e6fe7a-16c8-11ed-9b5f-1234bde3cd05,IN
13e708e6-16c8-11ed-9b5f-1234bde3cd05,IN
13e713b1-16c8-11ed-9b5f-1234bde3cd05,IN
13e71d0c-16c8-11ed-9b5f-1234bde3cd05,IN
13e7230e-16c8-11ed-9b5f-1234bde3cd05,DE
13e728dd-16c8-11ed-9b5f-1234bde3cd05,TR
13e72e42-16c8-11ed-9b5f-1234bde3cd05,DE
13e73340-16c8-11ed-9b5f-1234bde3cd05,CH
13e73857-16c8-11ed-9b5f-1234bde3cd05,DE
13e73d85-16c8-11ed-9b5f-1234bde3cd05,DE
13e74299-16c8-11ed-9b5f-1234bde3cd05,GB
13e74e59-16c8-11ed-9b5f-1234bde3cd05,DE
13e75359-16c8-11ed-9b5f-1234bde3cd05,DE
13e7585a-16c8-11ed-9b5f-1234bde3cd05,DE
13e75d71-16c8-11ed-9b5f-1234bde3cd05,BE
13e76259-16c8-11ed-9b5f-1234bde3cd05,DK
13e767ed-16c8-11ed-9b5f-1234bde3cd05,DE
13e76ce3-16c8-11ed-9b5f-1234bde3cd05,DE
13e77253-16c8-11ed-9b5f-1234bde3cd05,PT
13e78a63-16c8-11ed-9b5f-1234bde3cd05,CA
13e790bb-16c8-11ed-9b5f-1234bde3cd05,CA
13e79610-16c8-11ed-9b5f-1234bde3cd05,FR
13e79b6a-16c8-11ed-9b5f-1234bde3cd05,FR
13e7a07a-16c8-11ed-9b5f-1234bde3cd05,GB
13e7a7c5-16c8-11ed-9b5f-1234bde3cd05,FR
13e7ad78-16c8-11ed-9b5f-1234bde3cd05,GB
13e7b32c-16c8-11ed-9b5f-1234bde3cd05,IN
13e7b928-16c8-11ed-9b5f-1234bde3cd05,GB
13e7c476-16c8-11ed-9b5f-1234bde3cd05,GB
13e7c9f9-16c8-11ed-9b5f-1234bde3cd05,GB
13e7de87-16c8-11ed-9b5f-1234bde3cd05,GB
13e7e3a3-16c8-11ed-9b5f-1234bde3cd05,GB
13e7f016-16c8-11ed-9b5f-1234bde3cd05,GB
13e7f958-16c8-11ed-9b5f-1234bde3cd05,DE
13e7fe49-16c8-11ed-9b5f-1234bde3cd05,GB
13e80aa4-16c8-11ed-9b5f-1234bde3cd05,DE
13e81279-16c8-11ed-9b5f-1234bde3cd05,CN
13e84cd1-16c8-11ed-9b5f-1234bde3cd05,MX
13e856fb-16c8-11ed-9b5f-1234bde3cd05,DK
13e86251-16c8-11ed-9b5f-1234bde3cd05,GB
13e86a0b-16c8-11ed-9b5f-1234bde3cd05,GB
13e86f31-16c8-11ed-9b5f-1234bde3cd05,BE
13e8768a-16c8-11ed-9b5f-1234bde3cd05,BE
13e87b84-16c8-11ed-9b5f-1234bde3cd05,FR
13e885ba-16c8-11ed-9b5f-1234bde3cd05,DE
13e88c8a-16c8-11ed-9b5f-1234bde3cd05,US
13e89dbc-16c8-11ed-9b5f-1234bde3cd05,CN
13e8a3e6-16c8-11ed-9b5f-1234bde3cd05,DE
13f05a57-16c8-11ed-9b5f-1234bde3cd05,DE
13f05eea-16c8-11ed-9b5f-1234bde3cd05,US
13f06ecf-16c8-11ed-9b5f-1234bde3cd05,US
13f072c6-16c8-11ed-9b5f-1234bde3cd05,BE
13f07977-16c8-11ed-9b5f-1234bde3cd05,BE
13f07c88-16c8-11ed-9b5f-1234bde3cd05,BE
13f07fc5-16c8-11ed-9b5f-1234bde3cd05,BE
13f087a1-16c8-11ed-9b5f-1234bde3cd05,BE
13f08aeb-16c8-11ed-9b5f-1234bde3cd05,FI
13f6bae9-16c8-11ed-9b5f-1234bde3cd05,FR
13f6bf83-16c8-11ed-9b5f-1234bde3cd05,FR
13f6c405-16c8-11ed-9b5f-1234bde3cd05,FR
13f6cbd8-16c8-11ed-9b5f-1234bde3cd05,FR
13f6d0d5-16c8-11ed-9b5f-1234bde3cd05,DE
13f6d714-16c8-11ed-9b5f-1234bde3cd05,DE
13f6dc1f-16c8-11ed-9b5f-1234bde3cd05,IT
13f6e2e8-16c8-11ed-9b5f-1234bde3cd05,FR
13f6e626-16c8-11ed-9b5f-1234bde3cd05,FR
13f6e933-16c8-11ed-9b5f-1234bde3cd05,FR
13f6ef20-16c8-11ed-9b5f-1234bde3cd05,FR
13f6f23f-16c8-11ed-9b5f-1234bde3cd05,FR
13f6f576-16c8-11ed-9b5f-1234bde3cd05,DE
13f6f89a-16c8-11ed-9b5f-1234bde3cd05,DK
13f6ff2d-16c8-11ed-9b5f-1234bde3cd05,GB
13f70395-16c8-11ed-9b5f-1234bde3cd05,FR
13f706ca-16c8-11ed-9b5f-1234bde3cd05,DE
13f709d0-16c8-11ed-9b5f-1234bde3cd05,DE
13f70d98-16c8-11ed-9b5f-1234bde3cd05,DE
1401df97-16c8-11ed-9b5f-1234bde3cd05,CA
1401e3f5-16c8-11ed-9b5f-1234bde3cd05,ES
1401ebd0-16c8-11ed-9b5f-1234bde3cd05,FR
1401ef9b-16c8-11ed-9b5f-1234bde3cd05,GB
1401f662-16c8-11ed-9b5f-1234bde3cd05,DE
1401f9c7-16c8-11ed-9b5f-1234bde3cd05,NZ
1401fd62-16c8-11ed-9b5f-1234bde3cd05,FR
140200d5-16c8-11ed-9b5f-1234bde3cd05,FR
140203ed-16c8-11ed-9b5f-1234bde3cd05,DE
14020737-16c8-11ed-9b5f-1234bde3cd05,IN
14021db3-16c8-11ed-9b5f-1234bde3cd05,US
140221ce-16c8-11ed-9b5f-1234bde3cd05,DE
14022548-16c8-11ed-9b5f-1234bde3cd05,DE
1402288b-16c8-11ed-9b5f-1234bde3cd05,GB
1409e5b2-16c8-11ed-9b5f-1234bde3cd05,CA
1409ea1e-16c8-11ed-9b5f-1234bde3cd05,CA
1409f0f7-16c8-11ed-9b5f-1234bde3cd05,IN
1409f41f-16c8-11ed-9b5f-1234bde3cd05,DE
1409f82c-16c8-11ed-9b5f-1234bde3cd05,CH
1409fb50-16c8-11ed-9b5f-1234bde3cd05,DE
1409ff67-16c8-11ed-9b5f-1234bde3cd05,US
140a0498-16c8-11ed-9b5f-1234bde3cd05,PS
140a07f2-16c8-11ed-9b5f-1234bde3cd05,DE
140a10d5-16c8-11ed-9b5f-1234bde3cd05,CM
140a1451-16c8-11ed-9b5f-1234bde3cd05,DE
14166b98-16c8-11ed-9b5f-1234bde3cd05,GB
14166f25-16c8-11ed-9b5f-1234bde3cd05,FR
1416729a-16c8-11ed-9b5f-1234bde3cd05,FR
141675ac-16c8-11ed-9b5f-1234bde3cd05,AU
1416792c-16c8-11ed-9b5f-1234bde3cd05,GB
14167c66-16c8-11ed-9b5f-1234bde3cd05,DE
14167fbf-16c8-11ed-9b5f-1234bde3cd05,FR
141682f3-16c8-11ed-9b5f-1234bde3cd05,DE
14168606-16c8-11ed-9b5f-1234bde3cd05,AU
1416901e-16c8-11ed-9b5f-1234bde3cd05,CN
141696a0-16c8-11ed-9b5f-1234bde3cd05,FR
141699db-16c8-11ed-9b5f-1234bde3cd05,TH
14169cf1-16c8-11ed-9b5f-1234bde3cd05,FR
1416a01f-16c8-11ed-9b5f-1234bde3cd05,FR
1416a356-16c8-11ed-9b5f-1234bde3cd05,FR
1416a65a-16c8-11ed-9b5f-1234bde3cd05,DE
1416ab9b-16c8-11ed-9b5f-1234bde3cd05,DE
1416aec8-16c8-11ed-9b5f-1234bde3cd05,DE
1416b1f0-16c8-11ed-9b5f-1234bde3cd05,FR
1416b548-16c8-11ed-9b5f-1234bde3cd05,FR
1416b9c2-16c8-11ed-9b5f-1234bde3cd05,FR
1416bd58-16c8-11ed-9b5f-1234bde3cd05,FR
1416c0a0-16c8-11ed-9b5f-1234bde3cd05,FR
1416d0ba-16c8-11ed-9b5f-1234bde3cd05,DE
1416d3e1-16c8-11ed-9b5f-1234bde3cd05,FR
1416d71a-16c8-11ed-9b5f-1234bde3cd05,FR
1416da31-16c8-11ed-9b5f-1234bde3cd05,FR
1416dd48-16c8-11ed-9b5f-1234bde3cd05,FR
1416e13d-16c8-11ed-9b5f-1234bde3cd05,US
1416ed85-16c8-11ed-9b5f-1234bde3cd05,US
1416f371-16c8-11ed-9b5f-1234bde3cd05,FR
1416fe87-16c8-11ed-9b5f-1234bde3cd05,FR
141701bb-16c8-11ed-9b5f-1234bde3cd05,FR
141704c8-16c8-11ed-9b5f-1234bde3cd05,FR
14189ccf-16c8-11ed-9b5f-1234bde3cd05,CN
1418a006-16c8-11ed-9b5f-1234bde3cd05,FR
1418a324-16c8-11ed-9b5f-1234bde3cd05,FR
1435e0ff-16c8-11ed-9b5f-1234bde3cd05,FR
1435e514-16c8-11ed-9b5f-1234bde3cd05,FR
1435e87b-16c8-11ed-9b5f-1234bde3cd05,PL
1435eca3-16c8-11ed-9b5f-1234bde3cd05,FR
1435eff0-16c8-11ed-9b5f-1234bde3cd05,FR
1435f343-16c8-11ed-9b5f-1234bde3cd05,PL
1435fbe7-16c8-11ed-9b5f-1234bde3cd05,FR
1435ff07-16c8-11ed-9b5f-1234bde3cd05,FR
14360218-16c8-11ed-9b5f-1234bde3cd05,FR
14361162-16c8-11ed-9b5f-1234bde3cd05,FR
14361488-16c8-11ed-9b5f-1234bde3cd05,FR
143617a5-16c8-11ed-9b5f-1234bde3cd05,FR
14361acf-16c8-11ed-9b5f-1234bde3cd05,FR
14361fd7-16c8-11ed-9b5f-1234bde3cd05,IT
1436270e-16c8-11ed-9b5f-1234bde3cd05,FR
14362a4a-16c8-11ed-9b5f-1234bde3cd05,DE
14362d60-16c8-11ed-9b5f-1234bde3cd05,PL
143630e6-16c8-11ed-9b5f-1234bde3cd05,IL
143644da-16c8-11ed-9b5f-1234bde3cd05,FR
14364c59-16c8-11ed-9b5f-1234bde3cd05,FR
14364f70-16c8-11ed-9b5f-1234bde3cd05,FR
143652e1-16c8-11ed-9b5f-1234bde3cd05,FR
1436562b-16c8-11ed-9b5f-1234bde3cd05,GB
14365942-16c8-11ed-9b5f-1234bde3cd05,FR
14366250-16c8-11ed-9b5f-1234bde3cd05,BG
14366647-16c8-11ed-9b5f-1234bde3cd05,IL
14366979-16c8-11ed-9b5f-1234bde3cd05,GB
14366c86-16c8-11ed-9b5f-1234bde3cd05,DE
14367166-16c8-11ed-9b5f-1234bde3cd05,US
143676ac-16c8-11ed-9b5f-1234bde3cd05,BN
14367bfc-16c8-11ed-9b5f-1234bde3cd05,BN
14367f3c-16c8-11ed-9b5f-1234bde3cd05,FR
14368468-16c8-11ed-9b5f-1234bde3cd05,FR
143687c8-16c8-11ed-9b5f-1234bde3cd05,FR
14368b00-16c8-11ed-9b5f-1234bde3cd05,JP
14368f65-16c8-11ed-9b5f-1234bde3cd05,GB
1436925f-16c8-11ed-9b5f-1234bde3cd05,DE
1436954e-16c8-11ed-9b5f-1234bde3cd05,FR
14369820-16c8-11ed-9b5f-1234bde3cd05,FR
14369b0d-16c8-11ed-9b5f-1234bde3cd05,LY
1436a511-16c8-11ed-9b5f-1234bde3cd05,CN
1436a87b-16c8-11ed-9b5f-1234bde3cd05,IT
1436abc2-16c8-11ed-9b5f-1234bde3cd05,IT
1436aeb8-16c8-11ed-9b5f-1234bde3cd05,FR
1436b1bd-16c8-11ed-9b5f-1234bde3cd05,CN
1436b63d-16c8-11ed-9b5f-1234bde3cd05,CN
1436bb36-16c8-11ed-9b5f-1234bde3cd05,CN
1436bfd8-16c8-11ed-9b5f-1234bde3cd05,CN
1436c899-16c8-11ed-9b5f-1234bde3cd05,DE
1436ccf7-16c8-11ed-9b5f-1234bde3cd05,DE
1436d574-16c8-11ed-9b5f-1234bde3cd05,DE
1436d9a9-16c8-11ed-9b5f-1234bde3cd05,DE
1436dde3-16c8-11ed-9b5f-1234bde3cd05,DE
1436e4e2-16c8-11ed-9b5f-1234bde3cd05,DE
1436e98c-16c8-11ed-9b5f-1234bde3cd05,DE
1436ee25-16c8-11ed-9b5f-1234bde3cd05,DE
1436f2e7-16c8-11ed-9b5f-1234bde3cd05,DE
1436f758-16c8-11ed-9b5f-1234bde3cd05,DE
1436fb82-16c8-11ed-9b5f-1234bde3cd05,DE
1436ffdc-16c8-11ed-9b5f-1234bde3cd05,DE
143708f7-16c8-11ed-9b5f-1234bde3cd05,GB
143bafe9-16c8-11ed-9b5f-1234bde3cd05,GB
143bb65f-16c8-11ed-9b5f-1234bde3cd05,GB
143bb9a5-16c8-11ed-9b5f-1234bde3cd05,GB
143bbf49-16c8-11ed-9b5f-1234bde3cd05,GB
143bc99f-16c8-11ed-9b5f-1234bde3cd05,BG
143bd4b0-16c8-11ed-9b5f-1234bde3cd05,DE
1449b2db-16c8-11ed-9b5f-1234bde3cd05,DE
1449c026-16c8-11ed-9b5f-1234bde3cd05,DE
1449c56c-16c8-11ed-9b5f-1234bde3cd05,DE
1449cac4-16c8-11ed-9b5f-1234bde3cd05,NL
1449d69b-16c8-11ed-9b5f-1234bde3cd05,DE
1449dc71-16c8-11ed-9b5f-1234bde3cd05,DE
145c5bb7-16c8-11ed-9b5f-1234bde3cd05,DE
145c612a-16c8-11ed-9b5f-1234bde3cd05,DE
145c66a1-16c8-11ed-9b5f-1234bde3cd05,DE
145c6c05-16c8-11ed-9b5f-1234bde3cd05,DE
145c7100-16c8-11ed-9b5f-1234bde3cd05,DE
145c75fa-16c8-11ed-9b5f-1234bde3cd05,DE
145c7ac1-16c8-11ed-9b5f-1234bde3cd05,DE
145c7fd0-16c8-11ed-9b5f-1234bde3cd05,DE
145c857a-16c8-11ed-9b5f-1234bde3cd05,DE
145c8da7-16c8-11ed-9b5f-1234bde3cd05,DE
145c92e2-16c8-11ed-9b5f-1234bde3cd05,DE
145c9cdc-16c8-11ed-9b5f-1234bde3cd05,US
145ca530-16c8-11ed-9b5f-1234bde3cd05,US
145caf8b-16c8-11ed-9b5f-1234bde3cd05,US
145cc0e3-16c8-11ed-9b5f-1234bde3cd05,US
145cc65b-16c8-11ed-9b5f-1234bde3cd05,DE
145ccb75-16c8-11ed-9b5f-1234bde3cd05,DE
145cd0f1-16c8-11ed-9b5f-1234bde3cd05,DE
145cd5e1-16c8-11ed-9b5f-1234bde3cd05,DE
145cdea1-16c8-11ed-9b5f-1234bde3cd05,DE
145ce396-16c8-11ed-9b5f-1234bde3cd05,DE
145ce8be-16c8-11ed-9b5f-1234bde3cd05,DE
145cee04-16c8-11ed-9b5f-1234bde3cd05,DE
145d3de3-16c8-11ed-9b5f-1234bde3cd05,DE
145d435b-16c8-11ed-9b5f-1234bde3cd05,DE
145d4863-16c8-11ed-9b5f-1234bde3cd05,DE
145d524a-16c8-11ed-9b5f-1234bde3cd05,DE
145d5864-16c8-11ed-9b5f-1234bde3cd05,DE
145d5d91-16c8-11ed-9b5f-1234bde3cd05,DE
145d62c0-16c8-11ed-9b5f-1234bde3cd05,DE
145d680d-16c8-11ed-9b5f-1234bde3cd05,DE
145d6d8a-16c8-11ed-9b5f-1234bde3cd05,DE
145d72b8-16c8-11ed-9b5f-1234bde3cd05,DE
145d77e0-16c8-11ed-9b5f-1234bde3cd05,DE
145d7e8f-16c8-11ed-9b5f-1234bde3cd05,DE
145d88bb-16c8-11ed-9b5f-1234bde3cd05,DE
145d8dd0-16c8-11ed-9b5f-1234bde3cd05,DE
145d92db-16c8-11ed-9b5f-1234bde3cd05,DE
14a2d498-16c8-11ed-9b5f-1234bde3cd05,CN
14a2d993-16c8-11ed-9b5f-1234bde3cd05,CN
14a4676a-16c8-11ed-9b5f-1234bde3cd05,CN
14a46e0e-16c8-11ed-9b5f-1234bde3cd05,CN
14a4724c-16c8-11ed-9b5f-1234bde3cd05,CN
14a475a0-16c8-11ed-9b5f-1234bde3cd05,CN
14a478b6-16c8-11ed-9b5f-1234bde3cd05,CN
14a47c13-16c8-11ed-9b5f-1234bde3cd05,NL
14a47f41-16c8-11ed-9b5f-1234bde3cd05,GB
14a4857b-16c8-11ed-9b5f-1234bde3cd05,IT
14a489e2-16c8-11ed-9b5f-1234bde3cd05,US
14a48e29-16c8-11ed-9b5f-1234bde3cd05,PE
14a49161-16c8-11ed-9b5f-1234bde3cd05,FR
14a49aea-16c8-11ed-9b5f-1234bde3cd05,FR
14a49e11-16c8-11ed-9b5f-1234bde3cd05,FR
14a4a128-16c8-11ed-9b5f-1234bde3cd05,CN
14a4a6fe-16c8-11ed-9b5f-1234bde3cd05,CN
14a4a9eb-16c8-11ed-9b5f-1234bde3cd05,FR
14a4acfb-16c8-11ed-9b5f-1234bde3cd05,FR
14a4b157-16c8-11ed-9b5f-1234bde3cd05,FR
14a4b4ab-16c8-11ed-9b5f-1234bde3cd05,DE
14a4bed2-16c8-11ed-9b5f-1234bde3cd05,FR
14a64ca9-16c8-11ed-9b5f-1234bde3cd05,BE
14c5144f-16c8-11ed-9b5f-1234bde3cd05,AU
14c51a71-16c8-11ed-9b5f-1234bde3cd05,CA
14c53010-16c8-11ed-9b5f-1234bde3cd05,FR
14c533c2-16c8-11ed-9b5f-1234bde3cd05,FR
14c53a62-16c8-11ed-9b5f-1234bde3cd05,PT
14c53f3b-16c8-11ed-9b5f-1234bde3cd05,SE
14c5430e-16c8-11ed-9b5f-1234bde3cd05,FR
14c5464f-16c8-11ed-9b5f-1234bde3cd05,PT
14c5499b-16c8-11ed-9b5f-1234bde3cd05,AU
14c54cbf-16c8-11ed-9b5f-1234bde3cd05,FR
14c54fe2-16c8-11ed-9b5f-1234bde3cd05,DE
14c55a11-16c8-11ed-9b5f-1234bde3cd05,ML
14c5608d-16c8-11ed-9b5f-1234bde3cd05,ML
14c56a74-16c8-11ed-9b5f-1234bde3cd05,ML
14c576ec-16c8-11ed-9b5f-1234bde3cd05,ML
14c579e5-16c8-11ed-9b5f-1234bde3cd05,ML
14c57ff2-16c8-11ed-9b5f-1234bde3cd05,PE
14c58348-16c8-11ed-9b5f-1234bde3cd05,FR
14c5866e-16c8-11ed-9b5f-1234bde3cd05,FR
14c58997-16c8-11ed-9b5f-1234bde3cd05,FR
14c59260-16c8-11ed-9b5f-1234bde3cd05,HU
14c59682-16c8-11ed-9b5f-1234bde3cd05,DE
14c59dae-16c8-11ed-9b5f-1234bde3cd05,DE
14c5a0d2-16c8-11ed-9b5f-1234bde3cd05,FR
14c5a3f3-16c8-11ed-9b5f-1234bde3cd05,FR
14c5ab33-16c8-11ed-9b5f-1234bde3cd05,GR
14c5af62-16c8-11ed-9b5f-1234bde3cd05,GB
14c5b3d6-16c8-11ed-9b5f-1234bde3cd05,FR
14c5b7b0-16c8-11ed-9b5f-1234bde3cd05,DE
14c5baea-16c8-11ed-9b5f-1234bde3cd05,DE
14c5be07-16c8-11ed-9b5f-1234bde3cd05,SE
14c5c1ee-16c8-11ed-9b5f-1234bde3cd05,GB
14c5c4dd-16c8-11ed-9b5f-1234bde3cd05,IN
14c5c82f-16c8-11ed-9b5f-1234bde3cd05,DE
14c5d490-16c8-11ed-9b5f-1234bde3cd05,IN
14c5d7e3-16c8-11ed-9b5f-1234bde3cd05,FR
14c5db23-16c8-11ed-9b5f-1234bde3cd05,FR
14c5de99-16c8-11ed-9b5f-1234bde3cd05,FR
14c5e42a-16c8-11ed-9b5f-1234bde3cd05,FR
14c5e75d-16c8-11ed-9b5f-1234bde3cd05,DE
14c5eaac-16c8-11ed-9b5f-1234bde3cd05,SE
14c5eeb7-16c8-11ed-9b5f-1234bde3cd05,FR
14c5f3ae-16c8-11ed-9b5f-1234bde3cd05,DE
14c5f70d-16c8-11ed-9b5f-1234bde3cd05,JO
14c5fa36-16c8-11ed-9b5f-1234bde3cd05,GB
14c60080-16c8-11ed-9b5f-1234bde3cd05,IN
14c603ca-16c8-11ed-9b5f-1234bde3cd05,FR
14c609fa-16c8-11ed-9b5f-1234bde3cd05,FR
14c60ea7-16c8-11ed-9b5f-1234bde3cd05,FR
14c622e5-16c8-11ed-9b5f-1234bde3cd05,FR
14c625b3-16c8-11ed-9b5f-1234bde3cd05,FR
14c628bc-16c8-11ed-9b5f-1234bde3cd05,FR
14c631a5-16c8-11ed-9b5f-1234bde3cd05,FR
14c634d9-16c8-11ed-9b5f-1234bde3cd05,FR
14c63816-16c8-11ed-9b5f-1234bde3cd05,FR
14c63b54-16c8-11ed-9b5f-1234bde3cd05,FR
14c63e4d-16c8-11ed-9b5f-1234bde3cd05,FR
14c64434-16c8-11ed-9b5f-1234bde3cd05,FR
14c6475b-16c8-11ed-9b5f-1234bde3cd05,FR
14c64aa8-16c8-11ed-9b5f-1234bde3cd05,FR
14c6518c-16c8-11ed-9b5f-1234bde3cd05,CN
14c654d1-16c8-11ed-9b5f-1234bde3cd05,CN
14c657e0-16c8-11ed-9b5f-1234bde3cd05,CN
14c660da-16c8-11ed-9b5f-1234bde3cd05,IN
14c665fe-16c8-11ed-9b5f-1234bde3cd05,IN
14c66ccc-16c8-11ed-9b5f-1234bde3cd05,GB
14c673ca-16c8-11ed-9b5f-1234bde3cd05,PT
14c676fe-16c8-11ed-9b5f-1234bde3cd05,GB
14c67cf2-16c8-11ed-9b5f-1234bde3cd05,IT
14c68020-16c8-11ed-9b5f-1234bde3cd05,DE
14c68703-16c8-11ed-9b5f-1234bde3cd05,CA
14c68e28-16c8-11ed-9b5f-1234bde3cd05,FR
14c6913d-16c8-11ed-9b5f-1234bde3cd05,FR
14c69450-16c8-11ed-9b5f-1234bde3cd05,FR
14c6972d-16c8-11ed-9b5f-1234bde3cd05,FR
14c69d3f-16c8-11ed-9b5f-1234bde3cd05,FR
14c6a044-16c8-11ed-9b5f-1234bde3cd05,FR
14c6a367-16c8-11ed-9b5f-1234bde3cd05,FR
14c6a688-16c8-11ed-9b5f-1234bde3cd05,FR
14c6a997-16c8-11ed-9b5f-1234bde3cd05,FR
14c6ac7a-16c8-11ed-9b5f-1234bde3cd05,FR
14c6b29a-16c8-11ed-9b5f-1234bde3cd05,FR
14c6b575-16c8-11ed-9b5f-1234bde3cd05,IT
14c6b85c-16c8-11ed-9b5f-1234bde3cd05,IT
14c6be3d-16c8-11ed-9b5f-1234bde3cd05,CN
14c6c12d-16c8-11ed-9b5f-1234bde3cd05,RU
14c6c7ff-16c8-11ed-9b5f-1234bde3cd05,GB
14c6cafc-16c8-11ed-9b5f-1234bde3cd05,FR
14c6ce27-16c8-11ed-9b5f-1234bde3cd05,FR
14c6d140-16c8-11ed-9b5f-1234bde3cd05,FR
14c6d45d-16c8-11ed-9b5f-1234bde3cd05,FR
14c6df09-16c8-11ed-9b5f-1234bde3cd05,US
14c6e8f0-16c8-11ed-9b5f-1234bde3cd05,ML
14c6f117-16c8-11ed-9b5f-1234bde3cd05,MX
14c6f46a-16c8-11ed-9b5f-1234bde3cd05,GB
14c70269-16c8-11ed-9b5f-1234bde3cd05,CA
14c7061a-16c8-11ed-9b5f-1234bde3cd05,MK
14c70a7c-16c8-11ed-9b5f-1234bde3cd05,FR
14c710a9-16c8-11ed-9b5f-1234bde3cd05,FR
14c71710-16c8-11ed-9b5f-1234bde3cd05,FR
14c71a6a-16c8-11ed-9b5f-1234bde3cd05,FR
14c71d7d-16c8-11ed-9b5f-1234bde3cd05,AT
14c7233e-16c8-11ed-9b5f-1234bde3cd05,FR
14c72920-16c8-11ed-9b5f-1234bde3cd05,FR
14c72c10-16c8-11ed-9b5f-1234bde3cd05,FR
14c72efa-16c8-11ed-9b5f-1234bde3cd05,DE
14c7334d-16c8-11ed-9b5f-1234bde3cd05,FR
14c7365d-16c8-11ed-9b5f-1234bde3cd05,FR
14c7394a-16c8-11ed-9b5f-1234bde3cd05,FR
14c73f73-16c8-11ed-9b5f-1234bde3cd05,FR
14c7427b-16c8-11ed-9b5f-1234bde3cd05,FR
14c7455a-16c8-11ed-9b5f-1234bde3cd05,FR
14c7484f-16c8-11ed-9b5f-1234bde3cd05,FI
14c7507f-16c8-11ed-9b5f-1234bde3cd05,FR
14c756c8-16c8-11ed-9b5f-1234bde3cd05,FR
14c76398-16c8-11ed-9b5f-1234bde3cd05,US
14c76ccb-16c8-11ed-9b5f-1234bde3cd05,FR
14c77031-16c8-11ed-9b5f-1234bde3cd05,FR
14c77386-16c8-11ed-9b5f-1234bde3cd05,FR
14c776ac-16c8-11ed-9b5f-1234bde3cd05,FR
14c779b8-16c8-11ed-9b5f-1234bde3cd05,FR
14c77cc5-16c8-11ed-9b5f-1234bde3cd05,FR
14c77ffd-16c8-11ed-9b5f-1234bde3cd05,FR
14c78318-16c8-11ed-9b5f-1234bde3cd05,FR
14c7860b-16c8-11ed-9b5f-1234bde3cd05,FR
14c789f5-16c8-11ed-9b5f-1234bde3cd05,FR
1581a0a0-16c8-11ed-9b5f-1234bde3cd05,FR
1581a57d-16c8-11ed-9b5f-1234bde3cd05,FR
1581a8bf-16c8-11ed-9b5f-1234bde3cd05,FR
1581abe6-16c8-11ed-9b5f-1234bde3cd05,FR
1581afe6-16c8-11ed-9b5f-1234bde3cd05,FR
1581b6b5-16c8-11ed-9b5f-1234bde3cd05,FR
1581b9c6-16c8-11ed-9b5f-1234bde3cd05,FR
1581bcd0-16c8-11ed-9b5f-1234bde3cd05,FR
1581bfed-16c8-11ed-9b5f-1234bde3cd05,FR
1581c709-16c8-11ed-9b5f-1234bde3cd05,FR
1581ca1e-16c8-11ed-9b5f-1234bde3cd05,FR
1581d063-16c8-11ed-9b5f-1234bde3cd05,FR
1581d360-16c8-11ed-9b5f-1234bde3cd05,FR
1581d65b-16c8-11ed-9b5f-1234bde3cd05,FR
1581d956-16c8-11ed-9b5f-1234bde3cd05,FR
1581dc4c-16c8-11ed-9b5f-1234bde3cd05,FR
1581e257-16c8-11ed-9b5f-1234bde3cd05,FR
1581e849-16c8-11ed-9b5f-1234bde3cd05,FR
1581ebad-16c8-11ed-9b5f-1234bde3cd05,AT
1581eee3-16c8-11ed-9b5f-1234bde3cd05,AT
1581f1f3-16c8-11ed-9b5f-1234bde3cd05,FR
1581f4f1-16c8-11ed-9b5f-1234bde3cd05,FR
1581f7f4-16c8-11ed-9b5f-1234bde3cd05,FR
1581fadd-16c8-11ed-9b5f-1234bde3cd05,FR
1581fdc8-16c8-11ed-9b5f-1234bde3cd05,FR
15820125-16c8-11ed-9b5f-1234bde3cd05,FR
158210a9-16c8-11ed-9b5f-1234bde3cd05,FR
158213ca-16c8-11ed-9b5f-1234bde3cd05,FR
158216d5-16c8-11ed-9b5f-1234bde3cd05,FR
158219b6-16c8-11ed-9b5f-1234bde3cd05,FR
15821ca7-16c8-11ed-9b5f-1234bde3cd05,FR
15822009-16c8-11ed-9b5f-1234bde3cd05,FR
15822644-16c8-11ed-9b5f-1234bde3cd05,FR
1582294d-16c8-11ed-9b5f-1234bde3cd05,FR
15822f3a-16c8-11ed-9b5f-1234bde3cd05,FR
1582321f-16c8-11ed-9b5f-1234bde3cd05,FR
1582357a-16c8-11ed-9b5f-1234bde3cd05,DE
15823892-16c8-11ed-9b5f-1234bde3cd05,IN
15823ba1-16c8-11ed-9b5f-1234bde3cd05,IT
158242f3-16c8-11ed-9b5f-1234bde3cd05,CA
1582464c-16c8-11ed-9b5f-1234bde3cd05,DE
1582494c-16c8-11ed-9b5f-1234bde3cd05,FR
158255b7-16c8-11ed-9b5f-1234bde3cd05,IT
15825996-16c8-11ed-9b5f-1234bde3cd05,RU
15825ce9-16c8-11ed-9b5f-1234bde3cd05,FR
1582630d-16c8-11ed-9b5f-1234bde3cd05,GB
15826df9-16c8-11ed-9b5f-1234bde3cd05,US
158271fc-16c8-11ed-9b5f-1234bde3cd05,BE
15827861-16c8-11ed-9b5f-1234bde3cd05,IT
15827b84-16c8-11ed-9b5f-1234bde3cd05,PT
15827ee7-16c8-11ed-9b5f-1234bde3cd05,DE
15828319-16c8-11ed-9b5f-1234bde3cd05,IT
15828b13-16c8-11ed-9b5f-1234bde3cd05,IT
15828e6f-16c8-11ed-9b5f-1234bde3cd05,FR
158291a6-16c8-11ed-9b5f-1234bde3cd05,GB
15829c7a-16c8-11ed-9b5f-1234bde3cd05,PL
15829fb2-16c8-11ed-9b5f-1234bde3cd05,NZ
1582a2ee-16c8-11ed-9b5f-1234bde3cd05,IN
1585bd65-16c8-11ed-9b5f-1234bde3cd05,DE
1585c091-16c8-11ed-9b5f-1234bde3cd05,ES
1585c446-16c8-11ed-9b5f-1234bde3cd05,PL
1585c7b5-16c8-11ed-9b5f-1234bde3cd05,DE
1585cb95-16c8-11ed-9b5f-1234bde3cd05,FR
1585d00b-16c8-11ed-9b5f-1234bde3cd05,CH
1585d33f-16c8-11ed-9b5f-1234bde3cd05,AU
1585d64b-16c8-11ed-9b5f-1234bde3cd05,DE
1585dda9-16c8-11ed-9b5f-1234bde3cd05,CA
1585e121-16c8-11ed-9b5f-1234bde3cd05,AR
1585e448-16c8-11ed-9b5f-1234bde3cd05,ES
1585e990-16c8-11ed-9b5f-1234bde3cd05,AU
1585ef27-16c8-11ed-9b5f-1234bde3cd05,GB
1585f284-16c8-11ed-9b5f-1234bde3cd05,IT
1585fe89-16c8-11ed-9b5f-1234bde3cd05,FR
15860196-16c8-11ed-9b5f-1234bde3cd05,CN
158604ce-16c8-11ed-9b5f-1234bde3cd05,FR
158607c3-16c8-11ed-9b5f-1234bde3cd05,DE
15860ad1-16c8-11ed-9b5f-1234bde3cd05,CN
15860e78-16c8-11ed-9b5f-1234bde3cd05,CN
158611be-16c8-11ed-9b5f-1234bde3cd05,ES
1586156c-16c8-11ed-9b5f-1234bde3cd05,GB
1586188b-16c8-11ed-9b5f-1234bde3cd05,GB
15861bf8-16c8-11ed-9b5f-1234bde3cd05,FR
15861edb-16c8-11ed-9b5f-1234bde3cd05,IT
158621e2-16c8-11ed-9b5f-1234bde3cd05,FR
158624f7-16c8-11ed-9b5f-1234bde3cd05,DE
15862bfd-16c8-11ed-9b5f-1234bde3cd05,CA
15862f8a-16c8-11ed-9b5f-1234bde3cd05,FR
158632f2-16c8-11ed-9b5f-1234bde3cd05,DE
1586398f-16c8-11ed-9b5f-1234bde3cd05,OM
15863cf2-16c8-11ed-9b5f-1234bde3cd05,OM
1586403f-16c8-11ed-9b5f-1234bde3cd05,JP
15864844-16c8-11ed-9b5f-1234bde3cd05,DE
15864bec-16c8-11ed-9b5f-1234bde3cd05,CA
15864f1d-16c8-11ed-9b5f-1234bde3cd05,DE
15865af0-16c8-11ed-9b5f-1234bde3cd05,US
15866453-16c8-11ed-9b5f-1234bde3cd05,CA
15866933-16c8-11ed-9b5f-1234bde3cd05,FR
15866c51-16c8-11ed-9b5f-1234bde3cd05,FR
15866f49-16c8-11ed-9b5f-1234bde3cd05,FR
1586722e-16c8-11ed-9b5f-1234bde3cd05,FR
1586783b-16c8-11ed-9b5f-1234bde3cd05,GB
15867bc1-16c8-11ed-9b5f-1234bde3cd05,FR
15867ee8-16c8-11ed-9b5f-1234bde3cd05,FI
15868642-16c8-11ed-9b5f-1234bde3cd05,FR
158689e3-16c8-11ed-9b5f-1234bde3cd05,CA
15868d41-16c8-11ed-9b5f-1234bde3cd05,GB
158690bf-16c8-11ed-9b5f-1234bde3cd05,FR
1586956f-16c8-11ed-9b5f-1234bde3cd05,CA
1586c5ff-16c8-11ed-9b5f-1234bde3cd05,OM
1586c97a-16c8-11ed-9b5f-1234bde3cd05,GB
1586cc8c-16c8-11ed-9b5f-1234bde3cd05,IT
1586d0b3-16c8-11ed-9b5f-1234bde3cd05,US
1586d4f3-16c8-11ed-9b5f-1234bde3cd05,CA
1586d834-16c8-11ed-9b5f-1234bde3cd05,FR
1586db32-16c8-11ed-9b5f-1234bde3cd05,FR
1586de19-16c8-11ed-9b5f-1234bde3cd05,FR
1586e11c-16c8-11ed-9b5f-1234bde3cd05,FR
1586e43b-16c8-11ed-9b5f-1234bde3cd05,FR
1586e70a-16c8-11ed-9b5f-1234bde3cd05,FR
1586e9e3-16c8-11ed-9b5f-1234bde3cd05,FR
1586f132-16c8-11ed-9b5f-1234bde3cd05,DE
1586f45f-16c8-11ed-9b5f-1234bde3cd05,BE
1586f7ef-16c8-11ed-9b5f-1234bde3cd05,DE
15870c78-16c8-11ed-9b5f-1234bde3cd05,IN
15871028-16c8-11ed-9b5f-1234bde3cd05,CA
1587137e-16c8-11ed-9b5f-1234bde3cd05,IN
1587174b-16c8-11ed-9b5f-1234bde3cd05,CA
15871c9e-16c8-11ed-9b5f-1234bde3cd05,DE
15872294-16c8-11ed-9b5f-1234bde3cd05,FR
1587259b-16c8-11ed-9b5f-1234bde3cd05,FR
158728b0-16c8-11ed-9b5f-1234bde3cd05,OM
15872c0f-16c8-11ed-9b5f-1234bde3cd05,OM
1587304f-16c8-11ed-9b5f-1234bde3cd05,OM
15873430-16c8-11ed-9b5f-1234bde3cd05,US
15873843-16c8-11ed-9b5f-1234bde3cd05,GB
15874171-16c8-11ed-9b5f-1234bde3cd05,CA
159cd627-16c8-11ed-9b5f-1234bde3cd05,CH
159cdaaa-16c8-11ed-9b5f-1234bde3cd05,US
159e68d2-16c8-11ed-9b5f-1234bde3cd05,NO
159e6c71-16c8-11ed-9b5f-1234bde3cd05,OM
159e7001-16c8-11ed-9b5f-1234bde3cd05,OM
159e7345-16c8-11ed-9b5f-1234bde3cd05,OM
159e813f-16c8-11ed-9b5f-1234bde3cd05,FR
159e8481-16c8-11ed-9b5f-1234bde3cd05,OM
159e8826-16c8-11ed-9b5f-1234bde3cd05,JP
159e8c3a-16c8-11ed-9b5f-1234bde3cd05,JP
159e8fa5-16c8-11ed-9b5f-1234bde3cd05,JP
159e95e5-16c8-11ed-9b5f-1234bde3cd05,JP
159e9989-16c8-11ed-9b5f-1234bde3cd05,FR
159e9cc9-16c8-11ed-9b5f-1234bde3cd05,JP
159ea054-16c8-11ed-9b5f-1234bde3cd05,FR
159ea37e-16c8-11ed-9b5f-1234bde3cd05,DE
159ea6b7-16c8-11ed-9b5f-1234bde3cd05,DE
159ead24-16c8-11ed-9b5f-1234bde3cd05,OM
159eb06c-16c8-11ed-9b5f-1234bde3cd05,OM
159eb6ad-16c8-11ed-9b5f-1234bde3cd05,CD
159eb9da-16c8-11ed-9b5f-1234bde3cd05,OM
159ecb24-16c8-11ed-9b5f-1234bde3cd05,OM
15a1e534-16c8-11ed-9b5f-1234bde3cd05,OM
15a1e894-16c8-11ed-9b5f-1234bde3cd05,NZ
15a1ef5a-16c8-11ed-9b5f-1234bde3cd05,DE
15a1f29c-16c8-11ed-9b5f-1234bde3cd05,FR
15a1f8e0-16c8-11ed-9b5f-1234bde3cd05,FR
15a1ff38-16c8-11ed-9b5f-1234bde3cd05,FR
15a2025b-16c8-11ed-9b5f-1234bde3cd05,FR
15a2059c-16c8-11ed-9b5f-1234bde3cd05,FR
15a209ea-16c8-11ed-9b5f-1234bde3cd05,FR
15a20cf0-16c8-11ed-9b5f-1234bde3cd05,FR
15a2145d-16c8-11ed-9b5f-1234bde3cd05,IT
15a218dd-16c8-11ed-9b5f-1234bde3cd05,MX
15a21f38-16c8-11ed-9b5f-1234bde3cd05,DE
15a22251-16c8-11ed-9b5f-1234bde3cd05,BR
15a22f0f-16c8-11ed-9b5f-1234bde3cd05,US
15a23926-16c8-11ed-9b5f-1234bde3cd05,DE
15a23c9d-16c8-11ed-9b5f-1234bde3cd05,UA
15a23fc7-16c8-11ed-9b5f-1234bde3cd05,BE
15a242cd-16c8-11ed-9b5f-1234bde3cd05,PT
15a24941-16c8-11ed-9b5f-1234bde3cd05,PT
15a24c4c-16c8-11ed-9b5f-1234bde3cd05,DE
15a24f5f-16c8-11ed-9b5f-1234bde3cd05,NL
15a2527d-16c8-11ed-9b5f-1234bde3cd05,NL
15a256fe-16c8-11ed-9b5f-1234bde3cd05,NL
15a25f27-16c8-11ed-9b5f-1234bde3cd05,NL
15a26240-16c8-11ed-9b5f-1234bde3cd05,NL
15a2655d-16c8-11ed-9b5f-1234bde3cd05,NL
15a26bb3-16c8-11ed-9b5f-1234bde3cd05,CH
15a26f0b-16c8-11ed-9b5f-1234bde3cd05,JP
15a2753e-16c8-11ed-9b5f-1234bde3cd05,BO
15a4038e-16c8-11ed-9b5f-1234bde3cd05,FR
15a40f22-16c8-11ed-9b5f-1234bde3cd05,PT
15a4124f-16c8-11ed-9b5f-1234bde3cd05,FR
15a4157b-16c8-11ed-9b5f-1234bde3cd05,IT
15a418a9-16c8-11ed-9b5f-1234bde3cd05,DE
15a41b8d-16c8-11ed-9b5f-1234bde3cd05,FR
15a41f9d-16c8-11ed-9b5f-1234bde3cd05,SE
15a422e5-16c8-11ed-9b5f-1234bde3cd05,GB
15a42841-16c8-11ed-9b5f-1234bde3cd05,DE
15a42b52-16c8-11ed-9b5f-1234bde3cd05,AU
15a42e62-16c8-11ed-9b5f-1234bde3cd05,SE
15a4319a-16c8-11ed-9b5f-1234bde3cd05,BE
15a434cc-16c8-11ed-9b5f-1234bde3cd05,FR
15a437ee-16c8-11ed-9b5f-1234bde3cd05,PT
15a43b9d-16c8-11ed-9b5f-1234bde3cd05,TH
15a441ff-16c8-11ed-9b5f-1234bde3cd05,BE
15a5d112-16c8-11ed-9b5f-1234bde3cd05,IT
15a5d832-16c8-11ed-9b5f-1234bde3cd05,IT
15a5dd7a-16c8-11ed-9b5f-1234bde3cd05,DE
15a5e2a7-16c8-11ed-9b5f-1234bde3cd05,GB
15a5e815-16c8-11ed-9b5f-1234bde3cd05,DE
15a5ed3b-16c8-11ed-9b5f-1234bde3cd05,GB
15a5fad7-16c8-11ed-9b5f-1234bde3cd05,AU
15a60c13-16c8-11ed-9b5f-1234bde3cd05,IL
15a6116b-16c8-11ed-9b5f-1234bde3cd05,EE
15a618dd-16c8-11ed-9b5f-1234bde3cd05,BE
15a61eb4-16c8-11ed-9b5f-1234bde3cd05,TR
15c35d23-16c8-11ed-9b5f-1234bde3cd05,BE
15c360d4-16c8-11ed-9b5f-1234bde3cd05,BR
15c3643a-16c8-11ed-9b5f-1234bde3cd05,BR
15c368d3-16c8-11ed-9b5f-1234bde3cd05,AT
15c4f9d8-16c8-11ed-9b5f-1234bde3cd05,AT
15c4fd20-16c8-11ed-9b5f-1234bde3cd05,FR
15c50039-16c8-11ed-9b5f-1234bde3cd05,DE
15c50405-16c8-11ed-9b5f-1234bde3cd05,DE
15c506fb-16c8-11ed-9b5f-1234bde3cd05,DE
15c509f1-16c8-11ed-9b5f-1234bde3cd05,PT
15c50d13-16c8-11ed-9b5f-1234bde3cd05,AF
15c51030-16c8-11ed-9b5f-1234bde3cd05,DE
15c5132c-16c8-11ed-9b5f-1234bde3cd05,HU
15c51698-16c8-11ed-9b5f-1234bde3cd05,AT
15c519ea-16c8-11ed-9b5f-1234bde3cd05,BE
15c51d4f-16c8-11ed-9b5f-1234bde3cd05,FR
15c52039-16c8-11ed-9b5f-1234bde3cd05,FR
15c52334-16c8-11ed-9b5f-1234bde3cd05,FR
15c52611-16c8-11ed-9b5f-1234bde3cd05,FR
15c528fb-16c8-11ed-9b5f-1234bde3cd05,GB
15c549e5-16c8-11ed-9b5f-1234bde3cd05,AT
15c56315-16c8-11ed-9b5f-1234bde3cd05,AT
15c5668f-16c8-11ed-9b5f-1234bde3cd05,CH
15c56ca7-16c8-11ed-9b5f-1234bde3cd05,FR
15c570b5-16c8-11ed-9b5f-1234bde3cd05,CH
15c573f4-16c8-11ed-9b5f-1234bde3cd05,AT
15c57989-16c8-11ed-9b5f-1234bde3cd05,PT
15c57d1d-16c8-11ed-9b5f-1234bde3cd05,PT
15c58025-16c8-11ed-9b5f-1234bde3cd05,DE
15c58370-16c8-11ed-9b5f-1234bde3cd05,BE
15c58673-16c8-11ed-9b5f-1234bde3cd05,DE
15c589a5-16c8-11ed-9b5f-1234bde3cd05,FR
15c5a18f-16c8-11ed-9b5f-1234bde3cd05,DE
15c5a559-16c8-11ed-9b5f-1234bde3cd05,DE
15c5a87d-16c8-11ed-9b5f-1234bde3cd05,CN
15c5ac8e-16c8-11ed-9b5f-1234bde3cd05,GB
15c5b04b-16c8-11ed-9b5f-1234bde3cd05,BR
15c5b410-16c8-11ed-9b5f-1234bde3cd05,DE
15c5bc49-16c8-11ed-9b5f-1234bde3cd05,CD
15c5c079-16c8-11ed-9b5f-1234bde3cd05,DE
15c5c390-16c8-11ed-9b5f-1234bde3cd05,SE
15c5c6f2-16c8-11ed-9b5f-1234bde3cd05,MX
15c5cb1f-16c8-11ed-9b5f-1234bde3cd05,GR
15c5cf3a-16c8-11ed-9b5f-1234bde3cd05,DE
15c5d28d-16c8-11ed-9b5f-1234bde3cd05,AU
15c5d5c2-16c8-11ed-9b5f-1234bde3cd05,JP
15c5d9ae-16c8-11ed-9b5f-1234bde3cd05,JP
15c5dce0-16c8-11ed-9b5f-1234bde3cd05,JP
15c5e18c-16c8-11ed-9b5f-1234bde3cd05,JP
15c5e5cf-16c8-11ed-9b5f-1234bde3cd05,JP
15c5e8f7-16c8-11ed-9b5f-1234bde3cd05,JP
15c5ede0-16c8-11ed-9b5f-1234bde3cd05,JP
15c5f14b-16c8-11ed-9b5f-1234bde3cd05,GB
15c5f468-16c8-11ed-9b5f-1234bde3cd05,FR
15c5fa8e-16c8-11ed-9b5f-1234bde3cd05,QA
15c5fe19-16c8-11ed-9b5f-1234bde3cd05,IT
15c60132-16c8-11ed-9b5f-1234bde3cd05,IT
15c6044b-16c8-11ed-9b5f-1234bde3cd05,DE
15c60767-16c8-11ed-9b5f-1234bde3cd05,GB
15c60a4f-16c8-11ed-9b5f-1234bde3cd05,IT
15c61180-16c8-11ed-9b5f-1234bde3cd05,IT
15c614b1-16c8-11ed-9b5f-1234bde3cd05,FR
15c61e59-16c8-11ed-9b5f-1234bde3cd05,BE
15c62196-16c8-11ed-9b5f-1234bde3cd05,IT
15c624c2-16c8-11ed-9b5f-1234bde3cd05,JP
15c627fe-16c8-11ed-9b5f-1234bde3cd05,JP
15c62baf-16c8-11ed-9b5f-1234bde3cd05,JP
15c638b3-16c8-11ed-9b5f-1234bde3cd05,CA
15c63c65-16c8-11ed-9b5f-1234bde3cd05,DE
15c6406c-16c8-11ed-9b5f-1234bde3cd05,US
15c647fa-16c8-11ed-9b5f-1234bde3cd05,MY
15c64c95-16c8-11ed-9b5f-1234bde3cd05,NO
15c65098-16c8-11ed-9b5f-1234bde3cd05,US
15c6557e-16c8-11ed-9b5f-1234bde3cd05,PL
15c658c6-16c8-11ed-9b5f-1234bde3cd05,CN
15c65c0a-16c8-11ed-9b5f-1234bde3cd05,NZ
15c6631e-16c8-11ed-9b5f-1234bde3cd05,MX
15c66686-16c8-11ed-9b5f-1234bde3cd05,NZ
15c669ed-16c8-11ed-9b5f-1234bde3cd05,BR
15c66d28-16c8-11ed-9b5f-1234bde3cd05,JP
15c67218-16c8-11ed-9b5f-1234bde3cd05,NZ
15c67860-16c8-11ed-9b5f-1234bde3cd05,FR
15c67b75-16c8-11ed-9b5f-1234bde3cd05,FR
15c67e9d-16c8-11ed-9b5f-1234bde3cd05,DE
15c681a8-16c8-11ed-9b5f-1234bde3cd05,NZ
15c684dc-16c8-11ed-9b5f-1234bde3cd05,RU
15c6882d-16c8-11ed-9b5f-1234bde3cd05,CN
15c68b56-16c8-11ed-9b5f-1234bde3cd05,CN
15c68e6a-16c8-11ed-9b5f-1234bde3cd05,NZ
15c69246-16c8-11ed-9b5f-1234bde3cd05,JP
15c69712-16c8-11ed-9b5f-1234bde3cd05,US
15c6a7e0-16c8-11ed-9b5f-1234bde3cd05,DE
15c6ab54-16c8-11ed-9b5f-1234bde3cd05,CN
15c6ae8f-16c8-11ed-9b5f-1234bde3cd05,CN
15c6b1b9-16c8-11ed-9b5f-1234bde3cd05,CN
15c6b55d-16c8-11ed-9b5f-1234bde3cd05,CN
15c6b9d1-16c8-11ed-9b5f-1234bde3cd05,CN
15c6bdad-16c8-11ed-9b5f-1234bde3cd05,CN
15c6c0e4-16c8-11ed-9b5f-1234bde3cd05,CN
15c6c3ff-16c8-11ed-9b5f-1234bde3cd05,NZ
15c6ca32-16c8-11ed-9b5f-1234bde3cd05,IN
15c6cd55-16c8-11ed-9b5f-1234bde3cd05,IN
15c6d07f-16c8-11ed-9b5f-1234bde3cd05,FR
15c6d39a-16c8-11ed-9b5f-1234bde3cd05,IN
15c6db55-16c8-11ed-9b5f-1234bde3cd05,JP
15c6e279-16c8-11ed-9b5f-1234bde3cd05,FR
15c6e885-16c8-11ed-9b5f-1234bde3cd05,AU
15c6eb8c-16c8-11ed-9b5f-1234bde3cd05,FR
15c6ee56-16c8-11ed-9b5f-1234bde3cd05,IT
15c6f19f-16c8-11ed-9b5f-1234bde3cd05,CN
15c6f4b1-16c8-11ed-9b5f-1234bde3cd05,CN
15c701c2-16c8-11ed-9b5f-1234bde3cd05,GR
15c7054e-16c8-11ed-9b5f-1234bde3cd05,GB
15c711e8-16c8-11ed-9b5f-1234bde3cd05,FR
15e13a06-16c8-11ed-9b5f-1234bde3cd05,DE
15e13db4-16c8-11ed-9b5f-1234bde3cd05,IT
15e140f9-16c8-11ed-9b5f-1234bde3cd05,DE
15e14876-16c8-11ed-9b5f-1234bde3cd05,IT
15e164b7-16c8-11ed-9b5f-1234bde3cd05,FR
15e167df-16c8-11ed-9b5f-1234bde3cd05,FR
15e16adf-16c8-11ed-9b5f-1234bde3cd05,FR
15e1704e-16c8-11ed-9b5f-1234bde3cd05,IT
15e17532-16c8-11ed-9b5f-1234bde3cd05,FR
15e1784e-16c8-11ed-9b5f-1234bde3cd05,CN
15e17b9c-16c8-11ed-9b5f-1234bde3cd05,CN
15e17e9b-16c8-11ed-9b5f-1234bde3cd05,CN
160b0e50-16c8-11ed-9b5f-1234bde3cd05,CN
160b1317-16c8-11ed-9b5f-1234bde3cd05,CN
160b166a-16c8-11ed-9b5f-1234bde3cd05,CN
160b19cd-16c8-11ed-9b5f-1234bde3cd05,DE
160b368c-16c8-11ed-9b5f-1234bde3cd05,FR
160b3b0c-16c8-11ed-9b5f-1234bde3cd05,JP
160b46ee-16c8-11ed-9b5f-1234bde3cd05,JP
160b4bd7-16c8-11ed-9b5f-1234bde3cd05,JP
160b4f68-16c8-11ed-9b5f-1234bde3cd05,JP
160e695e-16c8-11ed-9b5f-1234bde3cd05,JP
160e6cd4-16c8-11ed-9b5f-1234bde3cd05,JP
160e735f-16c8-11ed-9b5f-1234bde3cd05,FR
160e88a4-16c8-11ed-9b5f-1234bde3cd05,CA
160e8ed1-16c8-11ed-9b5f-1234bde3cd05,DE
160e922d-16c8-11ed-9b5f-1234bde3cd05,DE
160e9a77-16c8-11ed-9b5f-1234bde3cd05,FR
160ea0ed-16c8-11ed-9b5f-1234bde3cd05,FR
160ea40c-16c8-11ed-9b5f-1234bde3cd05,AU
160ea74f-16c8-11ed-9b5f-1234bde3cd05,LK
160eaa80-16c8-11ed-9b5f-1234bde3cd05,NZ
160eb1db-16c8-11ed-9b5f-1234bde3cd05,JP
160eb774-16c8-11ed-9b5f-1234bde3cd05,JP
160ebd8d-16c8-11ed-9b5f-1234bde3cd05,NZ
160ec310-16c8-11ed-9b5f-1234bde3cd05,AU
160ec8b0-16c8-11ed-9b5f-1234bde3cd05,GB
160ecdcc-16c8-11ed-9b5f-1234bde3cd05,BG
160ed4a2-16c8-11ed-9b5f-1234bde3cd05,NZ
160ed948-16c8-11ed-9b5f-1234bde3cd05,GR
160edc90-16c8-11ed-9b5f-1234bde3cd05,DE
160ee3d7-16c8-11ed-9b5f-1234bde3cd05,AU
160eeb65-16c8-11ed-9b5f-1234bde3cd05,GR
160eeea4-16c8-11ed-9b5f-1234bde3cd05,TH
160ef22d-16c8-11ed-9b5f-1234bde3cd05,RU
160ef6ab-16c8-11ed-9b5f-1234bde3cd05,NZ
160efbd3-16c8-11ed-9b5f-1234bde3cd05,DE
160eff25-16c8-11ed-9b5f-1234bde3cd05,FR
160f025a-16c8-11ed-9b5f-1234bde3cd05,FR
160f055d-16c8-11ed-9b5f-1234bde3cd05,FR
160f086d-16c8-11ed-9b5f-1234bde3cd05,NZ
160f0bf6-16c8-11ed-9b5f-1234bde3cd05,CH
160f0ee7-16c8-11ed-9b5f-1234bde3cd05,GB
160f1243-16c8-11ed-9b5f-1234bde3cd05,GB
160f157f-16c8-11ed-9b5f-1234bde3cd05,NZ
160f1890-16c8-11ed-9b5f-1234bde3cd05,NO
160f1bd6-16c8-11ed-9b5f-1234bde3cd05,AT
160f1f6d-16c8-11ed-9b5f-1234bde3cd05,DK
160f258d-16c8-11ed-9b5f-1234bde3cd05,AT
160f2900-16c8-11ed-9b5f-1234bde3cd05,FR
160f2c20-16c8-11ed-9b5f-1234bde3cd05,AT
160f3017-16c8-11ed-9b5f-1234bde3cd05,CA
160f33a4-16c8-11ed-9b5f-1234bde3cd05,GB
160f36e5-16c8-11ed-9b5f-1234bde3cd05,PT
160f3a0a-16c8-11ed-9b5f-1234bde3cd05,CN
160f3d3e-16c8-11ed-9b5f-1234bde3cd05,CN
160f4458-16c8-11ed-9b5f-1234bde3cd05,CN
160f4e4f-16c8-11ed-9b5f-1234bde3cd05,AU
160f520e-16c8-11ed-9b5f-1234bde3cd05,FR
160f5874-16c8-11ed-9b5f-1234bde3cd05,GB
160f6625-16c8-11ed-9b5f-1234bde3cd05,PL
160f69ff-16c8-11ed-9b5f-1234bde3cd05,PL
160f7141-16c8-11ed-9b5f-1234bde3cd05,CH
16172a73-16c8-11ed-9b5f-1234bde3cd05,NZ
16172e3d-16c8-11ed-9b5f-1234bde3cd05,CA
163157f4-16c8-11ed-9b5f-1234bde3cd05,IT
16315c4c-16c8-11ed-9b5f-1234bde3cd05,SE
16315fef-16c8-11ed-9b5f-1234bde3cd05,FR
16316330-16c8-11ed-9b5f-1234bde3cd05,TH
16316690-16c8-11ed-9b5f-1234bde3cd05,AT
163169fc-16c8-11ed-9b5f-1234bde3cd05,TH
16316d2b-16c8-11ed-9b5f-1234bde3cd05,FR
163177bf-16c8-11ed-9b5f-1234bde3cd05,DE
16317b40-16c8-11ed-9b5f-1234bde3cd05,FR
163181a7-16c8-11ed-9b5f-1234bde3cd05,FR
163184dc-16c8-11ed-9b5f-1234bde3cd05,FR
163187d6-16c8-11ed-9b5f-1234bde3cd05,FR
16318abe-16c8-11ed-9b5f-1234bde3cd05,FR
16318ddd-16c8-11ed-9b5f-1234bde3cd05,FR
1631911f-16c8-11ed-9b5f-1234bde3cd05,FR
163197d9-16c8-11ed-9b5f-1234bde3cd05,IT
16319b0e-16c8-11ed-9b5f-1234bde3cd05,FR
1631a109-16c8-11ed-9b5f-1234bde3cd05,FR
1631a413-16c8-11ed-9b5f-1234bde3cd05,FR
1631a72d-16c8-11ed-9b5f-1234bde3cd05,FR
1631aa36-16c8-11ed-9b5f-1234bde3cd05,FR
1631ad5e-16c8-11ed-9b5f-1234bde3cd05,FR
1631b057-16c8-11ed-9b5f-1234bde3cd05,HU
1631b4a4-16c8-11ed-9b5f-1234bde3cd05,FR
1631b78f-16c8-11ed-9b5f-1234bde3cd05,FR
1631bddc-16c8-11ed-9b5f-1234bde3cd05,FR
1631c0ec-16c8-11ed-9b5f-1234bde3cd05,DE
1631c3ee-16c8-11ed-9b5f-1234bde3cd05,CA
1631c732-16c8-11ed-9b5f-1234bde3cd05,CA
1631cd24-16c8-11ed-9b5f-1234bde3cd05,PL
1631d062-16c8-11ed-9b5f-1234bde3cd05,PL
1631d389-16c8-11ed-9b5f-1234bde3cd05,CA
1631d9c3-16c8-11ed-9b5f-1234bde3cd05,AU
1631dcca-16c8-11ed-9b5f-1234bde3cd05,FR
1631e323-16c8-11ed-9b5f-1234bde3cd05,CN
1631e659-16c8-11ed-9b5f-1234bde3cd05,FR
1631e95c-16c8-11ed-9b5f-1234bde3cd05,FR
1631ec45-16c8-11ed-9b5f-1234bde3cd05,FR
1631efb0-16c8-11ed-9b5f-1234bde3cd05,FR
1631f2ad-16c8-11ed-9b5f-1234bde3cd05,FR
1631f599-16c8-11ed-9b5f-1234bde3cd05,FR
1631f9eb-16c8-11ed-9b5f-1234bde3cd05,US
1631fdb4-16c8-11ed-9b5f-1234bde3cd05,UA
163200d8-16c8-11ed-9b5f-1234bde3cd05,UA
16320472-16c8-11ed-9b5f-1234bde3cd05,FR
16320811-16c8-11ed-9b5f-1234bde3cd05,CA
16320c7e-16c8-11ed-9b5f-1234bde3cd05,CH
16320f8e-16c8-11ed-9b5f-1234bde3cd05,DE
163212b1-16c8-11ed-9b5f-1234bde3cd05,SE
163216bc-16c8-11ed-9b5f-1234bde3cd05,FR
163219f9-16c8-11ed-9b5f-1234bde3cd05,LT
16321d2a-16c8-11ed-9b5f-1234bde3cd05,LT
16322556-16c8-11ed-9b5f-1234bde3cd05,GB
1632287b-16c8-11ed-9b5f-1234bde3cd05,GB
16322b95-16c8-11ed-9b5f-1234bde3cd05,SI
16322f17-16c8-11ed-9b5f-1234bde3cd05,IT
1632323f-16c8-11ed-9b5f-1234bde3cd05,TH
163238ab-16c8-11ed-9b5f-1234bde3cd05,DE
16323be1-16c8-11ed-9b5f-1234bde3cd05,NI
16323fd4-16c8-11ed-9b5f-1234bde3cd05,DE
163245d3-16c8-11ed-9b5f-1234bde3cd05,NZ
16324d02-16c8-11ed-9b5f-1234bde3cd05,FR
16325326-16c8-11ed-9b5f-1234bde3cd05,LT
1632566e-16c8-11ed-9b5f-1234bde3cd05,RO
16325c8b-16c8-11ed-9b5f-1234bde3cd05,NZ
16325fca-16c8-11ed-9b5f-1234bde3cd05,FR
16326328-16c8-11ed-9b5f-1234bde3cd05,GB
16326a59-16c8-11ed-9b5f-1234bde3cd05,FR
16326d72-16c8-11ed-9b5f-1234bde3cd05,FR
16327088-16c8-11ed-9b5f-1234bde3cd05,IT
16327389-16c8-11ed-9b5f-1234bde3cd05,SE
163284f6-16c8-11ed-9b5f-1234bde3cd05,PL
16328845-16c8-11ed-9b5f-1234bde3cd05,PL
16328bea-16c8-11ed-9b5f-1234bde3cd05,PL
16328f95-16c8-11ed-9b5f-1234bde3cd05,PL
163292bb-16c8-11ed-9b5f-1234bde3cd05,PL
1632a07d-16c8-11ed-9b5f-1234bde3cd05,PL
1632a54e-16c8-11ed-9b5f-1234bde3cd05,PL
1632abbe-16c8-11ed-9b5f-1234bde3cd05,PL
1632b48d-16c8-11ed-9b5f-1234bde3cd05,PL
1632b7b1-16c8-11ed-9b5f-1234bde3cd05,PL
1632bad8-16c8-11ed-9b5f-1234bde3cd05,PL
1632be0d-16c8-11ed-9b5f-1234bde3cd05,PL
1632c168-16c8-11ed-9b5f-1234bde3cd05,PL
1632c4aa-16c8-11ed-9b5f-1234bde3cd05,PL
1632c965-16c8-11ed-9b5f-1234bde3cd05,PL
1632cc78-16c8-11ed-9b5f-1234bde3cd05,TH
1632cf79-16c8-11ed-9b5f-1234bde3cd05,PL
1632d2c8-16c8-11ed-9b5f-1234bde3cd05,SE
1632d5d2-16c8-11ed-9b5f-1234bde3cd05,NI
1632d8ce-16c8-11ed-9b5f-1234bde3cd05,NI
1632ddc2-16c8-11ed-9b5f-1234bde3cd05,SE
1632e102-16c8-11ed-9b5f-1234bde3cd05,DE
1632e405-16c8-11ed-9b5f-1234bde3cd05,JP
1632e7d8-16c8-11ed-9b5f-1234bde3cd05,IE
1632eadb-16c8-11ed-9b5f-1234bde3cd05,NZ
1632f208-16c8-11ed-9b5f-1234bde3cd05,FR
1632f4ff-16c8-11ed-9b5f-1234bde3cd05,CA
1632f836-16c8-11ed-9b5f-1234bde3cd05,IN
1632fbed-16c8-11ed-9b5f-1234bde3cd05,JP
1632ff67-16c8-11ed-9b5f-1234bde3cd05,FR
16330274-16c8-11ed-9b5f-1234bde3cd05,KW
1633097c-16c8-11ed-9b5f-1234bde3cd05,CN
16330c85-16c8-11ed-9b5f-1234bde3cd05,IR
163310d4-16c8-11ed-9b5f-1234bde3cd05,IN
163313c1-16c8-11ed-9b5f-1234bde3cd05,PT
16331a19-16c8-11ed-9b5f-1234bde3cd05,IT
16331d33-16c8-11ed-9b5f-1234bde3cd05,ES
16332141-16c8-11ed-9b5f-1234bde3cd05,CA
163951ef-16c8-11ed-9b5f-1234bde3cd05,MY
163df2d5-16c8-11ed-9b5f-1234bde3cd05,FR
163df900-16c8-11ed-9b5f-1234bde3cd05,FR
163dfc75-16c8-11ed-9b5f-1234bde3cd05,FR
1691112a-16c8-11ed-9b5f-1234bde3cd05,SE
1691160c-16c8-11ed-9b5f-1234bde3cd05,FR
169bddeb-16c8-11ed-9b5f-1234bde3cd05,FR
169be29f-16c8-11ed-9b5f-1234bde3cd05,FR
169be61a-16c8-11ed-9b5f-1234bde3cd05,NL
169becb2-16c8-11ed-9b5f-1234bde3cd05,IT
169bf043-16c8-11ed-9b5f-1234bde3cd05,AU
169bfad1-16c8-11ed-9b5f-1234bde3cd05,AU
169c0576-16c8-11ed-9b5f-1234bde3cd05,PL
169c08dd-16c8-11ed-9b5f-1234bde3cd05,PL
169c0c06-16c8-11ed-9b5f-1234bde3cd05,PL
169c0f9d-16c8-11ed-9b5f-1234bde3cd05,GB
169c15b4-16c8-11ed-9b5f-1234bde3cd05,CN
169c1c0b-16c8-11ed-9b5f-1234bde3cd05,CH
169c1f2c-16c8-11ed-9b5f-1234bde3cd05,AT
169c22ac-16c8-11ed-9b5f-1234bde3cd05,DE
169c25ec-16c8-11ed-9b5f-1234bde3cd05,DE
169c28dd-16c8-11ed-9b5f-1234bde3cd05,DE
169c2bd1-16c8-11ed-9b5f-1234bde3cd05,DE
169c2eea-16c8-11ed-9b5f-1234bde3cd05,DE
169c3207-16c8-11ed-9b5f-1234bde3cd05,DE
169c3502-16c8-11ed-9b5f-1234bde3cd05,GB
169c3850-16c8-11ed-9b5f-1234bde3cd05,DE
169c3b8f-16c8-11ed-9b5f-1234bde3cd05,AU
169f527e-16c8-11ed-9b5f-1234bde3cd05,DE
169f5c4d-16c8-11ed-9b5f-1234bde3cd05,BE
169f6310-16c8-11ed-9b5f-1234bde3cd05,DE
169f6735-16c8-11ed-9b5f-1234bde3cd05,BE
169f6edc-16c8-11ed-9b5f-1234bde3cd05,FR
169f721d-16c8-11ed-9b5f-1234bde3cd05,AT
16a412c1-16c8-11ed-9b5f-1234bde3cd05,FR
16a41628-16c8-11ed-9b5f-1234bde3cd05,FR
16a41937-16c8-11ed-9b5f-1234bde3cd05,FR
16a41c64-16c8-11ed-9b5f-1234bde3cd05,IT
16a41fa6-16c8-11ed-9b5f-1234bde3cd05,DE
16a426e7-16c8-11ed-9b5f-1234bde3cd05,FR
16a42a05-16c8-11ed-9b5f-1234bde3cd05,FR
16a42cf1-16c8-11ed-9b5f-1234bde3cd05,AT
16a4300e-16c8-11ed-9b5f-1234bde3cd05,AT
16a4335a-16c8-11ed-9b5f-1234bde3cd05,DE
16a437f5-16c8-11ed-9b5f-1234bde3cd05,NZ
16a43b87-16c8-11ed-9b5f-1234bde3cd05,NZ
16a43ef1-16c8-11ed-9b5f-1234bde3cd05,FR
16a441ee-16c8-11ed-9b5f-1234bde3cd05,FR
16a444f7-16c8-11ed-9b5f-1234bde3cd05,AT
16aa7195-16c8-11ed-9b5f-1234bde3cd05,FR
16aa770d-16c8-11ed-9b5f-1234bde3cd05,FR
16b3b4e6-16c8-11ed-9b5f-1234bde3cd05,FR
16b3b868-16c8-11ed-9b5f-1234bde3cd05,FR
16b3bb8a-16c8-11ed-9b5f-1234bde3cd05,GB
16b3bea6-16c8-11ed-9b5f-1234bde3cd05,FR
16b3c6f8-16c8-11ed-9b5f-1234bde3cd05,FR
16b3cf4d-16c8-11ed-9b5f-1234bde3cd05,FR
16b3d993-16c8-11ed-9b5f-1234bde3cd05,FR
16b3dc8d-16c8-11ed-9b5f-1234bde3cd05,FR
16b3e446-16c8-11ed-9b5f-1234bde3cd05,AT
16b3e80e-16c8-11ed-9b5f-1234bde3cd05,AT
16b3eb4d-16c8-11ed-9b5f-1234bde3cd05,DE
16b3ef9e-16c8-11ed-9b5f-1234bde3cd05,US
16b3f363-16c8-11ed-9b5f-1234bde3cd05,FR
16b3f70b-16c8-11ed-9b5f-1234bde3cd05,CA
16b3fbc2-16c8-11ed-9b5f-1234bde3cd05,CA
16c04fae-16c8-11ed-9b5f-1234bde3cd05,CN
16c056d5-16c8-11ed-9b5f-1234bde3cd05,FR
16c059fa-16c8-11ed-9b5f-1234bde3cd05,FR
16c05d25-16c8-11ed-9b5f-1234bde3cd05,FR
16c0602a-16c8-11ed-9b5f-1234bde3cd05,FR
16c06346-16c8-11ed-9b5f-1234bde3cd05,DE
16c06656-16c8-11ed-9b5f-1234bde3cd05,CN
16c07302-16c8-11ed-9b5f-1234bde3cd05,IN
16c0761e-16c8-11ed-9b5f-1234bde3cd05,DE
16e3e8ac-16c8-11ed-9b5f-1234bde3cd05,FR
16e3eeae-16c8-11ed-9b5f-1234bde3cd05,CA
16e40708-16c8-11ed-9b5f-1234bde3cd05,CA
16e40de4-16c8-11ed-9b5f-1234bde3cd05,AT
16e412db-16c8-11ed-9b5f-1234bde3cd05,AT
16e417c2-16c8-11ed-9b5f-1234bde3cd05,RU
16e41f11-16c8-11ed-9b5f-1234bde3cd05,FR
16e42492-16c8-11ed-9b5f-1234bde3cd05,FR
16e433df-16c8-11ed-9b5f-1234bde3cd05,FR
16e44051-16c8-11ed-9b5f-1234bde3cd05,CA
16e4467c-16c8-11ed-9b5f-1234bde3cd05,CA
16e44da1-16c8-11ed-9b5f-1234bde3cd05,CA
16e45484-16c8-11ed-9b5f-1234bde3cd05,CA
16e45b48-16c8-11ed-9b5f-1234bde3cd05,CA
16e47281-16c8-11ed-9b5f-1234bde3cd05,CA
16e478b7-16c8-11ed-9b5f-1234bde3cd05,CA
16e47e73-16c8-11ed-9b5f-1234bde3cd05,PL
16e4890d-16c8-11ed-9b5f-1234bde3cd05,PL
16e49400-16c8-11ed-9b5f-1234bde3cd05,PL
16e497cc-16c8-11ed-9b5f-1234bde3cd05,PL
17035ced-16c8-11ed-9b5f-1234bde3cd05,PL
17036161-16c8-11ed-9b5f-1234bde3cd05,PL
170364f2-16c8-11ed-9b5f-1234bde3cd05,PL
170368a7-16c8-11ed-9b5f-1234bde3cd05,PL
17036bec-16c8-11ed-9b5f-1234bde3cd05,FR
17037160-16c8-11ed-9b5f-1234bde3cd05,FR
170374da-16c8-11ed-9b5f-1234bde3cd05,IT
1703782c-16c8-11ed-9b5f-1234bde3cd05,CH
17037b72-16c8-11ed-9b5f-1234bde3cd05,GB
17037f14-16c8-11ed-9b5f-1234bde3cd05,NL
17038840-16c8-11ed-9b5f-1234bde3cd05,AU
17038bdf-16c8-11ed-9b5f-1234bde3cd05,SE
17039279-16c8-11ed-9b5f-1234bde3cd05,CN
170396e3-16c8-11ed-9b5f-1234bde3cd05,CA
17039b5d-16c8-11ed-9b5f-1234bde3cd05,CA
1703a01c-16c8-11ed-9b5f-1234bde3cd05,CA
1703a3ca-16c8-11ed-9b5f-1234bde3cd05,GB
1703ab8c-16c8-11ed-9b5f-1234bde3cd05,GB
1703b270-16c8-11ed-9b5f-1234bde3cd05,GB
1703b98e-16c8-11ed-9b5f-1234bde3cd05,CN
17163028-16c8-11ed-9b5f-1234bde3cd05,CN
1716376a-16c8-11ed-9b5f-1234bde3cd05,GB
17163eac-16c8-11ed-9b5f-1234bde3cd05,GB
171645b4-16c8-11ed-9b5f-1234bde3cd05,GB
17164c8e-16c8-11ed-9b5f-1234bde3cd05,GB
17165aff-16c8-11ed-9b5f-1234bde3cd05,GB
171663ad-16c8-11ed-9b5f-1234bde3cd05,GB
17166975-16c8-11ed-9b5f-1234bde3cd05,CA
17166d13-16c8-11ed-9b5f-1234bde3cd05,IT
1716751d-16c8-11ed-9b5f-1234bde3cd05,TH
171679ff-16c8-11ed-9b5f-1234bde3cd05,BE
17167cff-16c8-11ed-9b5f-1234bde3cd05,AT
171cb0de-16c8-11ed-9b5f-1234bde3cd05,NO
171cb529-16c8-11ed-9b5f-1234bde3cd05,GR
172f2c64-16c8-11ed-9b5f-1234bde3cd05,IM
1730bcea-16c8-11ed-9b5f-1234bde3cd05,CA
1730c071-16c8-11ed-9b5f-1234bde3cd05,CN
1730c437-16c8-11ed-9b5f-1234bde3cd05,US
1730c79e-16c8-11ed-9b5f-1234bde3cd05,GB
1730e2f8-16c8-11ed-9b5f-1234bde3cd05,DE
1730e6e1-16c8-11ed-9b5f-1234bde3cd05,DE
1730edf7-16c8-11ed-9b5f-1234bde3cd05,PL
1730f158-16c8-11ed-9b5f-1234bde3cd05,PL
1730f486-16c8-11ed-9b5f-1234bde3cd05,PL
1730f7f1-16c8-11ed-9b5f-1234bde3cd05,FR
1730fea0-16c8-11ed-9b5f-1234bde3cd05,HU
17310249-16c8-11ed-9b5f-1234bde3cd05,IT
17310bc3-16c8-11ed-9b5f-1234bde3cd05,AU
1731103d-16c8-11ed-9b5f-1234bde3cd05,US
173114c4-16c8-11ed-9b5f-1234bde3cd05,CH
17311e0d-16c8-11ed-9b5f-1234bde3cd05,DE
17312149-16c8-11ed-9b5f-1234bde3cd05,DE
17312475-16c8-11ed-9b5f-1234bde3cd05,GR
17312795-16c8-11ed-9b5f-1234bde3cd05,DE
17312ad0-16c8-11ed-9b5f-1234bde3cd05,BJ
17312e26-16c8-11ed-9b5f-1234bde3cd05,CH
17313a55-16c8-11ed-9b5f-1234bde3cd05,CN
17313d76-16c8-11ed-9b5f-1234bde3cd05,FR
17314076-16c8-11ed-9b5f-1234bde3cd05,IN
17314401-16c8-11ed-9b5f-1234bde3cd05,NZ
1731473e-16c8-11ed-9b5f-1234bde3cd05,NZ
173150a3-16c8-11ed-9b5f-1234bde3cd05,CN
173153a9-16c8-11ed-9b5f-1234bde3cd05,GB
17315cfa-16c8-11ed-9b5f-1234bde3cd05,BE
17316008-16c8-11ed-9b5f-1234bde3cd05,GB
1731682d-16c8-11ed-9b5f-1234bde3cd05,US
17316da9-16c8-11ed-9b5f-1234bde3cd05,US
1731719a-16c8-11ed-9b5f-1234bde3cd05,AU
173175c2-16c8-11ed-9b5f-1234bde3cd05,AU
173178f2-16c8-11ed-9b5f-1234bde3cd05,IT
173184a1-16c8-11ed-9b5f-1234bde3cd05,CN
17318781-16c8-11ed-9b5f-1234bde3cd05,IT
17318a98-16c8-11ed-9b5f-1234bde3cd05,IT
17319730-16c8-11ed-9b5f-1234bde3cd05,SE
17319a99-16c8-11ed-9b5f-1234bde3cd05,NZ
17319dac-16c8-11ed-9b5f-1234bde3cd05,PL
1731a50b-16c8-11ed-9b5f-1234bde3cd05,CA
1731a861-16c8-11ed-9b5f-1234bde3cd05,AU
1731ac26-16c8-11ed-9b5f-1234bde3cd05,DE
1731af6c-16c8-11ed-9b5f-1234bde3cd05,SE
1731b2c0-16c8-11ed-9b5f-1234bde3cd05,FR
1731b5b8-16c8-11ed-9b5f-1234bde3cd05,AU
1731bbce-16c8-11ed-9b5f-1234bde3cd05,CN
1731c299-16c8-11ed-9b5f-1234bde3cd05,US
1737ed5a-16c8-11ed-9b5f-1234bde3cd05,NZ
1737f5af-16c8-11ed-9b5f-1234bde3cd05,CA
1737fa2f-16c8-11ed-9b5f-1234bde3cd05,US
1737fe02-16c8-11ed-9b5f-1234bde3cd05,TH
17380259-16c8-11ed-9b5f-1234bde3cd05,CN
17380579-16c8-11ed-9b5f-1234bde3cd05,GB
173808ad-16c8-11ed-9b5f-1234bde3cd05,FR
1738345a-16c8-11ed-9b5f-1234bde3cd05,IT
17383aa2-16c8-11ed-9b5f-1234bde3cd05,BE
17383d9f-16c8-11ed-9b5f-1234bde3cd05,RS
173840af-16c8-11ed-9b5f-1234bde3cd05,FR
1738474b-16c8-11ed-9b5f-1234bde3cd05,CA
17384ba1-16c8-11ed-9b5f-1234bde3cd05,US
17384f4c-16c8-11ed-9b5f-1234bde3cd05,DE
173cfe81-16c8-11ed-9b5f-1234bde3cd05,BE
173d051e-16c8-11ed-9b5f-1234bde3cd05,NZ
173d0cf8-16c8-11ed-9b5f-1234bde3cd05,JP
173d1065-16c8-11ed-9b5f-1234bde3cd05,JP
173d14fe-16c8-11ed-9b5f-1234bde3cd05,US
173d1ad7-16c8-11ed-9b5f-1234bde3cd05,GB
173d1e39-16c8-11ed-9b5f-1234bde3cd05,AT
173eafa9-16c8-11ed-9b5f-1234bde3cd05,NZ
173eb496-16c8-11ed-9b5f-1234bde3cd05,NZ
173eb7d6-16c8-11ed-9b5f-1234bde3cd05,IN
173ebb0b-16c8-11ed-9b5f-1234bde3cd05,NZ
173ebe8b-16c8-11ed-9b5f-1234bde3cd05,NZ
173ec19e-16c8-11ed-9b5f-1234bde3cd05,NZ
173ec50e-16c8-11ed-9b5f-1234bde3cd05,FR
173ec80e-16c8-11ed-9b5f-1234bde3cd05,IN
173ecbc1-16c8-11ed-9b5f-1234bde3cd05,AT
173ed272-16c8-11ed-9b5f-1234bde3cd05,AT
173ed583-16c8-11ed-9b5f-1234bde3cd05,PL
173ed8ce-16c8-11ed-9b5f-1234bde3cd05,SE
173edc05-16c8-11ed-9b5f-1234bde3cd05,DE
173edf1e-16c8-11ed-9b5f-1234bde3cd05,DE
173eebdb-16c8-11ed-9b5f-1234bde3cd05,TL
174cc9ab-16c8-11ed-9b5f-1234bde3cd05,TL
174cd3ea-16c8-11ed-9b5f-1234bde3cd05,US
174cd883-16c8-11ed-9b5f-1234bde3cd05,GB
174d0f84-16c8-11ed-9b5f-1234bde3cd05,GB
174d134c-16c8-11ed-9b5f-1234bde3cd05,GB
174d2f93-16c8-11ed-9b5f-1234bde3cd05,GB
174d3b51-16c8-11ed-9b5f-1234bde3cd05,CH
174d4cd8-16c8-11ed-9b5f-1234bde3cd05,GB
174d5530-16c8-11ed-9b5f-1234bde3cd05,GB
174d62e1-16c8-11ed-9b5f-1234bde3cd05,CA
174d6800-16c8-11ed-9b5f-1234bde3cd05,GB
174d7ad3-16c8-11ed-9b5f-1234bde3cd05,CA
174d7e70-16c8-11ed-9b5f-1234bde3cd05,GB
174d8233-16c8-11ed-9b5f-1234bde3cd05,BE
174d8ca6-16c8-11ed-9b5f-1234bde3cd05,RU
174d940e-16c8-11ed-9b5f-1234bde3cd05,VE
174d9751-16c8-11ed-9b5f-1234bde3cd05,FR
174d9a57-16c8-11ed-9b5f-1234bde3cd05,FR
174d9d7a-16c8-11ed-9b5f-1234bde3cd05,IN
174da0e7-16c8-11ed-9b5f-1234bde3cd05,JP
174da474-16c8-11ed-9b5f-1234bde3cd05,JP
174da8f9-16c8-11ed-9b5f-1234bde3cd05,LK
17ec1473-16c8-11ed-9b5f-1234bde3cd05,LK
17ec1a54-16c8-11ed-9b5f-1234bde3cd05,FR
17ec1faf-16c8-11ed-9b5f-1234bde3cd05,CN
17ec24c0-16c8-11ed-9b5f-1234bde3cd05,DE
17ec29cd-16c8-11ed-9b5f-1234bde3cd05,GB
17f257b6-16c8-11ed-9b5f-1234bde3cd05,GB
17f25c9a-16c8-11ed-9b5f-1234bde3cd05,JP
17f263e6-16c8-11ed-9b5f-1234bde3cd05,BE
17f269be-16c8-11ed-9b5f-1234bde3cd05,BE
17f26e66-16c8-11ed-9b5f-1234bde3cd05,BE
17f27321-16c8-11ed-9b5f-1234bde3cd05,DE
17f277f9-16c8-11ed-9b5f-1234bde3cd05,BE
17f27c98-16c8-11ed-9b5f-1234bde3cd05,BE
17f28124-16c8-11ed-9b5f-1234bde3cd05,BE
17f2856c-16c8-11ed-9b5f-1234bde3cd05,BE
17f28ab6-16c8-11ed-9b5f-1234bde3cd05,BE
17f293df-16c8-11ed-9b5f-1234bde3cd05,AU
17f2993c-16c8-11ed-9b5f-1234bde3cd05,RU
17f2a6dd-16c8-11ed-9b5f-1234bde3cd05,GB
17f2c070-16c8-11ed-9b5f-1234bde3cd05,AU
17f2c64c-16c8-11ed-9b5f-1234bde3cd05,MC
17f2dddf-16c8-11ed-9b5f-1234bde3cd05,GB
17f2e4dc-16c8-11ed-9b5f-1234bde3cd05,CA
17f2ee11-16c8-11ed-9b5f-1234bde3cd05,US
17f2f6b9-16c8-11ed-9b5f-1234bde3cd05,RU
17f2fbe7-16c8-11ed-9b5f-1234bde3cd05,IN
17f30107-16c8-11ed-9b5f-1234bde3cd05,AU
17f30adf-16c8-11ed-9b5f-1234bde3cd05,GB
17f311aa-16c8-11ed-9b5f-1234bde3cd05,GB
17f31916-16c8-11ed-9b5f-1234bde3cd05,GB
17f32234-16c8-11ed-9b5f-1234bde3cd05,GB
17f32dd1-16c8-11ed-9b5f-1234bde3cd05,GB
17f33750-16c8-11ed-9b5f-1234bde3cd05,DE
17f33c1b-16c8-11ed-9b5f-1234bde3cd05,IT
17f34df9-16c8-11ed-9b5f-1234bde3cd05,GB
17f7f348-16c8-11ed-9b5f-1234bde3cd05,US
17f80de1-16c8-11ed-9b5f-1234bde3cd05,AU
17f9a156-16c8-11ed-9b5f-1234bde3cd05,RU
17f9a7aa-16c8-11ed-9b5f-1234bde3cd05,AU
17f9ab85-16c8-11ed-9b5f-1234bde3cd05,AU
17f9b0af-16c8-11ed-9b5f-1234bde3cd05,GH
17f9b56e-16c8-11ed-9b5f-1234bde3cd05,BE
17f9b9eb-16c8-11ed-9b5f-1234bde3cd05,JP
17f9bf52-16c8-11ed-9b5f-1234bde3cd05,GB
17f9c50d-16c8-11ed-9b5f-1234bde3cd05,GB
17f9ca5c-16c8-11ed-9b5f-1234bde3cd05,GB
17f9cf0d-16c8-11ed-9b5f-1234bde3cd05,GB
17f9d3c6-16c8-11ed-9b5f-1234bde3cd05,GB
17f9e7cc-16c8-11ed-9b5f-1234bde3cd05,US
17f9f5f5-16c8-11ed-9b5f-1234bde3cd05,US
17f9fcd2-16c8-11ed-9b5f-1234bde3cd05,GH
17fa01d2-16c8-11ed-9b5f-1234bde3cd05,IT
17fa07c1-16c8-11ed-9b5f-1234bde3cd05,DE
17fa0c94-16c8-11ed-9b5f-1234bde3cd05,JP
17fa11d6-16c8-11ed-9b5f-1234bde3cd05,IT
17fa1663-16c8-11ed-9b5f-1234bde3cd05,NZ
17fa1b12-16c8-11ed-9b5f-1234bde3cd05,DE
17fa209f-16c8-11ed-9b5f-1234bde3cd05,US
17fa25de-16c8-11ed-9b5f-1234bde3cd05,DE
17fa2f1e-16c8-11ed-9b5f-1234bde3cd05,JP
17fa366d-16c8-11ed-9b5f-1234bde3cd05,HU
17fa3cb8-16c8-11ed-9b5f-1234bde3cd05,US
17fa41ef-16c8-11ed-9b5f-1234bde3cd05,AU
17fa474a-16c8-11ed-9b5f-1234bde3cd05,CN
17fa55a8-16c8-11ed-9b5f-1234bde3cd05,DE
17fa5a11-16c8-11ed-9b5f-1234bde3cd05,DE
180e6374-16c8-11ed-9b5f-1234bde3cd05,GB
180e71e7-16c8-11ed-9b5f-1234bde3cd05,FR
180e76a0-16c8-11ed-9b5f-1234bde3cd05,RU
180e7b9d-16c8-11ed-9b5f-1234bde3cd05,NO
180e82b3-16c8-11ed-9b5f-1234bde3cd05,DE
18119c5b-16c8-11ed-9b5f-1234bde3cd05,DE
1811a155-16c8-11ed-9b5f-1234bde3cd05,DE
1811a5e9-16c8-11ed-9b5f-1234bde3cd05,DE
1811ac2e-16c8-11ed-9b5f-1234bde3cd05,DE
1811b690-16c8-11ed-9b5f-1234bde3cd05,DE
1811bb5e-16c8-11ed-9b5f-1234bde3cd05,JP
1811c27e-16c8-11ed-9b5f-1234bde3cd05,IT
1811c73c-16c8-11ed-9b5f-1234bde3cd05,GB
1811d7b9-16c8-11ed-9b5f-1234bde3cd05,GB
1811e2f9-16c8-11ed-9b5f-1234bde3cd05,GB
1811f334-16c8-11ed-9b5f-1234bde3cd05,GB
1811f8b9-16c8-11ed-9b5f-1234bde3cd05,US
18120ac9-16c8-11ed-9b5f-1234bde3cd05,HU
18121075-16c8-11ed-9b5f-1234bde3cd05,SE
18121b36-16c8-11ed-9b5f-1234bde3cd05,GB
18122266-16c8-11ed-9b5f-1234bde3cd05,DK
181226db-16c8-11ed-9b5f-1234bde3cd05,IN
18122ba4-16c8-11ed-9b5f-1234bde3cd05,GB
18123c02-16c8-11ed-9b5f-1234bde3cd05,IN
18124563-16c8-11ed-9b5f-1234bde3cd05,DE
181249db-16c8-11ed-9b5f-1234bde3cd05,GR
18124eb8-16c8-11ed-9b5f-1234bde3cd05,DE
1812536f-16c8-11ed-9b5f-1234bde3cd05,DE
1812613f-16c8-11ed-9b5f-1234bde3cd05,BE
1812660f-16c8-11ed-9b5f-1234bde3cd05,JP
18126bb2-16c8-11ed-9b5f-1234bde3cd05,GB
181271e4-16c8-11ed-9b5f-1234bde3cd05,BE
1812764b-16c8-11ed-9b5f-1234bde3cd05,IN
18127b63-16c8-11ed-9b5f-1234bde3cd05,GB
181280e9-16c8-11ed-9b5f-1234bde3cd05,CA
181287b0-16c8-11ed-9b5f-1234bde3cd05,IN
18128c10-16c8-11ed-9b5f-1234bde3cd05,IN
18129546-16c8-11ed-9b5f-1234bde3cd05,FI
181299bf-16c8-11ed-9b5f-1234bde3cd05,DE
1812a320-16c8-11ed-9b5f-1234bde3cd05,DE
1812ac54-16c8-11ed-9b5f-1234bde3cd05,DE
1812b0e6-16c8-11ed-9b5f-1234bde3cd05,IR
1812b9e6-16c8-11ed-9b5f-1234bde3cd05,LK
18319196-16c8-11ed-9b5f-1234bde3cd05,CA
18319791-16c8-11ed-9b5f-1234bde3cd05,GB
18319d0a-16c8-11ed-9b5f-1234bde3cd05,GR
1831a2a8-16c8-11ed-9b5f-1234bde3cd05,CA
1831d82a-16c8-11ed-9b5f-1234bde3cd05,LU
1831e35f-16c8-11ed-9b5f-1234bde3cd05,CA
1831e919-16c8-11ed-9b5f-1234bde3cd05,CA
1831f518-16c8-11ed-9b5f-1234bde3cd05,JP
183200e6-16c8-11ed-9b5f-1234bde3cd05,DE
18320597-16c8-11ed-9b5f-1234bde3cd05,GL
18320a45-16c8-11ed-9b5f-1234bde3cd05,JP
18321007-16c8-11ed-9b5f-1234bde3cd05,IN
1832147c-16c8-11ed-9b5f-1234bde3cd05,HU
18321a10-16c8-11ed-9b5f-1234bde3cd05,HU
18321fa5-16c8-11ed-9b5f-1234bde3cd05,CA
1832240b-16c8-11ed-9b5f-1234bde3cd05,CA
18322846-16c8-11ed-9b5f-1234bde3cd05,CA
18322e07-16c8-11ed-9b5f-1234bde3cd05,CA
18323268-16c8-11ed-9b5f-1234bde3cd05,CA
18323746-16c8-11ed-9b5f-1234bde3cd05,CA
18323b8c-16c8-11ed-9b5f-1234bde3cd05,CA
183242a4-16c8-11ed-9b5f-1234bde3cd05,JP
18324ad7-16c8-11ed-9b5f-1234bde3cd05,VE
18325001-16c8-11ed-9b5f-1234bde3cd05,JP
1832784a-16c8-11ed-9b5f-1234bde3cd05,GB
183281b3-16c8-11ed-9b5f-1234bde3cd05,VE
18328ab8-16c8-11ed-9b5f-1234bde3cd05,VE
18328f4c-16c8-11ed-9b5f-1234bde3cd05,DE
183293ab-16c8-11ed-9b5f-1234bde3cd05,DE
18329819-16c8-11ed-9b5f-1234bde3cd05,FR
1832a31e-16c8-11ed-9b5f-1234bde3cd05,GB
1832aaa3-16c8-11ed-9b5f-1234bde3cd05,JP
1832af98-16c8-11ed-9b5f-1234bde3cd05,JP
1832b50f-16c8-11ed-9b5f-1234bde3cd05,AU
1832ba17-16c8-11ed-9b5f-1234bde3cd05,FI
1832beeb-16c8-11ed-9b5f-1234bde3cd05,CN
1832cf12-16c8-11ed-9b5f-1234bde3cd05,JP
1832d3dc-16c8-11ed-9b5f-1234bde3cd05,JP
1832e16c-16c8-11ed-9b5f-1234bde3cd05,VN
1832e60b-16c8-11ed-9b5f-1234bde3cd05,AU
1832ea6d-16c8-11ed-9b5f-1234bde3cd05,AU
1832f49d-16c8-11ed-9b5f-1234bde3cd05,JP
1832fb26-16c8-11ed-9b5f-1234bde3cd05,US
18330124-16c8-11ed-9b5f-1234bde3cd05,DE
183305ab-16c8-11ed-9b5f-1234bde3cd05,ID
18330f62-16c8-11ed-9b5f-1234bde3cd05,DE
18331a1b-16c8-11ed-9b5f-1234bde3cd05,BM
18332f72-16c8-11ed-9b5f-1234bde3cd05,TM
18333413-16c8-11ed-9b5f-1234bde3cd05,JP
18333b4a-16c8-11ed-9b5f-1234bde3cd05,VN
18334003-16c8-11ed-9b5f-1234bde3cd05,IN
1833446d-16c8-11ed-9b5f-1234bde3cd05,AU
18334a10-16c8-11ed-9b5f-1234bde3cd05,BH
18334eea-16c8-11ed-9b5f-1234bde3cd05,ES
18335700-16c8-11ed-9b5f-1234bde3cd05,GB
18335b86-16c8-11ed-9b5f-1234bde3cd05,GB
18335ff4-16c8-11ed-9b5f-1234bde3cd05,LU
18336a73-16c8-11ed-9b5f-1234bde3cd05,LU
18336f96-16c8-11ed-9b5f-1234bde3cd05,GB
18337455-16c8-11ed-9b5f-1234bde3cd05,AU
18338044-16c8-11ed-9b5f-1234bde3cd05,DE
18338726-16c8-11ed-9b5f-1234bde3cd05,DE
1836a4d2-16c8-11ed-9b5f-1234bde3cd05,DE
1836b05f-16c8-11ed-9b5f-1234bde3cd05,DE
1836b549-16c8-11ed-9b5f-1234bde3cd05,IR
1836ba2c-16c8-11ed-9b5f-1234bde3cd05,CH
1836c850-16c8-11ed-9b5f-1234bde3cd05,CL
1836cedf-16c8-11ed-9b5f-1234bde3cd05,CA
1847c8f5-16c8-11ed-9b5f-1234bde3cd05,LK
1847d592-16c8-11ed-9b5f-1234bde3cd05,LT
1847e35e-16c8-11ed-9b5f-1234bde3cd05,MU
1847e7e7-16c8-11ed-9b5f-1234bde3cd05,JP
1847f259-16c8-11ed-9b5f-1234bde3cd05,DE
1847f6f9-16c8-11ed-9b5f-1234bde3cd05,AU
1847fcf1-16c8-11ed-9b5f-1234bde3cd05,US
184802b4-16c8-11ed-9b5f-1234bde3cd05,GB
1848074c-16c8-11ed-9b5f-1234bde3cd05,DE
18480bc7-16c8-11ed-9b5f-1234bde3cd05,DE
1848102d-16c8-11ed-9b5f-1234bde3cd05,DE
18481452-16c8-11ed-9b5f-1234bde3cd05,TT
184818f9-16c8-11ed-9b5f-1234bde3cd05,TT
18481f55-16c8-11ed-9b5f-1234bde3cd05,TT
18482568-16c8-11ed-9b5f-1234bde3cd05,TT
185aa4b7-16c8-11ed-9b5f-1234bde3cd05,GB
185aad1c-16c8-11ed-9b5f-1234bde3cd05,GB
185ab36c-16c8-11ed-9b5f-1234bde3cd05,BY
185ab831-16c8-11ed-9b5f-1234bde3cd05,IN
185abcfb-16c8-11ed-9b5f-1234bde3cd05,IN
185ac655-16c8-11ed-9b5f-1234bde3cd05,AU
185acb7a-16c8-11ed-9b5f-1234bde3cd05,FR
185c5ce3-16c8-11ed-9b5f-1234bde3cd05,IT
187cb88f-16c8-11ed-9b5f-1234bde3cd05,GB
187fd915-16c8-11ed-9b5f-1234bde3cd05,SE
187fe447-16c8-11ed-9b5f-1234bde3cd05,CN
187fe965-16c8-11ed-9b5f-1234bde3cd05,JP
187ff5ec-16c8-11ed-9b5f-1234bde3cd05,AU
187ffada-16c8-11ed-9b5f-1234bde3cd05,LK
187fffcd-16c8-11ed-9b5f-1234bde3cd05,SE
188004f7-16c8-11ed-9b5f-1234bde3cd05,GH
188009cb-16c8-11ed-9b5f-1234bde3cd05,DE
18801e85-16c8-11ed-9b5f-1234bde3cd05,NZ
1880246e-16c8-11ed-9b5f-1234bde3cd05,US
188033a1-16c8-11ed-9b5f-1234bde3cd05,GH
1884d8a6-16c8-11ed-9b5f-1234bde3cd05,US
1884e0de-16c8-11ed-9b5f-1234bde3cd05,LK
1892c669-16c8-11ed-9b5f-1234bde3cd05,IT
1892d652-16c8-11ed-9b5f-1234bde3cd05,AU
1892db35-16c8-11ed-9b5f-1234bde3cd05,JP
1892dfff-16c8-11ed-9b5f-1234bde3cd05,JP
1892eb20-16c8-11ed-9b5f-1234bde3cd05,GB
1892efd9-16c8-11ed-9b5f-1234bde3cd05,AU
1892f5d8-16c8-11ed-9b5f-1234bde3cd05,GB
1892fa7e-16c8-11ed-9b5f-1234bde3cd05,FR
1893009c-16c8-11ed-9b5f-1234bde3cd05,US
18930790-16c8-11ed-9b5f-1234bde3cd05,TT
18930e1f-16c8-11ed-9b5f-1234bde3cd05,CA
1893131d-16c8-11ed-9b5f-1234bde3cd05,SE
189317d0-16c8-11ed-9b5f-1234bde3cd05,SE
18931c55-16c8-11ed-9b5f-1234bde3cd05,GB
189320d2-16c8-11ed-9b5f-1234bde3cd05,ID
189325fe-16c8-11ed-9b5f-1234bde3cd05,AU
18932b59-16c8-11ed-9b5f-1234bde3cd05,FR
18932fda-16c8-11ed-9b5f-1234bde3cd05,FR
18933452-16c8-11ed-9b5f-1234bde3cd05,FR
18933a0c-16c8-11ed-9b5f-1234bde3cd05,FR
189342e7-16c8-11ed-9b5f-1234bde3cd05,FR
18934743-16c8-11ed-9b5f-1234bde3cd05,FR
18934bb7-16c8-11ed-9b5f-1234bde3cd05,FR
18935027-16c8-11ed-9b5f-1234bde3cd05,FR
189354a2-16c8-11ed-9b5f-1234bde3cd05,FR
1893594f-16c8-11ed-9b5f-1234bde3cd05,FR
18935e6e-16c8-11ed-9b5f-1234bde3cd05,FR
18936300-16c8-11ed-9b5f-1234bde3cd05,FR
18936783-16c8-11ed-9b5f-1234bde3cd05,FR
18936bd9-16c8-11ed-9b5f-1234bde3cd05,FR
1893703b-16c8-11ed-9b5f-1234bde3cd05,FR
18937499-16c8-11ed-9b5f-1234bde3cd05,FR
189381e2-16c8-11ed-9b5f-1234bde3cd05,GB
18938cb4-16c8-11ed-9b5f-1234bde3cd05,FR
189394cd-16c8-11ed-9b5f-1234bde3cd05,CL
18939a5e-16c8-11ed-9b5f-1234bde3cd05,FR
18939ea6-16c8-11ed-9b5f-1234bde3cd05,FR
1893a350-16c8-11ed-9b5f-1234bde3cd05,FR
1893a7bd-16c8-11ed-9b5f-1234bde3cd05,FR
1893ac35-16c8-11ed-9b5f-1234bde3cd05,FR
1893b0b3-16c8-11ed-9b5f-1234bde3cd05,FR
1893b504-16c8-11ed-9b5f-1234bde3cd05,FR
1893b962-16c8-11ed-9b5f-1234bde3cd05,JP
1893bf64-16c8-11ed-9b5f-1234bde3cd05,FR
1893c43a-16c8-11ed-9b5f-1234bde3cd05,FR
1893c8c3-16c8-11ed-9b5f-1234bde3cd05,FR
1893cd7a-16c8-11ed-9b5f-1234bde3cd05,FR
1893d308-16c8-11ed-9b5f-1234bde3cd05,FR
1893d7a7-16c8-11ed-9b5f-1234bde3cd05,FR
1893dc45-16c8-11ed-9b5f-1234bde3cd05,FR
1893e0e4-16c8-11ed-9b5f-1234bde3cd05,FR
1893e766-16c8-11ed-9b5f-1234bde3cd05,FR
1893ebbd-16c8-11ed-9b5f-1234bde3cd05,FR
1893f013-16c8-11ed-9b5f-1234bde3cd05,FR
1893f461-16c8-11ed-9b5f-1234bde3cd05,FR
1893f90c-16c8-11ed-9b5f-1234bde3cd05,FR
18944601-16c8-11ed-9b5f-1234bde3cd05,FR
189454dd-16c8-11ed-9b5f-1234bde3cd05,FR
18945989-16c8-11ed-9b5f-1234bde3cd05,FR
189460e7-16c8-11ed-9b5f-1234bde3cd05,FR
18946587-16c8-11ed-9b5f-1234bde3cd05,DE
18946a77-16c8-11ed-9b5f-1234bde3cd05,DE
193c4bdb-16c8-11ed-9b5f-1234bde3cd05,US
193c514a-16c8-11ed-9b5f-1234bde3cd05,FR
193c54aa-16c8-11ed-9b5f-1234bde3cd05,FR
193c57d8-16c8-11ed-9b5f-1234bde3cd05,FR
193c5ae9-16c8-11ed-9b5f-1234bde3cd05,FR
193c5e0a-16c8-11ed-9b5f-1234bde3cd05,FR
193c6128-16c8-11ed-9b5f-1234bde3cd05,FR
193c6437-16c8-11ed-9b5f-1234bde3cd05,FR
193c6744-16c8-11ed-9b5f-1234bde3cd05,FR
193c6a5e-16c8-11ed-9b5f-1234bde3cd05,FR
193c6d6e-16c8-11ed-9b5f-1234bde3cd05,FR
193c748e-16c8-11ed-9b5f-1234bde3cd05,FR
193f9084-16c8-11ed-9b5f-1234bde3cd05,FR
193f9393-16c8-11ed-9b5f-1234bde3cd05,FR
193f96b8-16c8-11ed-9b5f-1234bde3cd05,FR
193fa034-16c8-11ed-9b5f-1234bde3cd05,FR
193fa322-16c8-11ed-9b5f-1234bde3cd05,FR
193fa904-16c8-11ed-9b5f-1234bde3cd05,FR
193fabe2-16c8-11ed-9b5f-1234bde3cd05,FR
193faeda-16c8-11ed-9b5f-1234bde3cd05,FR
193fb1c3-16c8-11ed-9b5f-1234bde3cd05,FR
193fb4b6-16c8-11ed-9b5f-1234bde3cd05,FR
193fbc5c-16c8-11ed-9b5f-1234bde3cd05,FR
193fbf8b-16c8-11ed-9b5f-1234bde3cd05,FR
193fc290-16c8-11ed-9b5f-1234bde3cd05,FR
193fc594-16c8-11ed-9b5f-1234bde3cd05,FR
19555281-16c8-11ed-9b5f-1234bde3cd05,FR
19555692-16c8-11ed-9b5f-1234bde3cd05,FR
195874ce-16c8-11ed-9b5f-1234bde3cd05,FR
19587b34-16c8-11ed-9b5f-1234bde3cd05,FR
19587e4c-16c8-11ed-9b5f-1234bde3cd05,FR
195882bc-16c8-11ed-9b5f-1234bde3cd05,FR
195885ce-16c8-11ed-9b5f-1234bde3cd05,FR
195888e6-16c8-11ed-9b5f-1234bde3cd05,FR
19588cbb-16c8-11ed-9b5f-1234bde3cd05,FR
1958930a-16c8-11ed-9b5f-1234bde3cd05,SE
196fa7c4-16c8-11ed-9b5f-1234bde3cd05,FR
196fabf9-16c8-11ed-9b5f-1234bde3cd05,FR
196faf2f-16c8-11ed-9b5f-1234bde3cd05,FR
196fb267-16c8-11ed-9b5f-1234bde3cd05,FR
196fb58c-16c8-11ed-9b5f-1234bde3cd05,FR
196fb881-16c8-11ed-9b5f-1234bde3cd05,FR
196fbba6-16c8-11ed-9b5f-1234bde3cd05,FR
196fc19c-16c8-11ed-9b5f-1234bde3cd05,FR
196fc8fa-16c8-11ed-9b5f-1234bde3cd05,AT
196fcdb1-16c8-11ed-9b5f-1234bde3cd05,AT
196fd0df-16c8-11ed-9b5f-1234bde3cd05,FR
196fd40e-16c8-11ed-9b5f-1234bde3cd05,AT
196fd91c-16c8-11ed-9b5f-1234bde3cd05,BE
196fdf8f-16c8-11ed-9b5f-1234bde3cd05,RU
196fe2b0-16c8-11ed-9b5f-1234bde3cd05,IN
196fe6ae-16c8-11ed-9b5f-1234bde3cd05,CA
196fea2e-16c8-11ed-9b5f-1234bde3cd05,RU
196fed77-16c8-11ed-9b5f-1234bde3cd05,GR
196ff097-16c8-11ed-9b5f-1234bde3cd05,DE
196ff39f-16c8-11ed-9b5f-1234bde3cd05,GR
196ffb1c-16c8-11ed-9b5f-1234bde3cd05,GB
197001fd-16c8-11ed-9b5f-1234bde3cd05,FR
19700b7f-16c8-11ed-9b5f-1234bde3cd05,DE
19700ea2-16c8-11ed-9b5f-1234bde3cd05,CN
197011cd-16c8-11ed-9b5f-1234bde3cd05,AU
19701519-16c8-11ed-9b5f-1234bde3cd05,DE
19701b49-16c8-11ed-9b5f-1234bde3cd05,FR
19701ea6-16c8-11ed-9b5f-1234bde3cd05,SK
1971ad5b-16c8-11ed-9b5f-1234bde3cd05,FR
1971b0bd-16c8-11ed-9b5f-1234bde3cd05,BE
1971b3d7-16c8-11ed-9b5f-1234bde3cd05,JP
1971b78f-16c8-11ed-9b5f-1234bde3cd05,CA
1971bbfc-16c8-11ed-9b5f-1234bde3cd05,CA
1971c10b-16c8-11ed-9b5f-1234bde3cd05,AU
1971c473-16c8-11ed-9b5f-1234bde3cd05,DE
1971c781-16c8-11ed-9b5f-1234bde3cd05,FR
1971cdb1-16c8-11ed-9b5f-1234bde3cd05,FR
1971d590-16c8-11ed-9b5f-1234bde3cd05,FR
1971d88d-16c8-11ed-9b5f-1234bde3cd05,FR
1971db79-16c8-11ed-9b5f-1234bde3cd05,FR
1971de62-16c8-11ed-9b5f-1234bde3cd05,FR
1971e17f-16c8-11ed-9b5f-1234bde3cd05,AU
1971e7b3-16c8-11ed-9b5f-1234bde3cd05,DE
1971ec51-16c8-11ed-9b5f-1234bde3cd05,DE
1971ef9e-16c8-11ed-9b5f-1234bde3cd05,DE
1971f2ba-16c8-11ed-9b5f-1234bde3cd05,DE
1971f6a8-16c8-11ed-9b5f-1234bde3cd05,DE
1971f9b8-16c8-11ed-9b5f-1234bde3cd05,DE
1971fe87-16c8-11ed-9b5f-1234bde3cd05,DE
197202e1-16c8-11ed-9b5f-1234bde3cd05,DE
19720754-16c8-11ed-9b5f-1234bde3cd05,DE
19720a65-16c8-11ed-9b5f-1234bde3cd05,DE
19720e64-16c8-11ed-9b5f-1234bde3cd05,DE
197212ca-16c8-11ed-9b5f-1234bde3cd05,DE
197216d0-16c8-11ed-9b5f-1234bde3cd05,DE
19722014-16c8-11ed-9b5f-1234bde3cd05,DE
197228fd-16c8-11ed-9b5f-1234bde3cd05,LB
19722cbd-16c8-11ed-9b5f-1234bde3cd05,HR
197231cc-16c8-11ed-9b5f-1234bde3cd05,NO
197234d4-16c8-11ed-9b5f-1234bde3cd05,GH
19723817-16c8-11ed-9b5f-1234bde3cd05,NL
19723b22-16c8-11ed-9b5f-1234bde3cd05,FR
19723e37-16c8-11ed-9b5f-1234bde3cd05,AU
197241ff-16c8-11ed-9b5f-1234bde3cd05,GB
1972468a-16c8-11ed-9b5f-1234bde3cd05,GB
19724a3d-16c8-11ed-9b5f-1234bde3cd05,RU
19724d5c-16c8-11ed-9b5f-1234bde3cd05,DE
19728422-16c8-11ed-9b5f-1234bde3cd05,DE
19728b2f-16c8-11ed-9b5f-1234bde3cd05,GB
197298b1-16c8-11ed-9b5f-1234bde3cd05,GB
19729eb2-16c8-11ed-9b5f-1234bde3cd05,DE
1972aab2-16c8-11ed-9b5f-1234bde3cd05,GB
1972b1c1-16c8-11ed-9b5f-1234bde3cd05,CA
1972b6b2-16c8-11ed-9b5f-1234bde3cd05,GB
1972bc0b-16c8-11ed-9b5f-1234bde3cd05,AU
1972c404-16c8-11ed-9b5f-1234bde3cd05,KR
1972d715-16c8-11ed-9b5f-1234bde3cd05,DE
1972dc7f-16c8-11ed-9b5f-1234bde3cd05,DE
1972e9f2-16c8-11ed-9b5f-1234bde3cd05,DE
1972f7ee-16c8-11ed-9b5f-1234bde3cd05,DE
1972fd4b-16c8-11ed-9b5f-1234bde3cd05,DE
19730356-16c8-11ed-9b5f-1234bde3cd05,AU
1973093c-16c8-11ed-9b5f-1234bde3cd05,NZ
19731a74-16c8-11ed-9b5f-1234bde3cd05,FR
19731f76-16c8-11ed-9b5f-1234bde3cd05,NL
197340b7-16c8-11ed-9b5f-1234bde3cd05,CA
19734d68-16c8-11ed-9b5f-1234bde3cd05,CA
19735cf2-16c8-11ed-9b5f-1234bde3cd05,SE
19736c46-16c8-11ed-9b5f-1234bde3cd05,GB
197374dd-16c8-11ed-9b5f-1234bde3cd05,GR
19737ab5-16c8-11ed-9b5f-1234bde3cd05,PT
19737fe3-16c8-11ed-9b5f-1234bde3cd05,IN
197384e6-16c8-11ed-9b5f-1234bde3cd05,HR
19738a66-16c8-11ed-9b5f-1234bde3cd05,GB
19738f15-16c8-11ed-9b5f-1234bde3cd05,AU
197394c8-16c8-11ed-9b5f-1234bde3cd05,HU
19739fe9-16c8-11ed-9b5f-1234bde3cd05,FR
1973ac60-16c8-11ed-9b5f-1234bde3cd05,FR
1973b177-16c8-11ed-9b5f-1234bde3cd05,FR
1973b65c-16c8-11ed-9b5f-1234bde3cd05,DE
1973bb5d-16c8-11ed-9b5f-1234bde3cd05,AZ
1973c608-16c8-11ed-9b5f-1234bde3cd05,GR
1973cc23-16c8-11ed-9b5f-1234bde3cd05,GR
1973d31c-16c8-11ed-9b5f-1234bde3cd05,GB
1973e25c-16c8-11ed-9b5f-1234bde3cd05,GB
197409cc-16c8-11ed-9b5f-1234bde3cd05,VE
19740ee6-16c8-11ed-9b5f-1234bde3cd05,IN
19741932-16c8-11ed-9b5f-1234bde3cd05,GB
19742d90-16c8-11ed-9b5f-1234bde3cd05,GR
197432d3-16c8-11ed-9b5f-1234bde3cd05,IN
197437b3-16c8-11ed-9b5f-1234bde3cd05,BE
19743c98-16c8-11ed-9b5f-1234bde3cd05,BE
197441bd-16c8-11ed-9b5f-1234bde3cd05,DE
19745594-16c8-11ed-9b5f-1234bde3cd05,GB
1974615c-16c8-11ed-9b5f-1234bde3cd05,AL
1989f50a-16c8-11ed-9b5f-1234bde3cd05,CA
1989fae5-16c8-11ed-9b5f-1234bde3cd05,DE
1989fef1-16c8-11ed-9b5f-1234bde3cd05,DE
198a023c-16c8-11ed-9b5f-1234bde3cd05,DE
198a0576-16c8-11ed-9b5f-1234bde3cd05,MU
198a0a1f-16c8-11ed-9b5f-1234bde3cd05,FR
198a0e9e-16c8-11ed-9b5f-1234bde3cd05,FR
198a1482-16c8-11ed-9b5f-1234bde3cd05,SI
198a1b6d-16c8-11ed-9b5f-1234bde3cd05,DE
198a1eb5-16c8-11ed-9b5f-1234bde3cd05,AU
198a3cb5-16c8-11ed-9b5f-1234bde3cd05,US
198a61de-16c8-11ed-9b5f-1234bde3cd05,LK
198a7043-16c8-11ed-9b5f-1234bde3cd05,US
198a7677-16c8-11ed-9b5f-1234bde3cd05,US
198a7ac5-16c8-11ed-9b5f-1234bde3cd05,US
198a8b3c-16c8-11ed-9b5f-1234bde3cd05,US
198a920f-16c8-11ed-9b5f-1234bde3cd05,US
198a97c8-16c8-11ed-9b5f-1234bde3cd05,US
198a9da6-16c8-11ed-9b5f-1234bde3cd05,US
198aa495-16c8-11ed-9b5f-1234bde3cd05,US
198aa9d5-16c8-11ed-9b5f-1234bde3cd05,US
198aaf14-16c8-11ed-9b5f-1234bde3cd05,US
198ab508-16c8-11ed-9b5f-1234bde3cd05,US
198ab9a1-16c8-11ed-9b5f-1234bde3cd05,US
198abe92-16c8-11ed-9b5f-1234bde3cd05,US
198ac88b-16c8-11ed-9b5f-1234bde3cd05,US
198ace7f-16c8-11ed-9b5f-1234bde3cd05,US
198ad2da-16c8-11ed-9b5f-1234bde3cd05,US
198ad743-16c8-11ed-9b5f-1234bde3cd05,US
198ade87-16c8-11ed-9b5f-1234bde3cd05,US
198ae7c5-16c8-11ed-9b5f-1234bde3cd05,US
198aee97-16c8-11ed-9b5f-1234bde3cd05,US
198af360-16c8-11ed-9b5f-1234bde3cd05,US
198afa8c-16c8-11ed-9b5f-1234bde3cd05,US
198b0471-16c8-11ed-9b5f-1234bde3cd05,US
198b0c3f-16c8-11ed-9b5f-1234bde3cd05,US
198b1621-16c8-11ed-9b5f-1234bde3cd05,US
198b1bb2-16c8-11ed-9b5f-1234bde3cd05,US
198b2267-16c8-11ed-9b5f-1234bde3cd05,US
198b26cf-16c8-11ed-9b5f-1234bde3cd05,US
198b2b86-16c8-11ed-9b5f-1234bde3cd05,US
198b32e6-16c8-11ed-9b5f-1234bde3cd05,US
198b3fa0-16c8-11ed-9b5f-1234bde3cd05,US
198b452f-16c8-11ed-9b5f-1234bde3cd05,US
198b4a53-16c8-11ed-9b5f-1234bde3cd05,US
198b5ece-16c8-11ed-9b5f-1234bde3cd05,US
198b659d-16c8-11ed-9b5f-1234bde3cd05,AU
198b6ef9-16c8-11ed-9b5f-1234bde3cd05,US
198b7696-16c8-11ed-9b5f-1234bde3cd05,AU
198b7d56-16c8-11ed-9b5f-1234bde3cd05,PL
198b811e-16c8-11ed-9b5f-1234bde3cd05,GB
198b895c-16c8-11ed-9b5f-1234bde3cd05,AU
198bac0e-16c8-11ed-9b5f-1234bde3cd05,DE
198bafa7-16c8-11ed-9b5f-1234bde3cd05,CH
19967840-16c8-11ed-9b5f-1234bde3cd05,JP
19967c16-16c8-11ed-9b5f-1234bde3cd05,IN
19967f82-16c8-11ed-9b5f-1234bde3cd05,HR
199682db-16c8-11ed-9b5f-1234bde3cd05,GB
199688b4-16c8-11ed-9b5f-1234bde3cd05,CR
1996901f-16c8-11ed-9b5f-1234bde3cd05,HU
19969427-16c8-11ed-9b5f-1234bde3cd05,GB
19969745-16c8-11ed-9b5f-1234bde3cd05,GB
1996abd9-16c8-11ed-9b5f-1234bde3cd05,US
1996b12d-16c8-11ed-9b5f-1234bde3cd05,US
1996b799-16c8-11ed-9b5f-1234bde3cd05,FR
1996bcce-16c8-11ed-9b5f-1234bde3cd05,IN
1996c0ed-16c8-11ed-9b5f-1234bde3cd05,CA
1996c471-16c8-11ed-9b5f-1234bde3cd05,PL
1996c7e1-16c8-11ed-9b5f-1234bde3cd05,KN
1996ccb6-16c8-11ed-9b5f-1234bde3cd05,PL
1996d2ec-16c8-11ed-9b5f-1234bde3cd05,PL
1996d627-16c8-11ed-9b5f-1234bde3cd05,CH
1996d920-16c8-11ed-9b5f-1234bde3cd05,IT
1996dc2c-16c8-11ed-9b5f-1234bde3cd05,IN
1996df2b-16c8-11ed-9b5f-1234bde3cd05,NO
1996e88c-16c8-11ed-9b5f-1234bde3cd05,CH
1996f906-16c8-11ed-9b5f-1234bde3cd05,DE
1996fc44-16c8-11ed-9b5f-1234bde3cd05,TH
19970275-16c8-11ed-9b5f-1234bde3cd05,GB
199708e3-16c8-11ed-9b5f-1234bde3cd05,AT
19970c08-16c8-11ed-9b5f-1234bde3cd05,AT
19970f01-16c8-11ed-9b5f-1234bde3cd05,GB
19971201-16c8-11ed-9b5f-1234bde3cd05,SI
1997161c-16c8-11ed-9b5f-1234bde3cd05,GR
19971993-16c8-11ed-9b5f-1234bde3cd05,BN
19971f31-16c8-11ed-9b5f-1234bde3cd05,JP
199722c2-16c8-11ed-9b5f-1234bde3cd05,SE
19972a04-16c8-11ed-9b5f-1234bde3cd05,JP
19972d80-16c8-11ed-9b5f-1234bde3cd05,JP
19973f1c-16c8-11ed-9b5f-1234bde3cd05,TH
19974562-16c8-11ed-9b5f-1234bde3cd05,GR
19974909-16c8-11ed-9b5f-1234bde3cd05,FR
199752fa-16c8-11ed-9b5f-1234bde3cd05,GR
19975b49-16c8-11ed-9b5f-1234bde3cd05,CA
19975e94-16c8-11ed-9b5f-1234bde3cd05,GR
199767dc-16c8-11ed-9b5f-1234bde3cd05,JP
19976e2d-16c8-11ed-9b5f-1234bde3cd05,GB
1997717b-16c8-11ed-9b5f-1234bde3cd05,PL
19977537-16c8-11ed-9b5f-1234bde3cd05,DE
19977863-16c8-11ed-9b5f-1234bde3cd05,RU
19977b9b-16c8-11ed-9b5f-1234bde3cd05,DE
19978219-16c8-11ed-9b5f-1234bde3cd05,IT
19978595-16c8-11ed-9b5f-1234bde3cd05,NZ
199788d7-16c8-11ed-9b5f-1234bde3cd05,CH
19978d2e-16c8-11ed-9b5f-1234bde3cd05,CH
1997938b-16c8-11ed-9b5f-1234bde3cd05,JP
19979a0b-16c8-11ed-9b5f-1234bde3cd05,DE
19979d35-16c8-11ed-9b5f-1234bde3cd05,DE
1997a08a-16c8-11ed-9b5f-1234bde3cd05,ID
1997a8b7-16c8-11ed-9b5f-1234bde3cd05,FR
1997abb9-16c8-11ed-9b5f-1234bde3cd05,FR
1997aec3-16c8-11ed-9b5f-1234bde3cd05,GB
1997b575-16c8-11ed-9b5f-1234bde3cd05,GB
1997bda4-16c8-11ed-9b5f-1234bde3cd05,DE
1997c228-16c8-11ed-9b5f-1234bde3cd05,DE
1997c56c-16c8-11ed-9b5f-1234bde3cd05,AU
1997c8f3-16c8-11ed-9b5f-1234bde3cd05,DE
1997cced-16c8-11ed-9b5f-1234bde3cd05,TR
1997d099-16c8-11ed-9b5f-1234bde3cd05,GE
1997d545-16c8-11ed-9b5f-1234bde3cd05,GR
1997d87f-16c8-11ed-9b5f-1234bde3cd05,BR
1997dbde-16c8-11ed-9b5f-1234bde3cd05,CH
1997eb69-16c8-11ed-9b5f-1234bde3cd05,CH
1997f41e-16c8-11ed-9b5f-1234bde3cd05,CH
1997fdd4-16c8-11ed-9b5f-1234bde3cd05,CH
199800e8-16c8-11ed-9b5f-1234bde3cd05,IN
19980418-16c8-11ed-9b5f-1234bde3cd05,DE
1998073d-16c8-11ed-9b5f-1234bde3cd05,DE
199875f7-16c8-11ed-9b5f-1234bde3cd05,TH
1998797e-16c8-11ed-9b5f-1234bde3cd05,TH
199883df-16c8-11ed-9b5f-1234bde3cd05,US
19988bb3-16c8-11ed-9b5f-1234bde3cd05,GB
19988f79-16c8-11ed-9b5f-1234bde3cd05,PL
199895db-16c8-11ed-9b5f-1234bde3cd05,GB
19b5d2c0-16c8-11ed-9b5f-1234bde3cd05,NO
19b5daf7-16c8-11ed-9b5f-1234bde3cd05,JP
19b5df4e-16c8-11ed-9b5f-1234bde3cd05,DE
19ba808b-16c8-11ed-9b5f-1234bde3cd05,GR
19ba8408-16c8-11ed-9b5f-1234bde3cd05,LU
19ba87b8-16c8-11ed-9b5f-1234bde3cd05,JP
19ba8ca8-16c8-11ed-9b5f-1234bde3cd05,JP
19ba96b9-16c8-11ed-9b5f-1234bde3cd05,ES
19ba9a1b-16c8-11ed-9b5f-1234bde3cd05,JP
19baa1e4-16c8-11ed-9b5f-1234bde3cd05,JP
19baa988-16c8-11ed-9b5f-1234bde3cd05,CA
19bab1e3-16c8-11ed-9b5f-1234bde3cd05,CA
19bab806-16c8-11ed-9b5f-1234bde3cd05,US
19babcea-16c8-11ed-9b5f-1234bde3cd05,ES
19bac35c-16c8-11ed-9b5f-1234bde3cd05,DE
19bacf11-16c8-11ed-9b5f-1234bde3cd05,CA
19bad3bf-16c8-11ed-9b5f-1234bde3cd05,AU
19bad709-16c8-11ed-9b5f-1234bde3cd05,IN
19bada3c-16c8-11ed-9b5f-1234bde3cd05,GB
19c108b8-16c8-11ed-9b5f-1234bde3cd05,DE
19c10c33-16c8-11ed-9b5f-1234bde3cd05,PL
19c10fc6-16c8-11ed-9b5f-1234bde3cd05,DE
19c1133b-16c8-11ed-9b5f-1234bde3cd05,DE
19c11647-16c8-11ed-9b5f-1234bde3cd05,DE
19c11988-16c8-11ed-9b5f-1234bde3cd05,DE
19c11e21-16c8-11ed-9b5f-1234bde3cd05,FR
19c124b2-16c8-11ed-9b5f-1234bde3cd05,GR
19c12b7d-16c8-11ed-9b5f-1234bde3cd05,GR
19c12eab-16c8-11ed-9b5f-1234bde3cd05,GB
19c131db-16c8-11ed-9b5f-1234bde3cd05,GB
19c134ce-16c8-11ed-9b5f-1234bde3cd05,AT
19c1386f-16c8-11ed-9b5f-1234bde3cd05,AT
19c13da6-16c8-11ed-9b5f-1234bde3cd05,DE
19c143e7-16c8-11ed-9b5f-1234bde3cd05,LK
19c14763-16c8-11ed-9b5f-1234bde3cd05,PL
19c14abf-16c8-11ed-9b5f-1234bde3cd05,AT
19c14e2b-16c8-11ed-9b5f-1234bde3cd05,AT
19c1513b-16c8-11ed-9b5f-1234bde3cd05,AT
19c15434-16c8-11ed-9b5f-1234bde3cd05,CR
19c158c0-16c8-11ed-9b5f-1234bde3cd05,PL
19c15c2a-16c8-11ed-9b5f-1234bde3cd05,PL
19c1621f-16c8-11ed-9b5f-1234bde3cd05,PL
19c1655d-16c8-11ed-9b5f-1234bde3cd05,PL
19c16878-16c8-11ed-9b5f-1234bde3cd05,PL
19c16bc1-16c8-11ed-9b5f-1234bde3cd05,PL
19c16f0a-16c8-11ed-9b5f-1234bde3cd05,PL
19c17556-16c8-11ed-9b5f-1234bde3cd05,PL
19c17e9e-16c8-11ed-9b5f-1234bde3cd05,PL
19c181fa-16c8-11ed-9b5f-1234bde3cd05,PL
19c18e8b-16c8-11ed-9b5f-1234bde3cd05,PL
19c19197-16c8-11ed-9b5f-1234bde3cd05,PL
19c197c6-16c8-11ed-9b5f-1234bde3cd05,PL
19c19b6a-16c8-11ed-9b5f-1234bde3cd05,PL
19c19f54-16c8-11ed-9b5f-1234bde3cd05,PL
19c1a55b-16c8-11ed-9b5f-1234bde3cd05,PL
19c1a8ed-16c8-11ed-9b5f-1234bde3cd05,PL
19c1abe4-16c8-11ed-9b5f-1234bde3cd05,PL
19c1af8e-16c8-11ed-9b5f-1234bde3cd05,PL
19c1b2e8-16c8-11ed-9b5f-1234bde3cd05,PL
19c1b626-16c8-11ed-9b5f-1234bde3cd05,PL
19c1bbed-16c8-11ed-9b5f-1234bde3cd05,PL
19c1bec1-16c8-11ed-9b5f-1234bde3cd05,PL
19c1c1b5-16c8-11ed-9b5f-1234bde3cd05,PL
19c1c4d1-16c8-11ed-9b5f-1234bde3cd05,SE
19c1c879-16c8-11ed-9b5f-1234bde3cd05,PL
19c1cbb7-16c8-11ed-9b5f-1234bde3cd05,PL
19c1cef7-16c8-11ed-9b5f-1234bde3cd05,PL
19cfa9a0-16c8-11ed-9b5f-1234bde3cd05,PL
19cfad82-16c8-11ed-9b5f-1234bde3cd05,IE
19cfb0ac-16c8-11ed-9b5f-1234bde3cd05,RS
19cfb3d1-16c8-11ed-9b5f-1234bde3cd05,DE
19cfb6d7-16c8-11ed-9b5f-1234bde3cd05,GR
19cfba4b-16c8-11ed-9b5f-1234bde3cd05,RS
19cfbdb6-16c8-11ed-9b5f-1234bde3cd05,GR
19cfc161-16c8-11ed-9b5f-1234bde3cd05,BE
19cfc469-16c8-11ed-9b5f-1234bde3cd05,MK
19cfc815-16c8-11ed-9b5f-1234bde3cd05,AU
19cfcb3d-16c8-11ed-9b5f-1234bde3cd05,FR
19cfd1b1-16c8-11ed-9b5f-1234bde3cd05,DE
19cfd58e-16c8-11ed-9b5f-1234bde3cd05,US
19cfdd24-16c8-11ed-9b5f-1234bde3cd05,CA
19cfe4b3-16c8-11ed-9b5f-1234bde3cd05,CA
19cfed7e-16c8-11ed-9b5f-1234bde3cd05,CA
19cff136-16c8-11ed-9b5f-1234bde3cd05,AU
19d17f3b-16c8-11ed-9b5f-1234bde3cd05,GR
19d18361-16c8-11ed-9b5f-1234bde3cd05,DE
19d1868e-16c8-11ed-9b5f-1234bde3cd05,IT
19d18994-16c8-11ed-9b5f-1234bde3cd05,GR
19d1905d-16c8-11ed-9b5f-1234bde3cd05,MY
19d193df-16c8-11ed-9b5f-1234bde3cd05,CH
19d197fd-16c8-11ed-9b5f-1234bde3cd05,CA
19d19e8d-16c8-11ed-9b5f-1234bde3cd05,GB
19d1a6e2-16c8-11ed-9b5f-1234bde3cd05,AU
19d1aad9-16c8-11ed-9b5f-1234bde3cd05,CA
19d1aec4-16c8-11ed-9b5f-1234bde3cd05,JP
19d1b221-16c8-11ed-9b5f-1234bde3cd05,AU
19d1b526-16c8-11ed-9b5f-1234bde3cd05,CN
19d1b873-16c8-11ed-9b5f-1234bde3cd05,RU
19d1bb6c-16c8-11ed-9b5f-1234bde3cd05,IT
19d1c365-16c8-11ed-9b5f-1234bde3cd05,CA
19d1c885-16c8-11ed-9b5f-1234bde3cd05,GB
19d1d0f9-16c8-11ed-9b5f-1234bde3cd05,IT
19d1d444-16c8-11ed-9b5f-1234bde3cd05,PL
19d1db00-16c8-11ed-9b5f-1234bde3cd05,CA
19d1de92-16c8-11ed-9b5f-1234bde3cd05,DE
19d1e307-16c8-11ed-9b5f-1234bde3cd05,AU
19d1e65c-16c8-11ed-9b5f-1234bde3cd05,RU
19d1ec24-16c8-11ed-9b5f-1234bde3cd05,FI
19d1ef61-16c8-11ed-9b5f-1234bde3cd05,SE
19d1f283-16c8-11ed-9b5f-1234bde3cd05,IT
19d1f595-16c8-11ed-9b5f-1234bde3cd05,JP
19d1f940-16c8-11ed-9b5f-1234bde3cd05,PL
19d51430-16c8-11ed-9b5f-1234bde3cd05,ES
19d5178f-16c8-11ed-9b5f-1234bde3cd05,FI
19d51a9e-16c8-11ed-9b5f-1234bde3cd05,DE
19d51d9a-16c8-11ed-9b5f-1234bde3cd05,PL
19d5208e-16c8-11ed-9b5f-1234bde3cd05,IT
19d52398-16c8-11ed-9b5f-1234bde3cd05,DE
19d5268a-16c8-11ed-9b5f-1234bde3cd05,AU
19d52d5c-16c8-11ed-9b5f-1234bde3cd05,AT
19d5303c-16c8-11ed-9b5f-1234bde3cd05,DE
19d5331e-16c8-11ed-9b5f-1234bde3cd05,IN
19d536e5-16c8-11ed-9b5f-1234bde3cd05,DE
19d539fa-16c8-11ed-9b5f-1234bde3cd05,DE
19d53d90-16c8-11ed-9b5f-1234bde3cd05,CA
19d544c5-16c8-11ed-9b5f-1234bde3cd05,JP
19d54c55-16c8-11ed-9b5f-1234bde3cd05,JP
19d553b7-16c8-11ed-9b5f-1234bde3cd05,JP
19d5570f-16c8-11ed-9b5f-1234bde3cd05,JP
19d55bc5-16c8-11ed-9b5f-1234bde3cd05,JP
19d56102-16c8-11ed-9b5f-1234bde3cd05,JP
19d564a3-16c8-11ed-9b5f-1234bde3cd05,JP
19d567ca-16c8-11ed-9b5f-1234bde3cd05,JP
19d56c19-16c8-11ed-9b5f-1234bde3cd05,DE
19d56f6f-16c8-11ed-9b5f-1234bde3cd05,JP
19d57320-16c8-11ed-9b5f-1234bde3cd05,JP
19d576d5-16c8-11ed-9b5f-1234bde3cd05,SE
19d57af5-16c8-11ed-9b5f-1234bde3cd05,CN
19d5804e-16c8-11ed-9b5f-1234bde3cd05,CN
19d585cd-16c8-11ed-9b5f-1234bde3cd05,CH
19d58905-16c8-11ed-9b5f-1234bde3cd05,IR
19d58c34-16c8-11ed-9b5f-1234bde3cd05,MA
19d58f97-16c8-11ed-9b5f-1234bde3cd05,MA
19d5934d-16c8-11ed-9b5f-1234bde3cd05,MA
19d59988-16c8-11ed-9b5f-1234bde3cd05,AU
19d59f54-16c8-11ed-9b5f-1234bde3cd05,DE
19d5a27d-16c8-11ed-9b5f-1234bde3cd05,PT
19d5a749-16c8-11ed-9b5f-1234bde3cd05,US
19d5acbe-16c8-11ed-9b5f-1234bde3cd05,ES
19d5b0f2-16c8-11ed-9b5f-1234bde3cd05,GN
19d5b4fb-16c8-11ed-9b5f-1234bde3cd05,MA
19d5b831-16c8-11ed-9b5f-1234bde3cd05,ES
1a7d6272-16c8-11ed-9b5f-1234bde3cd05,MA
1a89b662-16c8-11ed-9b5f-1234bde3cd05,MA
1a89bbc7-16c8-11ed-9b5f-1234bde3cd05,DE
1a89c16e-16c8-11ed-9b5f-1234bde3cd05,IT
1a97a323-16c8-11ed-9b5f-1234bde3cd05,GB
1a97a882-16c8-11ed-9b5f-1234bde3cd05,AU
1a97b423-16c8-11ed-9b5f-1234bde3cd05,ES
1a97b949-16c8-11ed-9b5f-1234bde3cd05,GB
1a97bf18-16c8-11ed-9b5f-1234bde3cd05,DE
1a97c66a-16c8-11ed-9b5f-1234bde3cd05,GB
1a97d046-16c8-11ed-9b5f-1234bde3cd05,FR
1a97d5eb-16c8-11ed-9b5f-1234bde3cd05,FR
1a97e6ba-16c8-11ed-9b5f-1234bde3cd05,CA
1a97ecef-16c8-11ed-9b5f-1234bde3cd05,GB
1a97f2b2-16c8-11ed-9b5f-1234bde3cd05,PL
1a97f806-16c8-11ed-9b5f-1234bde3cd05,FR
1a97fd04-16c8-11ed-9b5f-1234bde3cd05,FR
1a980348-16c8-11ed-9b5f-1234bde3cd05,CA
1a9808c2-16c8-11ed-9b5f-1234bde3cd05,KE
1a980dfb-16c8-11ed-9b5f-1234bde3cd05,FR
1a981526-16c8-11ed-9b5f-1234bde3cd05,FR
1a981a5d-16c8-11ed-9b5f-1234bde3cd05,IN
1a981f7a-16c8-11ed-9b5f-1234bde3cd05,MX
1a98260e-16c8-11ed-9b5f-1234bde3cd05,CA
1a982b4a-16c8-11ed-9b5f-1234bde3cd05,CH
1a98317a-16c8-11ed-9b5f-1234bde3cd05,FR
1a983936-16c8-11ed-9b5f-1234bde3cd05,CA
1a983ed3-16c8-11ed-9b5f-1234bde3cd05,FR
1a9843ec-16c8-11ed-9b5f-1234bde3cd05,CH
1a984e50-16c8-11ed-9b5f-1234bde3cd05,FR
1a98530e-16c8-11ed-9b5f-1234bde3cd05,FR
1a98587a-16c8-11ed-9b5f-1234bde3cd05,FR
1a985d90-16c8-11ed-9b5f-1234bde3cd05,FR
1a98627e-16c8-11ed-9b5f-1234bde3cd05,FR
1a986767-16c8-11ed-9b5f-1234bde3cd05,FR
1a986c59-16c8-11ed-9b5f-1234bde3cd05,FR
1a98713f-16c8-11ed-9b5f-1234bde3cd05,FR
1a987691-16c8-11ed-9b5f-1234bde3cd05,IT
1a987c55-16c8-11ed-9b5f-1234bde3cd05,FR
1a988290-16c8-11ed-9b5f-1234bde3cd05,FR
1a9887ea-16c8-11ed-9b5f-1234bde3cd05,FR
1a988ca9-16c8-11ed-9b5f-1234bde3cd05,FR
1a98917f-16c8-11ed-9b5f-1234bde3cd05,FR
1a989f26-16c8-11ed-9b5f-1234bde3cd05,FR
1a98a45d-16c8-11ed-9b5f-1234bde3cd05,FR
1a98a941-16c8-11ed-9b5f-1234bde3cd05,FR
1a98ae8e-16c8-11ed-9b5f-1234bde3cd05,FR
1a98b3be-16c8-11ed-9b5f-1234bde3cd05,FR
1a98b8e7-16c8-11ed-9b5f-1234bde3cd05,FR
1a98bdb9-16c8-11ed-9b5f-1234bde3cd05,FR
1a98c3ef-16c8-11ed-9b5f-1234bde3cd05,FR
1a98d07a-16c8-11ed-9b5f-1234bde3cd05,FR
1a98da52-16c8-11ed-9b5f-1234bde3cd05,JP
1a98df92-16c8-11ed-9b5f-1234bde3cd05,JP
1a98e652-16c8-11ed-9b5f-1234bde3cd05,FR
1a98ebb1-16c8-11ed-9b5f-1234bde3cd05,FR
1a98f60d-16c8-11ed-9b5f-1234bde3cd05,NL
1a98feff-16c8-11ed-9b5f-1234bde3cd05,FR
1a99040c-16c8-11ed-9b5f-1234bde3cd05,FR
1a990b07-16c8-11ed-9b5f-1234bde3cd05,FR
1a990ffb-16c8-11ed-9b5f-1234bde3cd05,GB
1a991516-16c8-11ed-9b5f-1234bde3cd05,FR
1a9919f8-16c8-11ed-9b5f-1234bde3cd05,AU
1a992033-16c8-11ed-9b5f-1234bde3cd05,FR
1a992514-16c8-11ed-9b5f-1234bde3cd05,FR
1a9929c4-16c8-11ed-9b5f-1234bde3cd05,FR
1a99364c-16c8-11ed-9b5f-1234bde3cd05,CA
1a993c5c-16c8-11ed-9b5f-1234bde3cd05,CA
1a9941e3-16c8-11ed-9b5f-1234bde3cd05,FR
1a9946e3-16c8-11ed-9b5f-1234bde3cd05,FR
1a994cb5-16c8-11ed-9b5f-1234bde3cd05,CA
1a995295-16c8-11ed-9b5f-1234bde3cd05,FR
1a9957e9-16c8-11ed-9b5f-1234bde3cd05,FR
1a995dc6-16c8-11ed-9b5f-1234bde3cd05,FR
1a996325-16c8-11ed-9b5f-1234bde3cd05,FR
1a997b48-16c8-11ed-9b5f-1234bde3cd05,FR
1a9986d3-16c8-11ed-9b5f-1234bde3cd05,FR
1a99a234-16c8-11ed-9b5f-1234bde3cd05,FR
1a99b0a3-16c8-11ed-9b5f-1234bde3cd05,FR
1a99b5e3-16c8-11ed-9b5f-1234bde3cd05,FR
1a99bfd1-16c8-11ed-9b5f-1234bde3cd05,FR
1a99c4d8-16c8-11ed-9b5f-1234bde3cd05,BE
1a99c9f0-16c8-11ed-9b5f-1234bde3cd05,DE
1a99cefc-16c8-11ed-9b5f-1234bde3cd05,FR
1a99f8d8-16c8-11ed-9b5f-1234bde3cd05,FR
1a99fe7d-16c8-11ed-9b5f-1234bde3cd05,CH
1a9a04d9-16c8-11ed-9b5f-1234bde3cd05,FR
1a9a09cd-16c8-11ed-9b5f-1234bde3cd05,FR
1a9a0edb-16c8-11ed-9b5f-1234bde3cd05,IT
1a9a1430-16c8-11ed-9b5f-1234bde3cd05,BE
1a9a1b93-16c8-11ed-9b5f-1234bde3cd05,SE
1a9a2620-16c8-11ed-9b5f-1234bde3cd05,FR
1a9a2921-16c8-11ed-9b5f-1234bde3cd05,FR
1a9a2c2b-16c8-11ed-9b5f-1234bde3cd05,CH
1a9a6643-16c8-11ed-9b5f-1234bde3cd05,FR
1a9a7314-16c8-11ed-9b5f-1234bde3cd05,CA
1a9a76ec-16c8-11ed-9b5f-1234bde3cd05,FR
1a9a7a44-16c8-11ed-9b5f-1234bde3cd05,FR
1a9a8101-16c8-11ed-9b5f-1234bde3cd05,FR
1a9a864b-16c8-11ed-9b5f-1234bde3cd05,FR
1a9a8f97-16c8-11ed-9b5f-1234bde3cd05,FR
1a9a95a7-16c8-11ed-9b5f-1234bde3cd05,DE
1a9a9cde-16c8-11ed-9b5f-1234bde3cd05,GB
1a9aa137-16c8-11ed-9b5f-1234bde3cd05,AT
1a9aa453-16c8-11ed-9b5f-1234bde3cd05,AU
1a9aa778-16c8-11ed-9b5f-1234bde3cd05,AU
1a9aaa78-16c8-11ed-9b5f-1234bde3cd05,RU
1a9ab112-16c8-11ed-9b5f-1234bde3cd05,AU
1a9ab4ab-16c8-11ed-9b5f-1234bde3cd05,AU
1a9ab9d6-16c8-11ed-9b5f-1234bde3cd05,AU
1aa70ac2-16c8-11ed-9b5f-1234bde3cd05,GB
1aa71594-16c8-11ed-9b5f-1234bde3cd05,CA
1aa71a3f-16c8-11ed-9b5f-1234bde3cd05,CA
1aa72624-16c8-11ed-9b5f-1234bde3cd05,CA
1aa73155-16c8-11ed-9b5f-1234bde3cd05,US
1aa73774-16c8-11ed-9b5f-1234bde3cd05,GR
1aa73ad1-16c8-11ed-9b5f-1234bde3cd05,DE
1aa73efc-16c8-11ed-9b5f-1234bde3cd05,FR
1aa7421e-16c8-11ed-9b5f-1234bde3cd05,GB
1aa74eb2-16c8-11ed-9b5f-1234bde3cd05,NZ
1aa752a8-16c8-11ed-9b5f-1234bde3cd05,LK
1aa755fd-16c8-11ed-9b5f-1234bde3cd05,AT
1aa75c2a-16c8-11ed-9b5f-1234bde3cd05,GB
1aa76396-16c8-11ed-9b5f-1234bde3cd05,GR
1aa76704-16c8-11ed-9b5f-1234bde3cd05,HR
1aa76a6f-16c8-11ed-9b5f-1234bde3cd05,FR
1aa76d84-16c8-11ed-9b5f-1234bde3cd05,DE
1aa77454-16c8-11ed-9b5f-1234bde3cd05,DE
1aa778f2-16c8-11ed-9b5f-1234bde3cd05,CA
1aa77ccd-16c8-11ed-9b5f-1234bde3cd05,IN
1aa78027-16c8-11ed-9b5f-1234bde3cd05,IN
1aa784e9-16c8-11ed-9b5f-1234bde3cd05,PT
1aa788a4-16c8-11ed-9b5f-1234bde3cd05,GB
1aa78bb9-16c8-11ed-9b5f-1234bde3cd05,FR
1aa78fae-16c8-11ed-9b5f-1234bde3cd05,CA
1aa79308-16c8-11ed-9b5f-1234bde3cd05,LT
1aa796e8-16c8-11ed-9b5f-1234bde3cd05,CA
1aa79a5a-16c8-11ed-9b5f-1234bde3cd05,PH
1aa79ddf-16c8-11ed-9b5f-1234bde3cd05,DE
1aa7a121-16c8-11ed-9b5f-1234bde3cd05,TR
1aa7a480-16c8-11ed-9b5f-1234bde3cd05,AU
1aa7a7dc-16c8-11ed-9b5f-1234bde3cd05,IN
1aa7ab04-16c8-11ed-9b5f-1234bde3cd05,AU
1aa7affe-16c8-11ed-9b5f-1234bde3cd05,CA
1aa7b369-16c8-11ed-9b5f-1234bde3cd05,BE
1aa7b71d-16c8-11ed-9b5f-1234bde3cd05,CA
1aa7bdfc-16c8-11ed-9b5f-1234bde3cd05,CA
1aa7c1d1-16c8-11ed-9b5f-1234bde3cd05,IN
1aa7c535-16c8-11ed-9b5f-1234bde3cd05,IN
1aa7c882-16c8-11ed-9b5f-1234bde3cd05,GB
1aa7cf51-16c8-11ed-9b5f-1234bde3cd05,AU
1aa7d27a-16c8-11ed-9b5f-1234bde3cd05,FR
1aa7d57e-16c8-11ed-9b5f-1234bde3cd05,CH
1aa7d87b-16c8-11ed-9b5f-1234bde3cd05,CH
1aa7db87-16c8-11ed-9b5f-1234bde3cd05,IT
1aa7dec4-16c8-11ed-9b5f-1234bde3cd05,BE
1aa7e258-16c8-11ed-9b5f-1234bde3cd05,DE
1aa7e5ac-16c8-11ed-9b5f-1234bde3cd05,CO
1aa7e911-16c8-11ed-9b5f-1234bde3cd05,IT
1aa7ec77-16c8-11ed-9b5f-1234bde3cd05,GB
1aa7efeb-16c8-11ed-9b5f-1234bde3cd05,RU
1aa7f3ba-16c8-11ed-9b5f-1234bde3cd05,IT
1aa7fdfb-16c8-11ed-9b5f-1234bde3cd05,DE
1aa80510-16c8-11ed-9b5f-1234bde3cd05,DE
1aa8084f-16c8-11ed-9b5f-1234bde3cd05,GB
1aa8108a-16c8-11ed-9b5f-1234bde3cd05,FR
1aa813c1-16c8-11ed-9b5f-1234bde3cd05,IN
1aa816b6-16c8-11ed-9b5f-1234bde3cd05,PK
1aa81dcb-16c8-11ed-9b5f-1234bde3cd05,MX
1aa8216b-16c8-11ed-9b5f-1234bde3cd05,GB
1aa8247c-16c8-11ed-9b5f-1234bde3cd05,AU
1aa827c7-16c8-11ed-9b5f-1234bde3cd05,DE
1aa82b31-16c8-11ed-9b5f-1234bde3cd05,FR
1aa82e3c-16c8-11ed-9b5f-1234bde3cd05,DE
1aa83139-16c8-11ed-9b5f-1234bde3cd05,AU
1aa83735-16c8-11ed-9b5f-1234bde3cd05,DE
1aa83d64-16c8-11ed-9b5f-1234bde3cd05,NO
1aa8412a-16c8-11ed-9b5f-1234bde3cd05,GB
1aa84441-16c8-11ed-9b5f-1234bde3cd05,AU
1aa847c6-16c8-11ed-9b5f-1234bde3cd05,CA
1aa84e3a-16c8-11ed-9b5f-1234bde3cd05,GB
1aa85181-16c8-11ed-9b5f-1234bde3cd05,IN
1aa85ab7-16c8-11ed-9b5f-1234bde3cd05,IN
1aa85e03-16c8-11ed-9b5f-1234bde3cd05,IN
1ab016bb-16c8-11ed-9b5f-1234bde3cd05,IN
1ab01a99-16c8-11ed-9b5f-1234bde3cd05,CL
1ab01e75-16c8-11ed-9b5f-1234bde3cd05,IN
1ab02271-16c8-11ed-9b5f-1234bde3cd05,CA
1ab040a9-16c8-11ed-9b5f-1234bde3cd05,RU
1ab0476c-16c8-11ed-9b5f-1234bde3cd05,IE
1ab04ad4-16c8-11ed-9b5f-1234bde3cd05,DE
1ab0513a-16c8-11ed-9b5f-1234bde3cd05,IN
1ab054b3-16c8-11ed-9b5f-1234bde3cd05,DE
1ab057f2-16c8-11ed-9b5f-1234bde3cd05,BG
1ab05b33-16c8-11ed-9b5f-1234bde3cd05,MY
1ab06713-16c8-11ed-9b5f-1234bde3cd05,FR
1ab06a3f-16c8-11ed-9b5f-1234bde3cd05,AU
1ab06d5b-16c8-11ed-9b5f-1234bde3cd05,AU
1ab07082-16c8-11ed-9b5f-1234bde3cd05,AU
1ab074ef-16c8-11ed-9b5f-1234bde3cd05,IT
1ab078d2-16c8-11ed-9b5f-1234bde3cd05,CA
1ab07c2d-16c8-11ed-9b5f-1234bde3cd05,GB
1ab08fad-16c8-11ed-9b5f-1234bde3cd05,CA
1ab09360-16c8-11ed-9b5f-1234bde3cd05,DE
1ab0979a-16c8-11ed-9b5f-1234bde3cd05,AT
1ab09af1-16c8-11ed-9b5f-1234bde3cd05,JP
1ab0a076-16c8-11ed-9b5f-1234bde3cd05,JP
1ab0a599-16c8-11ed-9b5f-1234bde3cd05,JP
1ab0a906-16c8-11ed-9b5f-1234bde3cd05,JP
1ab0ac6f-16c8-11ed-9b5f-1234bde3cd05,JP
1ab0afbd-16c8-11ed-9b5f-1234bde3cd05,JP
1ab0b3d0-16c8-11ed-9b5f-1234bde3cd05,JP
1ab0ba3d-16c8-11ed-9b5f-1234bde3cd05,JP
1ab0beff-16c8-11ed-9b5f-1234bde3cd05,JP
1ab0ca5f-16c8-11ed-9b5f-1234bde3cd05,JP
1ab0cdcd-16c8-11ed-9b5f-1234bde3cd05,JP
1ab0d11c-16c8-11ed-9b5f-1234bde3cd05,JP
1ab0de83-16c8-11ed-9b5f-1234bde3cd05,JP
1ab0e23a-16c8-11ed-9b5f-1234bde3cd05,GB
1ab0e556-16c8-11ed-9b5f-1234bde3cd05,BS
1ab0e96d-16c8-11ed-9b5f-1234bde3cd05,DE
1ab0ef9b-16c8-11ed-9b5f-1234bde3cd05,BE
1ab0f30f-16c8-11ed-9b5f-1234bde3cd05,IN
1ab0f643-16c8-11ed-9b5f-1234bde3cd05,FR
1ab0f95a-16c8-11ed-9b5f-1234bde3cd05,CY
1ab100c5-16c8-11ed-9b5f-1234bde3cd05,FR
1ab1047c-16c8-11ed-9b5f-1234bde3cd05,CA
1ab107e5-16c8-11ed-9b5f-1234bde3cd05,IN
1abee421-16c8-11ed-9b5f-1234bde3cd05,DE
1abee7a8-16c8-11ed-9b5f-1234bde3cd05,DE
1abeead3-16c8-11ed-9b5f-1234bde3cd05,AT
1abeee14-16c8-11ed-9b5f-1234bde3cd05,AT
1abef12d-16c8-11ed-9b5f-1234bde3cd05,IE
1abef44c-16c8-11ed-9b5f-1234bde3cd05,AT
1abef781-16c8-11ed-9b5f-1234bde3cd05,IE
1abefb3a-16c8-11ed-9b5f-1234bde3cd05,CA
1ac6b345-16c8-11ed-9b5f-1234bde3cd05,DE
1ac6b945-16c8-11ed-9b5f-1234bde3cd05,PL
1ac6c1e2-16c8-11ed-9b5f-1234bde3cd05,AU
1ac6c5a4-16c8-11ed-9b5f-1234bde3cd05,DE
1ac6c8c7-16c8-11ed-9b5f-1234bde3cd05,DE
1ac6cccb-16c8-11ed-9b5f-1234bde3cd05,US
1ac6d73e-16c8-11ed-9b5f-1234bde3cd05,CA
1ac6de3e-16c8-11ed-9b5f-1234bde3cd05,DE
1ac6e192-16c8-11ed-9b5f-1234bde3cd05,DE
1ac6e7a8-16c8-11ed-9b5f-1234bde3cd05,DE
1ac6f5d6-16c8-11ed-9b5f-1234bde3cd05,US
1ac70c1d-16c8-11ed-9b5f-1234bde3cd05,US
1ac71076-16c8-11ed-9b5f-1234bde3cd05,AU
1ac71499-16c8-11ed-9b5f-1234bde3cd05,GB
1ac71b59-16c8-11ed-9b5f-1234bde3cd05,LK
1ac7220d-16c8-11ed-9b5f-1234bde3cd05,AU
1ac72668-16c8-11ed-9b5f-1234bde3cd05,IT
1ac8b3b0-16c8-11ed-9b5f-1234bde3cd05,IE
1ac8c757-16c8-11ed-9b5f-1234bde3cd05,DE
1ac8ca7f-16c8-11ed-9b5f-1234bde3cd05,DE
1ac8cf49-16c8-11ed-9b5f-1234bde3cd05,CA
1ac8d2c5-16c8-11ed-9b5f-1234bde3cd05,IN
1ad52500-16c8-11ed-9b5f-1234bde3cd05,IN
1ad52be8-16c8-11ed-9b5f-1234bde3cd05,AU
1ad5326f-16c8-11ed-9b5f-1234bde3cd05,GB
1ad537b1-16c8-11ed-9b5f-1234bde3cd05,AT
1ad53fbf-16c8-11ed-9b5f-1234bde3cd05,IN
1ad54304-16c8-11ed-9b5f-1234bde3cd05,DE
1ad547d0-16c8-11ed-9b5f-1234bde3cd05,DO
1ad54ee7-16c8-11ed-9b5f-1234bde3cd05,DE
1ad5520a-16c8-11ed-9b5f-1234bde3cd05,DE
1ad55516-16c8-11ed-9b5f-1234bde3cd05,DE
1ad55829-16c8-11ed-9b5f-1234bde3cd05,IE
1ad55c3c-16c8-11ed-9b5f-1234bde3cd05,US
1ad5627f-16c8-11ed-9b5f-1234bde3cd05,US
1ad56af7-16c8-11ed-9b5f-1234bde3cd05,CA
1ae976ed-16c8-11ed-9b5f-1234bde3cd05,CA
1ae97e31-16c8-11ed-9b5f-1234bde3cd05,US
1ae986e4-16c8-11ed-9b5f-1234bde3cd05,US
1ae98a91-16c8-11ed-9b5f-1234bde3cd05,AU
1ae98dfb-16c8-11ed-9b5f-1234bde3cd05,DE
1ae991a1-16c8-11ed-9b5f-1234bde3cd05,PL
1ae994d8-16c8-11ed-9b5f-1234bde3cd05,DE
1ae9a339-16c8-11ed-9b5f-1234bde3cd05,CA
1ae9a792-16c8-11ed-9b5f-1234bde3cd05,DE
1ae9aae0-16c8-11ed-9b5f-1234bde3cd05,AU
1ae9aefe-16c8-11ed-9b5f-1234bde3cd05,US
1ae9b3b9-16c8-11ed-9b5f-1234bde3cd05,US
1ae9b7ef-16c8-11ed-9b5f-1234bde3cd05,US
1ae9bc6a-16c8-11ed-9b5f-1234bde3cd05,US
1ae9c03f-16c8-11ed-9b5f-1234bde3cd05,US
1ae9c487-16c8-11ed-9b5f-1234bde3cd05,US
1ae9c7af-16c8-11ed-9b5f-1234bde3cd05,BE
1ae9d16d-16c8-11ed-9b5f-1234bde3cd05,GB
1ae9e38f-16c8-11ed-9b5f-1234bde3cd05,CA
1ae9e728-16c8-11ed-9b5f-1234bde3cd05,NL
1ae9ea5e-16c8-11ed-9b5f-1234bde3cd05,NL
1ae9f98e-16c8-11ed-9b5f-1234bde3cd05,CA
1ae9fd2a-16c8-11ed-9b5f-1234bde3cd05,CA
1aea00d3-16c8-11ed-9b5f-1234bde3cd05,FR
1aea0734-16c8-11ed-9b5f-1234bde3cd05,GB
1aea0a65-16c8-11ed-9b5f-1234bde3cd05,PT
1aea122c-16c8-11ed-9b5f-1234bde3cd05,DE
1aea1543-16c8-11ed-9b5f-1234bde3cd05,DE
1aea18ca-16c8-11ed-9b5f-1234bde3cd05,GB
1aea1d31-16c8-11ed-9b5f-1234bde3cd05,MX
1aea20f5-16c8-11ed-9b5f-1234bde3cd05,DE
1aea240f-16c8-11ed-9b5f-1234bde3cd05,DE
1aea275d-16c8-11ed-9b5f-1234bde3cd05,AU
1aea2a64-16c8-11ed-9b5f-1234bde3cd05,AU
1aea2d99-16c8-11ed-9b5f-1234bde3cd05,AU
1aea3cac-16c8-11ed-9b5f-1234bde3cd05,FR
1aea4327-16c8-11ed-9b5f-1234bde3cd05,IN
1aea46db-16c8-11ed-9b5f-1234bde3cd05,CA
1aea4a77-16c8-11ed-9b5f-1234bde3cd05,GB
1aea4dbe-16c8-11ed-9b5f-1234bde3cd05,GB
1aea521a-16c8-11ed-9b5f-1234bde3cd05,PL
1aea5596-16c8-11ed-9b5f-1234bde3cd05,DE
1aea59fa-16c8-11ed-9b5f-1234bde3cd05,DE
1aea5d08-16c8-11ed-9b5f-1234bde3cd05,CH
1aea6055-16c8-11ed-9b5f-1234bde3cd05,CH
1aea6367-16c8-11ed-9b5f-1234bde3cd05,CH
1aea6675-16c8-11ed-9b5f-1234bde3cd05,AU
1aea6d7f-16c8-11ed-9b5f-1234bde3cd05,IT
1aea70a5-16c8-11ed-9b5f-1234bde3cd05,DE
1aea73a0-16c8-11ed-9b5f-1234bde3cd05,DE
1aea7920-16c8-11ed-9b5f-1234bde3cd05,FR
1aea83b1-16c8-11ed-9b5f-1234bde3cd05,GR
1aea8727-16c8-11ed-9b5f-1234bde3cd05,IE
1aea8b06-16c8-11ed-9b5f-1234bde3cd05,CA
1aea8ef0-16c8-11ed-9b5f-1234bde3cd05,US
1aea936f-16c8-11ed-9b5f-1234bde3cd05,KR
1aea9c22-16c8-11ed-9b5f-1234bde3cd05,DE
1aea9f22-16c8-11ed-9b5f-1234bde3cd05,PL
1aeaa2d6-16c8-11ed-9b5f-1234bde3cd05,AU
1aeaa8c6-16c8-11ed-9b5f-1234bde3cd05,AU
1aeaabca-16c8-11ed-9b5f-1234bde3cd05,TT
1aeaaf44-16c8-11ed-9b5f-1234bde3cd05,RU
1aeab29a-16c8-11ed-9b5f-1234bde3cd05,DE
1aeab5ce-16c8-11ed-9b5f-1234bde3cd05,PL
1aeab920-16c8-11ed-9b5f-1234bde3cd05,AU
1aeabc3d-16c8-11ed-9b5f-1234bde3cd05,DE
1aeac16f-16c8-11ed-9b5f-1234bde3cd05,DE
1aeac84e-16c8-11ed-9b5f-1234bde3cd05,JP
1aeacd45-16c8-11ed-9b5f-1234bde3cd05,JP
1aead148-16c8-11ed-9b5f-1234bde3cd05,JP
1aead4fc-16c8-11ed-9b5f-1234bde3cd05,JP
1aeada58-16c8-11ed-9b5f-1234bde3cd05,JP
1aeade1f-16c8-11ed-9b5f-1234bde3cd05,ES
1aeae155-16c8-11ed-9b5f-1234bde3cd05,DE
1aeae7be-16c8-11ed-9b5f-1234bde3cd05,DE
1aeaf00f-16c8-11ed-9b5f-1234bde3cd05,FR
1aeaf5a3-16c8-11ed-9b5f-1234bde3cd05,FR
1aeaf894-16c8-11ed-9b5f-1234bde3cd05,FR
1aeafb8d-16c8-11ed-9b5f-1234bde3cd05,IN
1aeafe7d-16c8-11ed-9b5f-1234bde3cd05,FR
1aeb0826-16c8-11ed-9b5f-1234bde3cd05,DE
1aeb0e66-16c8-11ed-9b5f-1234bde3cd05,CH
1aeb11ed-16c8-11ed-9b5f-1234bde3cd05,CH
1aeb1839-16c8-11ed-9b5f-1234bde3cd05,IT
1aeb2157-16c8-11ed-9b5f-1234bde3cd05,US
1aeb2630-16c8-11ed-9b5f-1234bde3cd05,MY
1aeb29f2-16c8-11ed-9b5f-1234bde3cd05,IN
1aeb2d0f-16c8-11ed-9b5f-1234bde3cd05,GB
1aeb3116-16c8-11ed-9b5f-1234bde3cd05,GB
1aeb345a-16c8-11ed-9b5f-1234bde3cd05,PL
1aeb37b9-16c8-11ed-9b5f-1234bde3cd05,AU
1aeb3c64-16c8-11ed-9b5f-1234bde3cd05,KR
1aeb6599-16c8-11ed-9b5f-1234bde3cd05,NL
1aeb68dd-16c8-11ed-9b5f-1234bde3cd05,KR
1aeb7faf-16c8-11ed-9b5f-1234bde3cd05,KR
1b0118f3-16c8-11ed-9b5f-1234bde3cd05,KR
1b012528-16c8-11ed-9b5f-1234bde3cd05,KR
1b012be0-16c8-11ed-9b5f-1234bde3cd05,KR
1b013929-16c8-11ed-9b5f-1234bde3cd05,AU
1b014089-16c8-11ed-9b5f-1234bde3cd05,FI
1b0143bc-16c8-11ed-9b5f-1234bde3cd05,DE
1b0146f1-16c8-11ed-9b5f-1234bde3cd05,ES
1b014d9e-16c8-11ed-9b5f-1234bde3cd05,NL
1b015e5f-16c8-11ed-9b5f-1234bde3cd05,IT
1b01662f-16c8-11ed-9b5f-1234bde3cd05,JP
1b016a66-16c8-11ed-9b5f-1234bde3cd05,JP
1b017340-16c8-11ed-9b5f-1234bde3cd05,AU
1b01bc91-16c8-11ed-9b5f-1234bde3cd05,RU
1b01c013-16c8-11ed-9b5f-1234bde3cd05,RU
1b01c346-16c8-11ed-9b5f-1234bde3cd05,RU
1b01c7a7-16c8-11ed-9b5f-1234bde3cd05,RU
1b01d255-16c8-11ed-9b5f-1234bde3cd05,RU
1b01d5e1-16c8-11ed-9b5f-1234bde3cd05,RU
1b01d92b-16c8-11ed-9b5f-1234bde3cd05,RU
1b01dc7b-16c8-11ed-9b5f-1234bde3cd05,RU
1b01e053-16c8-11ed-9b5f-1234bde3cd05,RU
1b01e401-16c8-11ed-9b5f-1234bde3cd05,RU
1b01e706-16c8-11ed-9b5f-1234bde3cd05,SE
1b01ed14-16c8-11ed-9b5f-1234bde3cd05,SE
1b01f3d7-16c8-11ed-9b5f-1234bde3cd05,RU
1b01f720-16c8-11ed-9b5f-1234bde3cd05,NL
1b01fa2b-16c8-11ed-9b5f-1234bde3cd05,BE
1b01fd5c-16c8-11ed-9b5f-1234bde3cd05,DE
1b020203-16c8-11ed-9b5f-1234bde3cd05,RU
1b0205d8-16c8-11ed-9b5f-1234bde3cd05,RU
1b0209a3-16c8-11ed-9b5f-1234bde3cd05,RU
1b09bf74-16c8-11ed-9b5f-1234bde3cd05,US
1b09c539-16c8-11ed-9b5f-1234bde3cd05,US
1b193023-16c8-11ed-9b5f-1234bde3cd05,RU
1b193406-16c8-11ed-9b5f-1234bde3cd05,RU
1b19379e-16c8-11ed-9b5f-1234bde3cd05,RU
1b193b12-16c8-11ed-9b5f-1234bde3cd05,RU
1b1acb8a-16c8-11ed-9b5f-1234bde3cd05,RU
1b1ad339-16c8-11ed-9b5f-1234bde3cd05,RU
1b1ad6b1-16c8-11ed-9b5f-1234bde3cd05,RU
1b1ade4c-16c8-11ed-9b5f-1234bde3cd05,IN
1b1ae160-16c8-11ed-9b5f-1234bde3cd05,RU
1b1ae4bb-16c8-11ed-9b5f-1234bde3cd05,RU
1b1aebac-16c8-11ed-9b5f-1234bde3cd05,RU
1b1aeede-16c8-11ed-9b5f-1234bde3cd05,MG
1b1af305-16c8-11ed-9b5f-1234bde3cd05,CA
1b1afa78-16c8-11ed-9b5f-1234bde3cd05,NO
1b1afda5-16c8-11ed-9b5f-1234bde3cd05,CA
1b1b009c-16c8-11ed-9b5f-1234bde3cd05,AT
1b1b03b3-16c8-11ed-9b5f-1234bde3cd05,RU
1b1b0701-16c8-11ed-9b5f-1234bde3cd05,KR
1b1b0cb3-16c8-11ed-9b5f-1234bde3cd05,RU
1b1b0fcf-16c8-11ed-9b5f-1234bde3cd05,RU
1b1b132b-16c8-11ed-9b5f-1234bde3cd05,RU
1b353c6d-16c8-11ed-9b5f-1234bde3cd05,RU
1b35455b-16c8-11ed-9b5f-1234bde3cd05,RU
1b3548f8-16c8-11ed-9b5f-1234bde3cd05,RU
1b354e2b-16c8-11ed-9b5f-1234bde3cd05,RU
1b3551c7-16c8-11ed-9b5f-1234bde3cd05,AU
1b355567-16c8-11ed-9b5f-1234bde3cd05,RU
1b355895-16c8-11ed-9b5f-1234bde3cd05,DE
1b355c56-16c8-11ed-9b5f-1234bde3cd05,RU
1b3562b4-16c8-11ed-9b5f-1234bde3cd05,RU
1b35659e-16c8-11ed-9b5f-1234bde3cd05,RU
1b35693d-16c8-11ed-9b5f-1234bde3cd05,RU
1b356ccf-16c8-11ed-9b5f-1234bde3cd05,RU
1b35706a-16c8-11ed-9b5f-1234bde3cd05,RU
1b3576bf-16c8-11ed-9b5f-1234bde3cd05,RU
1b357ac5-16c8-11ed-9b5f-1234bde3cd05,RU
1b357e4c-16c8-11ed-9b5f-1234bde3cd05,RU
1b3581b6-16c8-11ed-9b5f-1234bde3cd05,RU
1b3585ee-16c8-11ed-9b5f-1234bde3cd05,RU
1b3589ea-16c8-11ed-9b5f-1234bde3cd05,US
1b358f4c-16c8-11ed-9b5f-1234bde3cd05,RU
1b35936b-16c8-11ed-9b5f-1234bde3cd05,CA
1b3599eb-16c8-11ed-9b5f-1234bde3cd05,RU
1b359d57-16c8-11ed-9b5f-1234bde3cd05,RU
1b35a0a6-16c8-11ed-9b5f-1234bde3cd05,RU
1b35a43e-16c8-11ed-9b5f-1234bde3cd05,DE
1b35ac8c-16c8-11ed-9b5f-1234bde3cd05,RU
1b35b075-16c8-11ed-9b5f-1234bde3cd05,RU
1b35b477-16c8-11ed-9b5f-1234bde3cd05,RU
1b35b785-16c8-11ed-9b5f-1234bde3cd05,RU
1bc96290-16c8-11ed-9b5f-1234bde3cd05,RU
1bc96718-16c8-11ed-9b5f-1234bde3cd05,RU
1bc96d6a-16c8-11ed-9b5f-1234bde3cd05,RU
1bc970d3-16c8-11ed-9b5f-1234bde3cd05,RU
1bc97733-16c8-11ed-9b5f-1234bde3cd05,RU
1bc97a86-16c8-11ed-9b5f-1234bde3cd05,RU
1bc97ddb-16c8-11ed-9b5f-1234bde3cd05,RU
1bc9814e-16c8-11ed-9b5f-1234bde3cd05,RU
1bc9878d-16c8-11ed-9b5f-1234bde3cd05,RU
1bc98b56-16c8-11ed-9b5f-1234bde3cd05,CA
1bcb1909-16c8-11ed-9b5f-1234bde3cd05,GB
1bcb1df1-16c8-11ed-9b5f-1234bde3cd05,GB
1bcb2120-16c8-11ed-9b5f-1234bde3cd05,DE
1bcb2579-16c8-11ed-9b5f-1234bde3cd05,US
1bcb2e13-16c8-11ed-9b5f-1234bde3cd05,IT
1bcb399b-16c8-11ed-9b5f-1234bde3cd05,CA
1bcb3d7e-16c8-11ed-9b5f-1234bde3cd05,FI
1bccccf3-16c8-11ed-9b5f-1234bde3cd05,GB
1bccd42e-16c8-11ed-9b5f-1234bde3cd05,US
1bccd7fe-16c8-11ed-9b5f-1234bde3cd05,CA
1bccdb35-16c8-11ed-9b5f-1234bde3cd05,CA
1bccde70-16c8-11ed-9b5f-1234bde3cd05,RU
1bcce1ab-16c8-11ed-9b5f-1234bde3cd05,IE
1bcce82b-16c8-11ed-9b5f-1234bde3cd05,PK
1bcceb41-16c8-11ed-9b5f-1234bde3cd05,CH
1bce78b3-16c8-11ed-9b5f-1234bde3cd05,MX
1bce7c31-16c8-11ed-9b5f-1234bde3cd05,JP
1bce8a7a-16c8-11ed-9b5f-1234bde3cd05,PT
1bce90d1-16c8-11ed-9b5f-1234bde3cd05,MX
1bce93fa-16c8-11ed-9b5f-1234bde3cd05,GB
1bce980f-16c8-11ed-9b5f-1234bde3cd05,SE
1bcea1fb-16c8-11ed-9b5f-1234bde3cd05,SE
1bcea910-16c8-11ed-9b5f-1234bde3cd05,SE
1bceaf1f-16c8-11ed-9b5f-1234bde3cd05,SE
1bceb258-16c8-11ed-9b5f-1234bde3cd05,SE
1bceb6da-16c8-11ed-9b5f-1234bde3cd05,SE
1bcebb2c-16c8-11ed-9b5f-1234bde3cd05,SE
1bcebfeb-16c8-11ed-9b5f-1234bde3cd05,SE
1bcec6a4-16c8-11ed-9b5f-1234bde3cd05,SE
1bcecaf0-16c8-11ed-9b5f-1234bde3cd05,SE
1bcecf87-16c8-11ed-9b5f-1234bde3cd05,PT
1bcedcf4-16c8-11ed-9b5f-1234bde3cd05,CA
1bcee0ad-16c8-11ed-9b5f-1234bde3cd05,SE
1bcee6fa-16c8-11ed-9b5f-1234bde3cd05,CA
1bceecf0-16c8-11ed-9b5f-1234bde3cd05,CH
1bcef004-16c8-11ed-9b5f-1234bde3cd05,SY
1bcef31b-16c8-11ed-9b5f-1234bde3cd05,FR
1bcef64d-16c8-11ed-9b5f-1234bde3cd05,RU
1bcefca9-16c8-11ed-9b5f-1234bde3cd05,GB
1bcf0009-16c8-11ed-9b5f-1234bde3cd05,TH
1bcf037e-16c8-11ed-9b5f-1234bde3cd05,CA
1bcf06d0-16c8-11ed-9b5f-1234bde3cd05,GB
1bcf0a4f-16c8-11ed-9b5f-1234bde3cd05,LK
1bcf0dbe-16c8-11ed-9b5f-1234bde3cd05,GB
1bcf10be-16c8-11ed-9b5f-1234bde3cd05,DE
1bcf13cb-16c8-11ed-9b5f-1234bde3cd05,IN
1bcf16f3-16c8-11ed-9b5f-1234bde3cd05,GB
1bcf1a39-16c8-11ed-9b5f-1234bde3cd05,NL
1bcf1d9d-16c8-11ed-9b5f-1234bde3cd05,NL
1bcf20c2-16c8-11ed-9b5f-1234bde3cd05,NL
1bcf23d7-16c8-11ed-9b5f-1234bde3cd05,NL
1bcf26ed-16c8-11ed-9b5f-1234bde3cd05,DE
1bcf29fe-16c8-11ed-9b5f-1234bde3cd05,DE
1bcf2cff-16c8-11ed-9b5f-1234bde3cd05,NL
1bcf3017-16c8-11ed-9b5f-1234bde3cd05,NL
1bcf332f-16c8-11ed-9b5f-1234bde3cd05,NL
1bd870e1-16c8-11ed-9b5f-1234bde3cd05,NL
1bd87426-16c8-11ed-9b5f-1234bde3cd05,MX
1bd87769-16c8-11ed-9b5f-1234bde3cd05,CH
1bdd1f94-16c8-11ed-9b5f-1234bde3cd05,NL
1bdd2502-16c8-11ed-9b5f-1234bde3cd05,NL
1bdd2b41-16c8-11ed-9b5f-1234bde3cd05,FR
1bdd310f-16c8-11ed-9b5f-1234bde3cd05,DE
1bdd368f-16c8-11ed-9b5f-1234bde3cd05,JP
1bdd3c8d-16c8-11ed-9b5f-1234bde3cd05,JP
1bdd4254-16c8-11ed-9b5f-1234bde3cd05,JP
1bdd4794-16c8-11ed-9b5f-1234bde3cd05,JP
1bdd4dcf-16c8-11ed-9b5f-1234bde3cd05,JP
1bdd5a9e-16c8-11ed-9b5f-1234bde3cd05,NL
1bdd5fd3-16c8-11ed-9b5f-1234bde3cd05,NL
1bdd65ef-16c8-11ed-9b5f-1234bde3cd05,NL
1bdd6b84-16c8-11ed-9b5f-1234bde3cd05,NL
1bdd70b5-16c8-11ed-9b5f-1234bde3cd05,NL
1bdd75aa-16c8-11ed-9b5f-1234bde3cd05,NL
1bdd7a90-16c8-11ed-9b5f-1234bde3cd05,NL
1bdd810a-16c8-11ed-9b5f-1234bde3cd05,NL
1bece8ea-16c8-11ed-9b5f-1234bde3cd05,NL
1becf410-16c8-11ed-9b5f-1234bde3cd05,MX
1becf7fe-16c8-11ed-9b5f-1234bde3cd05,NL
1becfb25-16c8-11ed-9b5f-1234bde3cd05,ME
1bed003d-16c8-11ed-9b5f-1234bde3cd05,NL
1bed03b5-16c8-11ed-9b5f-1234bde3cd05,FR
1bed0715-16c8-11ed-9b5f-1234bde3cd05,FR
1bed0a54-16c8-11ed-9b5f-1234bde3cd05,FR
1bed0d71-16c8-11ed-9b5f-1234bde3cd05,MX
1bed10a9-16c8-11ed-9b5f-1234bde3cd05,CH
1c05b4d9-16c8-11ed-9b5f-1234bde3cd05,CH
1c05b8e5-16c8-11ed-9b5f-1234bde3cd05,AU
1c05bc15-16c8-11ed-9b5f-1234bde3cd05,NL
1c05bf4d-16c8-11ed-9b5f-1234bde3cd05,NL
1c05c262-16c8-11ed-9b5f-1234bde3cd05,NL
1c05c58f-16c8-11ed-9b5f-1234bde3cd05,NL
1c05c9c7-16c8-11ed-9b5f-1234bde3cd05,NL
1c05cd4f-16c8-11ed-9b5f-1234bde3cd05,NL
1c05d0bb-16c8-11ed-9b5f-1234bde3cd05,NL
1c05d3c8-16c8-11ed-9b5f-1234bde3cd05,NL
1c08eb3b-16c8-11ed-9b5f-1234bde3cd05,NL
1c08eee5-16c8-11ed-9b5f-1234bde3cd05,NL
1c08f22c-16c8-11ed-9b5f-1234bde3cd05,NL
1c08f5d0-16c8-11ed-9b5f-1234bde3cd05,NL
1c08f925-16c8-11ed-9b5f-1234bde3cd05,GB
1c08fcac-16c8-11ed-9b5f-1234bde3cd05,NL
1c090285-16c8-11ed-9b5f-1234bde3cd05,GB
1c090614-16c8-11ed-9b5f-1234bde3cd05,NL
1c09091d-16c8-11ed-9b5f-1234bde3cd05,NL
1c090c26-16c8-11ed-9b5f-1234bde3cd05,NL
1c090f25-16c8-11ed-9b5f-1234bde3cd05,NL
1c0913ea-16c8-11ed-9b5f-1234bde3cd05,NL
1c091725-16c8-11ed-9b5f-1234bde3cd05,NL
1c092021-16c8-11ed-9b5f-1234bde3cd05,NL
1c092347-16c8-11ed-9b5f-1234bde3cd05,NL
1c09263b-16c8-11ed-9b5f-1234bde3cd05,NL
1c092987-16c8-11ed-9b5f-1234bde3cd05,NL
1c092ca1-16c8-11ed-9b5f-1234bde3cd05,NL
1c092fdf-16c8-11ed-9b5f-1234bde3cd05,NL
1c0932f1-16c8-11ed-9b5f-1234bde3cd05,NL
1c0935f6-16c8-11ed-9b5f-1234bde3cd05,NL
1c0938fb-16c8-11ed-9b5f-1234bde3cd05,CN
1c093d25-16c8-11ed-9b5f-1234bde3cd05,FR
1c094056-16c8-11ed-9b5f-1234bde3cd05,NL
1c094354-16c8-11ed-9b5f-1234bde3cd05,NL
1c0947ae-16c8-11ed-9b5f-1234bde3cd05,NL
1c094ad6-16c8-11ed-9b5f-1234bde3cd05,NL
1c094dc0-16c8-11ed-9b5f-1234bde3cd05,NL
1c0950cc-16c8-11ed-9b5f-1234bde3cd05,CR
1c0953ee-16c8-11ed-9b5f-1234bde3cd05,NL
1c0956d8-16c8-11ed-9b5f-1234bde3cd05,NL
1c0959cd-16c8-11ed-9b5f-1234bde3cd05,NL
1c095cb8-16c8-11ed-9b5f-1234bde3cd05,GB
1c09654e-16c8-11ed-9b5f-1234bde3cd05,NL
1c096877-16c8-11ed-9b5f-1234bde3cd05,NL
1c096b68-16c8-11ed-9b5f-1234bde3cd05,NL
1c097378-16c8-11ed-9b5f-1234bde3cd05,CH
1c09769e-16c8-11ed-9b5f-1234bde3cd05,CH
1c0979ad-16c8-11ed-9b5f-1234bde3cd05,CH
1c097ca7-16c8-11ed-9b5f-1234bde3cd05,NL
1c097fa7-16c8-11ed-9b5f-1234bde3cd05,NL
1c098298-16c8-11ed-9b5f-1234bde3cd05,FR
1c098675-16c8-11ed-9b5f-1234bde3cd05,FR
1c098b82-16c8-11ed-9b5f-1234bde3cd05,DE
1c09970b-16c8-11ed-9b5f-1234bde3cd05,NL
1c099c05-16c8-11ed-9b5f-1234bde3cd05,IT
1c09a129-16c8-11ed-9b5f-1234bde3cd05,IT
1c09a621-16c8-11ed-9b5f-1234bde3cd05,BR
1c09b161-16c8-11ed-9b5f-1234bde3cd05,RS
1c09b679-16c8-11ed-9b5f-1234bde3cd05,GB
1c09bba4-16c8-11ed-9b5f-1234bde3cd05,GB
1c09cbfa-16c8-11ed-9b5f-1234bde3cd05,CA
1c09d674-16c8-11ed-9b5f-1234bde3cd05,IN
1c09dca8-16c8-11ed-9b5f-1234bde3cd05,LI
1c09ea1c-16c8-11ed-9b5f-1234bde3cd05,JP
1c09f37c-16c8-11ed-9b5f-1234bde3cd05,DE
1c09f6b0-16c8-11ed-9b5f-1234bde3cd05,CH
1c0a0271-16c8-11ed-9b5f-1234bde3cd05,IE
1c0a05a8-16c8-11ed-9b5f-1234bde3cd05,IT
1c0a0a8c-16c8-11ed-9b5f-1234bde3cd05,US
1c0a18f7-16c8-11ed-9b5f-1234bde3cd05,PL
1c0a1c31-16c8-11ed-9b5f-1234bde3cd05,PL
1c0a1f2d-16c8-11ed-9b5f-1234bde3cd05,PL
1c0a237c-16c8-11ed-9b5f-1234bde3cd05,PL
1c0a2951-16c8-11ed-9b5f-1234bde3cd05,PL
1c0a2c54-16c8-11ed-9b5f-1234bde3cd05,PL
1c0a2fa3-16c8-11ed-9b5f-1234bde3cd05,SA
1c0a3514-16c8-11ed-9b5f-1234bde3cd05,BE
1c0a3a07-16c8-11ed-9b5f-1234bde3cd05,CN
1c0a3d5a-16c8-11ed-9b5f-1234bde3cd05,JP
1c0aaf07-16c8-11ed-9b5f-1234bde3cd05,CH
1c0ac6a8-16c8-11ed-9b5f-1234bde3cd05,DE
1c0adcd8-16c8-11ed-9b5f-1234bde3cd05,DE
1c0aebb5-16c8-11ed-9b5f-1234bde3cd05,MY
1c0af10d-16c8-11ed-9b5f-1234bde3cd05,CH
1c0afb31-16c8-11ed-9b5f-1234bde3cd05,NZ
1c0b00a3-16c8-11ed-9b5f-1234bde3cd05,IT
1c0b13a8-16c8-11ed-9b5f-1234bde3cd05,AU
1c0b197d-16c8-11ed-9b5f-1234bde3cd05,FR
1c0b237b-16c8-11ed-9b5f-1234bde3cd05,GB
1c0b2868-16c8-11ed-9b5f-1234bde3cd05,FR
1c0b2daa-16c8-11ed-9b5f-1234bde3cd05,DE
1c0b3672-16c8-11ed-9b5f-1234bde3cd05,DE
1c0b4131-16c8-11ed-9b5f-1234bde3cd05,DE
1c0b4c9f-16c8-11ed-9b5f-1234bde3cd05,DE
1c0b5356-16c8-11ed-9b5f-1234bde3cd05,DE
1c0b5865-16c8-11ed-9b5f-1234bde3cd05,DE
1c0b5f04-16c8-11ed-9b5f-1234bde3cd05,DE
1c0b6a11-16c8-11ed-9b5f-1234bde3cd05,GR
1c0b7439-16c8-11ed-9b5f-1234bde3cd05,NL
1c0b854b-16c8-11ed-9b5f-1234bde3cd05,AU
1c0b8f34-16c8-11ed-9b5f-1234bde3cd05,AU
1c0b9410-16c8-11ed-9b5f-1234bde3cd05,DE
1c0b9938-16c8-11ed-9b5f-1234bde3cd05,GB
1c0b9f1a-16c8-11ed-9b5f-1234bde3cd05,BY
1c0ba4f0-16c8-11ed-9b5f-1234bde3cd05,BY
1c0bac1e-16c8-11ed-9b5f-1234bde3cd05,CA
1c0bb19f-16c8-11ed-9b5f-1234bde3cd05,DE
1c0bb689-16c8-11ed-9b5f-1234bde3cd05,SE
1c0bbba6-16c8-11ed-9b5f-1234bde3cd05,DK
1c0bc0e1-16c8-11ed-9b5f-1234bde3cd05,BE
1c0bc873-16c8-11ed-9b5f-1234bde3cd05,BE
1c0bcf5b-16c8-11ed-9b5f-1234bde3cd05,GB
1c0bd4d0-16c8-11ed-9b5f-1234bde3cd05,DE
1c0bda00-16c8-11ed-9b5f-1234bde3cd05,AU
1c0be215-16c8-11ed-9b5f-1234bde3cd05,CY
1c0be7d6-16c8-11ed-9b5f-1234bde3cd05,CN
1c0bed14-16c8-11ed-9b5f-1234bde3cd05,AU
1c0bf756-16c8-11ed-9b5f-1234bde3cd05,IE
1c0bfc75-16c8-11ed-9b5f-1234bde3cd05,GB
1c0c03e7-16c8-11ed-9b5f-1234bde3cd05,AU
1c0c0a6a-16c8-11ed-9b5f-1234bde3cd05,AU
1c0c0fba-16c8-11ed-9b5f-1234bde3cd05,GB
1c0c153f-16c8-11ed-9b5f-1234bde3cd05,MX
1c0c1ae8-16c8-11ed-9b5f-1234bde3cd05,AU
1c0c20d7-16c8-11ed-9b5f-1234bde3cd05,AU
1c0c25ed-16c8-11ed-9b5f-1234bde3cd05,AU
1c1877e1-16c8-11ed-9b5f-1234bde3cd05,IE
1c1882d0-16c8-11ed-9b5f-1234bde3cd05,AU
1c188e18-16c8-11ed-9b5f-1234bde3cd05,DZ
1c189831-16c8-11ed-9b5f-1234bde3cd05,MX
1c189dd2-16c8-11ed-9b5f-1234bde3cd05,AU
1c18a7d9-16c8-11ed-9b5f-1234bde3cd05,DE
1c18b9bd-16c8-11ed-9b5f-1234bde3cd05,AU
1c18c087-16c8-11ed-9b5f-1234bde3cd05,DE
1c18c68d-16c8-11ed-9b5f-1234bde3cd05,CA
1c18d1f2-16c8-11ed-9b5f-1234bde3cd05,NL
1c18d71f-16c8-11ed-9b5f-1234bde3cd05,IT
1c18e42c-16c8-11ed-9b5f-1234bde3cd05,IN
1c18e95d-16c8-11ed-9b5f-1234bde3cd05,AU
1c18ef75-16c8-11ed-9b5f-1234bde3cd05,GB
1c18f593-16c8-11ed-9b5f-1234bde3cd05,US
1c18fcf9-16c8-11ed-9b5f-1234bde3cd05,US
1c1903b5-16c8-11ed-9b5f-1234bde3cd05,US
1c1909d1-16c8-11ed-9b5f-1234bde3cd05,US
1c1911b5-16c8-11ed-9b5f-1234bde3cd05,US
1c1917df-16c8-11ed-9b5f-1234bde3cd05,US
1c191f11-16c8-11ed-9b5f-1234bde3cd05,US
1c192634-16c8-11ed-9b5f-1234bde3cd05,US
1c192c2c-16c8-11ed-9b5f-1234bde3cd05,US
1c19388f-16c8-11ed-9b5f-1234bde3cd05,US
1c193eee-16c8-11ed-9b5f-1234bde3cd05,US
1c194ddc-16c8-11ed-9b5f-1234bde3cd05,US
1c195744-16c8-11ed-9b5f-1234bde3cd05,US
1c1968ea-16c8-11ed-9b5f-1234bde3cd05,US
1c196f15-16c8-11ed-9b5f-1234bde3cd05,US
1c197651-16c8-11ed-9b5f-1234bde3cd05,US
1c197fc7-16c8-11ed-9b5f-1234bde3cd05,US
1c1985c8-16c8-11ed-9b5f-1234bde3cd05,US
1c199363-16c8-11ed-9b5f-1234bde3cd05,US
1c1999c9-16c8-11ed-9b5f-1234bde3cd05,US
1c19a021-16c8-11ed-9b5f-1234bde3cd05,US
1c19a552-16c8-11ed-9b5f-1234bde3cd05,DE
1c19ae09-16c8-11ed-9b5f-1234bde3cd05,US
1c19b543-16c8-11ed-9b5f-1234bde3cd05,US
1c19bba0-16c8-11ed-9b5f-1234bde3cd05,US
1c19c252-16c8-11ed-9b5f-1234bde3cd05,US
1c19c887-16c8-11ed-9b5f-1234bde3cd05,US
1c19cfad-16c8-11ed-9b5f-1234bde3cd05,US
1c1e72a3-16c8-11ed-9b5f-1234bde3cd05,US
1c218cb3-16c8-11ed-9b5f-1234bde3cd05,US
1c2192d5-16c8-11ed-9b5f-1234bde3cd05,US
1c219819-16c8-11ed-9b5f-1234bde3cd05,IT
1c219d83-16c8-11ed-9b5f-1234bde3cd05,DE
1c21a2c6-16c8-11ed-9b5f-1234bde3cd05,GB
1c21a81d-16c8-11ed-9b5f-1234bde3cd05,DE
1c21b15c-16c8-11ed-9b5f-1234bde3cd05,SE
1c21b630-16c8-11ed-9b5f-1234bde3cd05,FR
1c21bb28-16c8-11ed-9b5f-1234bde3cd05,FR
1c21c00c-16c8-11ed-9b5f-1234bde3cd05,DE
1c21c4ce-16c8-11ed-9b5f-1234bde3cd05,FR
1c21cb0c-16c8-11ed-9b5f-1234bde3cd05,US
1c21d1ad-16c8-11ed-9b5f-1234bde3cd05,US
1c21d7e4-16c8-11ed-9b5f-1234bde3cd05,US
1c21e1c5-16c8-11ed-9b5f-1234bde3cd05,US
1c23725a-16c8-11ed-9b5f-1234bde3cd05,US
1c237bd1-16c8-11ed-9b5f-1234bde3cd05,US
1c2382f7-16c8-11ed-9b5f-1234bde3cd05,US
1c238a00-16c8-11ed-9b5f-1234bde3cd05,US
1c23908b-16c8-11ed-9b5f-1234bde3cd05,US
1c23a4e1-16c8-11ed-9b5f-1234bde3cd05,US
1c23b108-16c8-11ed-9b5f-1234bde3cd05,US
1c23b76a-16c8-11ed-9b5f-1234bde3cd05,US
1c23bd62-16c8-11ed-9b5f-1234bde3cd05,US
1c23c1fd-16c8-11ed-9b5f-1234bde3cd05,US
1c254fba-16c8-11ed-9b5f-1234bde3cd05,CN
1c2553bd-16c8-11ed-9b5f-1234bde3cd05,CA
1c255b0e-16c8-11ed-9b5f-1234bde3cd05,US
1c255ec3-16c8-11ed-9b5f-1234bde3cd05,US
1c2565c2-16c8-11ed-9b5f-1234bde3cd05,US
1c2569e2-16c8-11ed-9b5f-1234bde3cd05,US
1c256d72-16c8-11ed-9b5f-1234bde3cd05,US
1c257100-16c8-11ed-9b5f-1234bde3cd05,US
1c25751d-16c8-11ed-9b5f-1234bde3cd05,US
1c2578c7-16c8-11ed-9b5f-1234bde3cd05,US
1c257ce0-16c8-11ed-9b5f-1234bde3cd05,US
1c2580d1-16c8-11ed-9b5f-1234bde3cd05,US
1c258595-16c8-11ed-9b5f-1234bde3cd05,US
1c258959-16c8-11ed-9b5f-1234bde3cd05,US
1c25967d-16c8-11ed-9b5f-1234bde3cd05,US
1c259c43-16c8-11ed-9b5f-1234bde3cd05,HR
1c25a1cd-16c8-11ed-9b5f-1234bde3cd05,HR
1c25a70e-16c8-11ed-9b5f-1234bde3cd05,NL
1c25ac72-16c8-11ed-9b5f-1234bde3cd05,IN
1c25b20d-16c8-11ed-9b5f-1234bde3cd05,GB
1c25c753-16c8-11ed-9b5f-1234bde3cd05,TG
1c25cd70-16c8-11ed-9b5f-1234bde3cd05,IE
1c25d2df-16c8-11ed-9b5f-1234bde3cd05,MN
1c25d91e-16c8-11ed-9b5f-1234bde3cd05,GB
1c25e31c-16c8-11ed-9b5f-1234bde3cd05,US
1c25f0be-16c8-11ed-9b5f-1234bde3cd05,MX
1c25fa31-16c8-11ed-9b5f-1234bde3cd05,CA
1c25fffa-16c8-11ed-9b5f-1234bde3cd05,FR
1c2605cf-16c8-11ed-9b5f-1234bde3cd05,GB
1c260abb-16c8-11ed-9b5f-1234bde3cd05,GB
1c261492-16c8-11ed-9b5f-1234bde3cd05,IN
1c261ef7-16c8-11ed-9b5f-1234bde3cd05,IN
1c2624d5-16c8-11ed-9b5f-1234bde3cd05,AT
1c2629f7-16c8-11ed-9b5f-1234bde3cd05,MX
1c262fec-16c8-11ed-9b5f-1234bde3cd05,MX
1c263628-16c8-11ed-9b5f-1234bde3cd05,MX
1c263b55-16c8-11ed-9b5f-1234bde3cd05,AU
1c2641dd-16c8-11ed-9b5f-1234bde3cd05,JP
1c264c74-16c8-11ed-9b5f-1234bde3cd05,NO
1c26546a-16c8-11ed-9b5f-1234bde3cd05,IN
1c2659f4-16c8-11ed-9b5f-1234bde3cd05,AU
1c265fb0-16c8-11ed-9b5f-1234bde3cd05,AU
1c26666a-16c8-11ed-9b5f-1234bde3cd05,FI
1c266ce0-16c8-11ed-9b5f-1234bde3cd05,DE
1c267244-16c8-11ed-9b5f-1234bde3cd05,DE
1c2677d3-16c8-11ed-9b5f-1234bde3cd05,CH
1c267d2e-16c8-11ed-9b5f-1234bde3cd05,MM
1c268427-16c8-11ed-9b5f-1234bde3cd05,CH
1c268942-16c8-11ed-9b5f-1234bde3cd05,AT
1c268e81-16c8-11ed-9b5f-1234bde3cd05,AU
1c2693ce-16c8-11ed-9b5f-1234bde3cd05,DE
1c269941-16c8-11ed-9b5f-1234bde3cd05,AU
1c269fa8-16c8-11ed-9b5f-1234bde3cd05,AU
1c26a51b-16c8-11ed-9b5f-1234bde3cd05,ES
1c26ac0d-16c8-11ed-9b5f-1234bde3cd05,JP
1c26b4de-16c8-11ed-9b5f-1234bde3cd05,JP
1c3dcec5-16c8-11ed-9b5f-1234bde3cd05,JP
1c3dd3df-16c8-11ed-9b5f-1234bde3cd05,JP
1c3dd7a4-16c8-11ed-9b5f-1234bde3cd05,DE
1c3ddac2-16c8-11ed-9b5f-1234bde3cd05,DE
1c3e1326-16c8-11ed-9b5f-1234bde3cd05,MA
1c3e1956-16c8-11ed-9b5f-1234bde3cd05,IN
1c3e2a08-16c8-11ed-9b5f-1234bde3cd05,MA
1c3e2f39-16c8-11ed-9b5f-1234bde3cd05,BR
1c3e3a8d-16c8-11ed-9b5f-1234bde3cd05,FR
1c3e41c8-16c8-11ed-9b5f-1234bde3cd05,US
1c3e4c66-16c8-11ed-9b5f-1234bde3cd05,NL
1c3e51ec-16c8-11ed-9b5f-1234bde3cd05,IT
1c3e5770-16c8-11ed-9b5f-1234bde3cd05,DE
1c3e5f02-16c8-11ed-9b5f-1234bde3cd05,IT
1c3e63eb-16c8-11ed-9b5f-1234bde3cd05,DE
1c3e689f-16c8-11ed-9b5f-1234bde3cd05,DE
1c3e6d83-16c8-11ed-9b5f-1234bde3cd05,GB
1c3e73e0-16c8-11ed-9b5f-1234bde3cd05,CA
1c3e7cca-16c8-11ed-9b5f-1234bde3cd05,ES
1c3e81ea-16c8-11ed-9b5f-1234bde3cd05,ES
1c3e8dd5-16c8-11ed-9b5f-1234bde3cd05,FR
1c3e940e-16c8-11ed-9b5f-1234bde3cd05,US
1c3e9dbd-16c8-11ed-9b5f-1234bde3cd05,FR
1c3ea2a7-16c8-11ed-9b5f-1234bde3cd05,FR
1c3ead56-16c8-11ed-9b5f-1234bde3cd05,DE
1c3eca46-16c8-11ed-9b5f-1234bde3cd05,DE
1c3ed130-16c8-11ed-9b5f-1234bde3cd05,DE
1c3eddef-16c8-11ed-9b5f-1234bde3cd05,GB
1c3ee11d-16c8-11ed-9b5f-1234bde3cd05,BE
1c3ee42f-16c8-11ed-9b5f-1234bde3cd05,MX
1c3ee7f1-16c8-11ed-9b5f-1234bde3cd05,CA
1c3ef10e-16c8-11ed-9b5f-1234bde3cd05,ES
1c3ef8bf-16c8-11ed-9b5f-1234bde3cd05,FR
1c3efc00-16c8-11ed-9b5f-1234bde3cd05,DE
1c3efef1-16c8-11ed-9b5f-1234bde3cd05,FR
1c3f01ca-16c8-11ed-9b5f-1234bde3cd05,DE
1c3f04b7-16c8-11ed-9b5f-1234bde3cd05,FR
1c3f0791-16c8-11ed-9b5f-1234bde3cd05,DE
1c3f0d59-16c8-11ed-9b5f-1234bde3cd05,DE
1c3f104d-16c8-11ed-9b5f-1234bde3cd05,HU
1c3f167c-16c8-11ed-9b5f-1234bde3cd05,HU
1c3f1a28-16c8-11ed-9b5f-1234bde3cd05,AR
1c4544dc-16c8-11ed-9b5f-1234bde3cd05,GB
1c4549ad-16c8-11ed-9b5f-1234bde3cd05,FR
1c454e87-16c8-11ed-9b5f-1234bde3cd05,CH
1c46dce7-16c8-11ed-9b5f-1234bde3cd05,CH
1c46e218-16c8-11ed-9b5f-1234bde3cd05,DE
1c46e7f6-16c8-11ed-9b5f-1234bde3cd05,DE
1c46f17b-16c8-11ed-9b5f-1234bde3cd05,DE
1c46fa59-16c8-11ed-9b5f-1234bde3cd05,CN
1c46ff82-16c8-11ed-9b5f-1234bde3cd05,CN
1c4704fd-16c8-11ed-9b5f-1234bde3cd05,IL
1c4725b9-16c8-11ed-9b5f-1234bde3cd05,IL
1c48dc14-16c8-11ed-9b5f-1234bde3cd05,IL
1c48fd3c-16c8-11ed-9b5f-1234bde3cd05,NL
1c49025d-16c8-11ed-9b5f-1234bde3cd05,IN
1c4907c4-16c8-11ed-9b5f-1234bde3cd05,HU
1c490d32-16c8-11ed-9b5f-1234bde3cd05,IL
1c493095-16c8-11ed-9b5f-1234bde3cd05,GB
1c4ddab6-16c8-11ed-9b5f-1234bde3cd05,CA
1c4de8f0-16c8-11ed-9b5f-1234bde3cd05,GB
1cfbb4e2-16c8-11ed-9b5f-1234bde3cd05,CN
1cfbb9a1-16c8-11ed-9b5f-1234bde3cd05,CN
1cfbc09f-16c8-11ed-9b5f-1234bde3cd05,CN
1cfbc458-16c8-11ed-9b5f-1234bde3cd05,CN
1cfbc7ae-16c8-11ed-9b5f-1234bde3cd05,SE
1cfbce95-16c8-11ed-9b5f-1234bde3cd05,AU
1cfbd57a-16c8-11ed-9b5f-1234bde3cd05,GB
1cfbd8c3-16c8-11ed-9b5f-1234bde3cd05,AT
1cfbdd4e-16c8-11ed-9b5f-1234bde3cd05,AU
1d06a772-16c8-11ed-9b5f-1234bde3cd05,GB
1d09c030-16c8-11ed-9b5f-1234bde3cd05,GB
1d09c622-16c8-11ed-9b5f-1234bde3cd05,MX
1d09dc23-16c8-11ed-9b5f-1234bde3cd05,CA
1d09e762-16c8-11ed-9b5f-1234bde3cd05,AU
1d09ede2-16c8-11ed-9b5f-1234bde3cd05,SE
1d09fa30-16c8-11ed-9b5f-1234bde3cd05,JP
1d0a030b-16c8-11ed-9b5f-1234bde3cd05,CH
1d0a0806-16c8-11ed-9b5f-1234bde3cd05,JP
1d0a0d4a-16c8-11ed-9b5f-1234bde3cd05,JP
1d0a13c2-16c8-11ed-9b5f-1234bde3cd05,CA
1d0a1f4a-16c8-11ed-9b5f-1234bde3cd05,CH
1d0a246b-16c8-11ed-9b5f-1234bde3cd05,CH
1d0a298d-16c8-11ed-9b5f-1234bde3cd05,KR
1d0a3ffc-16c8-11ed-9b5f-1234bde3cd05,KR
1d0a47c9-16c8-11ed-9b5f-1234bde3cd05,KR
1d0a5cd1-16c8-11ed-9b5f-1234bde3cd05,FR
1d0a620e-16c8-11ed-9b5f-1234bde3cd05,FR
1d0a6896-16c8-11ed-9b5f-1234bde3cd05,IT
1d0a6db5-16c8-11ed-9b5f-1234bde3cd05,CN
1d0a731d-16c8-11ed-9b5f-1234bde3cd05,AU
1d0a78bd-16c8-11ed-9b5f-1234bde3cd05,AU
1d0a7efb-16c8-11ed-9b5f-1234bde3cd05,AU
1d0a843b-16c8-11ed-9b5f-1234bde3cd05,PH
1d0a8acc-16c8-11ed-9b5f-1234bde3cd05,IT
1d0a9027-16c8-11ed-9b5f-1234bde3cd05,IT
1d0a9574-16c8-11ed-9b5f-1234bde3cd05,MY
1d0a9ab6-16c8-11ed-9b5f-1234bde3cd05,MY
1d0aa0f2-16c8-11ed-9b5f-1234bde3cd05,AU
1d0aaad0-16c8-11ed-9b5f-1234bde3cd05,AU
1d0ab0c1-16c8-11ed-9b5f-1234bde3cd05,DE
1d0ab98e-16c8-11ed-9b5f-1234bde3cd05,DE
1d0ac158-16c8-11ed-9b5f-1234bde3cd05,AU
1d0ac6f9-16c8-11ed-9b5f-1234bde3cd05,DE
1d0acd33-16c8-11ed-9b5f-1234bde3cd05,AU
1d0ad2fa-16c8-11ed-9b5f-1234bde3cd05,CH
1d0addc3-16c8-11ed-9b5f-1234bde3cd05,CH
1d0ae2ac-16c8-11ed-9b5f-1234bde3cd05,GB
1d0ae7cc-16c8-11ed-9b5f-1234bde3cd05,BE
1d2205d9-16c8-11ed-9b5f-1234bde3cd05,IE
1d220af6-16c8-11ed-9b5f-1234bde3cd05,GB
1d220e61-16c8-11ed-9b5f-1234bde3cd05,EE
1d221358-16c8-11ed-9b5f-1234bde3cd05,EE
1d221886-16c8-11ed-9b5f-1234bde3cd05,EE
1d222cef-16c8-11ed-9b5f-1234bde3cd05,EE
1d2231ef-16c8-11ed-9b5f-1234bde3cd05,EE
1d223816-16c8-11ed-9b5f-1234bde3cd05,EE
1d223cfe-16c8-11ed-9b5f-1234bde3cd05,EE
1d22421c-16c8-11ed-9b5f-1234bde3cd05,EE
1d224738-16c8-11ed-9b5f-1234bde3cd05,EE
1d224c60-16c8-11ed-9b5f-1234bde3cd05,DE
1d2251c8-16c8-11ed-9b5f-1234bde3cd05,JP
1d231f05-16c8-11ed-9b5f-1234bde3cd05,SE
1d23247c-16c8-11ed-9b5f-1234bde3cd05,AT
1d2329dd-16c8-11ed-9b5f-1234bde3cd05,AU
1d23302c-16c8-11ed-9b5f-1234bde3cd05,AU
1d2341a6-16c8-11ed-9b5f-1234bde3cd05,US
1d23473b-16c8-11ed-9b5f-1234bde3cd05,PL
1d234d7b-16c8-11ed-9b5f-1234bde3cd05,FR
1d2352a4-16c8-11ed-9b5f-1234bde3cd05,PK
1d23660b-16c8-11ed-9b5f-1234bde3cd05,FR
1d236b14-16c8-11ed-9b5f-1234bde3cd05,CH
1d237dc4-16c8-11ed-9b5f-1234bde3cd05,CH
1d238408-16c8-11ed-9b5f-1234bde3cd05,CH
1d238ff0-16c8-11ed-9b5f-1234bde3cd05,CH
1d23956b-16c8-11ed-9b5f-1234bde3cd05,CH
1d3dc889-16c8-11ed-9b5f-1234bde3cd05,CH
1d3dda9e-16c8-11ed-9b5f-1234bde3cd05,CH
1d3ddfe6-16c8-11ed-9b5f-1234bde3cd05,FR
1d3de52c-16c8-11ed-9b5f-1234bde3cd05,FR
1d3df29c-16c8-11ed-9b5f-1234bde3cd05,CA
1d3df8bb-16c8-11ed-9b5f-1234bde3cd05,BR
1d3dfe4f-16c8-11ed-9b5f-1234bde3cd05,AI
1d3e0591-16c8-11ed-9b5f-1234bde3cd05,BO
1d3e122f-16c8-11ed-9b5f-1234bde3cd05,GB
1d3e1762-16c8-11ed-9b5f-1234bde3cd05,GB
1d3e1c87-16c8-11ed-9b5f-1234bde3cd05,DE
1d3e229e-16c8-11ed-9b5f-1234bde3cd05,CA
1d3e2e2c-16c8-11ed-9b5f-1234bde3cd05,CA
1d3e3379-16c8-11ed-9b5f-1234bde3cd05,LK
1d3e3872-16c8-11ed-9b5f-1234bde3cd05,FR
1d3e3d74-16c8-11ed-9b5f-1234bde3cd05,DE
1d3e42db-16c8-11ed-9b5f-1234bde3cd05,GB
1d3e4958-16c8-11ed-9b5f-1234bde3cd05,IT
1d3e4eff-16c8-11ed-9b5f-1234bde3cd05,IT
1d3e55ba-16c8-11ed-9b5f-1234bde3cd05,CA
1d3e5958-16c8-11ed-9b5f-1234bde3cd05,CR
1d3e6078-16c8-11ed-9b5f-1234bde3cd05,SV
1d3e641c-16c8-11ed-9b5f-1234bde3cd05,FR
1d3e672b-16c8-11ed-9b5f-1234bde3cd05,PT
1d3e6abe-16c8-11ed-9b5f-1234bde3cd05,DE
1d3e6e6f-16c8-11ed-9b5f-1234bde3cd05,AU
1d3e7176-16c8-11ed-9b5f-1234bde3cd05,IN
1d3e74f6-16c8-11ed-9b5f-1234bde3cd05,JP
1d3e7940-16c8-11ed-9b5f-1234bde3cd05,JP
1d3e7c8d-16c8-11ed-9b5f-1234bde3cd05,JP
1d3e8100-16c8-11ed-9b5f-1234bde3cd05,JP
1d3e854a-16c8-11ed-9b5f-1234bde3cd05,JP
1d3e89f2-16c8-11ed-9b5f-1234bde3cd05,JP
1d3e8d6e-16c8-11ed-9b5f-1234bde3cd05,JP
1d3e928f-16c8-11ed-9b5f-1234bde3cd05,FI
1d3e95bd-16c8-11ed-9b5f-1234bde3cd05,IT
1d3e98b0-16c8-11ed-9b5f-1234bde3cd05,IT
1d3e9bb9-16c8-11ed-9b5f-1234bde3cd05,DE
1d3e9ea9-16c8-11ed-9b5f-1234bde3cd05,DE
1d3ea1a9-16c8-11ed-9b5f-1234bde3cd05,DE
1d3ea49d-16c8-11ed-9b5f-1234bde3cd05,DE
1d3ea7e5-16c8-11ed-9b5f-1234bde3cd05,DE
1d3eaaf1-16c8-11ed-9b5f-1234bde3cd05,SL
1d3eae9b-16c8-11ed-9b5f-1234bde3cd05,US
1d3eb522-16c8-11ed-9b5f-1234bde3cd05,US
1d3ec090-16c8-11ed-9b5f-1234bde3cd05,US
1d3ecfa4-16c8-11ed-9b5f-1234bde3cd05,US
1d3ed5aa-16c8-11ed-9b5f-1234bde3cd05,DE
1d3ed933-16c8-11ed-9b5f-1234bde3cd05,US
1d3ee21b-16c8-11ed-9b5f-1234bde3cd05,US
1d3ee677-16c8-11ed-9b5f-1234bde3cd05,DE
1d3eea74-16c8-11ed-9b5f-1234bde3cd05,US
1d3ef2b5-16c8-11ed-9b5f-1234bde3cd05,DE
1d3ef5c0-16c8-11ed-9b5f-1234bde3cd05,TR
1d3ef8cc-16c8-11ed-9b5f-1234bde3cd05,DE
1d3efeb1-16c8-11ed-9b5f-1234bde3cd05,GB
1d3f01e7-16c8-11ed-9b5f-1234bde3cd05,ES
1d3f0536-16c8-11ed-9b5f-1234bde3cd05,GB
1d3f0afb-16c8-11ed-9b5f-1234bde3cd05,SD
1d3f0e5d-16c8-11ed-9b5f-1234bde3cd05,FR
1d3f11c8-16c8-11ed-9b5f-1234bde3cd05,CN
1d3f1502-16c8-11ed-9b5f-1234bde3cd05,GB
1d3f1c37-16c8-11ed-9b5f-1234bde3cd05,DE
1d3f1f32-16c8-11ed-9b5f-1234bde3cd05,DE
1d3f255e-16c8-11ed-9b5f-1234bde3cd05,IT
1d3f2ecd-16c8-11ed-9b5f-1234bde3cd05,MX
1d3f3214-16c8-11ed-9b5f-1234bde3cd05,DE
1d3f357d-16c8-11ed-9b5f-1234bde3cd05,GB
1d3f3c28-16c8-11ed-9b5f-1234bde3cd05,NL
1d3f3f3e-16c8-11ed-9b5f-1234bde3cd05,GB
1d3f4259-16c8-11ed-9b5f-1234bde3cd05,GB
1d3f45e3-16c8-11ed-9b5f-1234bde3cd05,DE
1d3f48e7-16c8-11ed-9b5f-1234bde3cd05,HU
1d3f4be5-16c8-11ed-9b5f-1234bde3cd05,GB
1d3f4ebf-16c8-11ed-9b5f-1234bde3cd05,DE
1d3f550c-16c8-11ed-9b5f-1234bde3cd05,DE
1d3f5834-16c8-11ed-9b5f-1234bde3cd05,IN
1d3f5bcc-16c8-11ed-9b5f-1234bde3cd05,BE
1d3f5ef3-16c8-11ed-9b5f-1234bde3cd05,NO
1d3f628f-16c8-11ed-9b5f-1234bde3cd05,DE
1d3f67a7-16c8-11ed-9b5f-1234bde3cd05,IT
1d3f6aae-16c8-11ed-9b5f-1234bde3cd05,GB
1d3f7022-16c8-11ed-9b5f-1234bde3cd05,GB
1d3f7423-16c8-11ed-9b5f-1234bde3cd05,US
1d3f7d72-16c8-11ed-9b5f-1234bde3cd05,AU
1d3f817b-16c8-11ed-9b5f-1234bde3cd05,AU
1d3f8971-16c8-11ed-9b5f-1234bde3cd05,CA
1d3f8cb0-16c8-11ed-9b5f-1234bde3cd05,IT
1d3f92dd-16c8-11ed-9b5f-1234bde3cd05,GB
1d3f95db-16c8-11ed-9b5f-1234bde3cd05,AR
1d3f9943-16c8-11ed-9b5f-1234bde3cd05,AR
1d3f9c64-16c8-11ed-9b5f-1234bde3cd05,AR
1d3f9f55-16c8-11ed-9b5f-1234bde3cd05,AR
1d3fa53b-16c8-11ed-9b5f-1234bde3cd05,AR
1d3fa8fe-16c8-11ed-9b5f-1234bde3cd05,DE
1d3fac80-16c8-11ed-9b5f-1234bde3cd05,AR
1d3fb17d-16c8-11ed-9b5f-1234bde3cd05,AR
1d3fb4aa-16c8-11ed-9b5f-1234bde3cd05,AR
1d3fc09d-16c8-11ed-9b5f-1234bde3cd05,AR
1d3fc3cf-16c8-11ed-9b5f-1234bde3cd05,AR
1d3fc727-16c8-11ed-9b5f-1234bde3cd05,AR
1d3fca3d-16c8-11ed-9b5f-1234bde3cd05,AR
1d3fcd1c-16c8-11ed-9b5f-1234bde3cd05,AR
1d3fd022-16c8-11ed-9b5f-1234bde3cd05,AR
1d3fd2fe-16c8-11ed-9b5f-1234bde3cd05,AR
1d3fdcb5-16c8-11ed-9b5f-1234bde3cd05,AR
1d3fdf85-16c8-11ed-9b5f-1234bde3cd05,AR
1d3fe2d0-16c8-11ed-9b5f-1234bde3cd05,AR
1d3fe5d1-16c8-11ed-9b5f-1234bde3cd05,AR
1d3fe8b6-16c8-11ed-9b5f-1234bde3cd05,AR
1d3feb93-16c8-11ed-9b5f-1234bde3cd05,AR
1d3feea3-16c8-11ed-9b5f-1234bde3cd05,AR
1d3ff4d1-16c8-11ed-9b5f-1234bde3cd05,AR
1d4012e2-16c8-11ed-9b5f-1234bde3cd05,IT
1d401657-16c8-11ed-9b5f-1234bde3cd05,AR
1d401957-16c8-11ed-9b5f-1234bde3cd05,AR
1d401f36-16c8-11ed-9b5f-1234bde3cd05,AR
1d402437-16c8-11ed-9b5f-1234bde3cd05,AR
1d4028dd-16c8-11ed-9b5f-1234bde3cd05,AR
1d403da9-16c8-11ed-9b5f-1234bde3cd05,AR
1d4042e3-16c8-11ed-9b5f-1234bde3cd05,AR
1d404d32-16c8-11ed-9b5f-1234bde3cd05,AR
1d405259-16c8-11ed-9b5f-1234bde3cd05,AR
1d4057c1-16c8-11ed-9b5f-1234bde3cd05,AR
1d405cbf-16c8-11ed-9b5f-1234bde3cd05,AR
1d406224-16c8-11ed-9b5f-1234bde3cd05,AR
1d40675f-16c8-11ed-9b5f-1234bde3cd05,AR
1d4071bd-16c8-11ed-9b5f-1234bde3cd05,AR
1d40766b-16c8-11ed-9b5f-1234bde3cd05,AR
1d407b45-16c8-11ed-9b5f-1234bde3cd05,AR
1d408054-16c8-11ed-9b5f-1234bde3cd05,AR
1d42166a-16c8-11ed-9b5f-1234bde3cd05,AR
1d421bce-16c8-11ed-9b5f-1234bde3cd05,AR
1d422149-16c8-11ed-9b5f-1234bde3cd05,AR
1d422bdc-16c8-11ed-9b5f-1234bde3cd05,AR
1d4236a4-16c8-11ed-9b5f-1234bde3cd05,AR
1d423bec-16c8-11ed-9b5f-1234bde3cd05,AR
1d424718-16c8-11ed-9b5f-1234bde3cd05,AR
1d42529d-16c8-11ed-9b5f-1234bde3cd05,AR
1d4258a2-16c8-11ed-9b5f-1234bde3cd05,AR
1d42628b-16c8-11ed-9b5f-1234bde3cd05,AR
1d426788-16c8-11ed-9b5f-1234bde3cd05,AR
1d426c53-16c8-11ed-9b5f-1234bde3cd05,AR
1d427212-16c8-11ed-9b5f-1234bde3cd05,AR
1d427713-16c8-11ed-9b5f-1234bde3cd05,AR
1d427c62-16c8-11ed-9b5f-1234bde3cd05,AR
1d428144-16c8-11ed-9b5f-1234bde3cd05,AR
1d4286b5-16c8-11ed-9b5f-1234bde3cd05,AR
1d429976-16c8-11ed-9b5f-1234bde3cd05,AR
1d429f71-16c8-11ed-9b5f-1234bde3cd05,AR
1d42a4fb-16c8-11ed-9b5f-1234bde3cd05,AR
1d42ab1d-16c8-11ed-9b5f-1234bde3cd05,AR
1d42b007-16c8-11ed-9b5f-1234bde3cd05,AR
1d42b5c7-16c8-11ed-9b5f-1234bde3cd05,AR
1d42be15-16c8-11ed-9b5f-1234bde3cd05,AR
1d42c464-16c8-11ed-9b5f-1234bde3cd05,AR
1d42c778-16c8-11ed-9b5f-1234bde3cd05,AR
1d42cd3b-16c8-11ed-9b5f-1234bde3cd05,AR
1d42d001-16c8-11ed-9b5f-1234bde3cd05,AR
1d42d2e7-16c8-11ed-9b5f-1234bde3cd05,AR
1d42d963-16c8-11ed-9b5f-1234bde3cd05,AR
1d42dc42-16c8-11ed-9b5f-1234bde3cd05,AR
1d42df82-16c8-11ed-9b5f-1234bde3cd05,AR
1d42e81a-16c8-11ed-9b5f-1234bde3cd05,AR
1d42eb0b-16c8-11ed-9b5f-1234bde3cd05,AR
1d42edfe-16c8-11ed-9b5f-1234bde3cd05,AR
1d42f188-16c8-11ed-9b5f-1234bde3cd05,AR
1d42f456-16c8-11ed-9b5f-1234bde3cd05,AR
1d42f7c6-16c8-11ed-9b5f-1234bde3cd05,AR
1d42fb38-16c8-11ed-9b5f-1234bde3cd05,AR
1d430065-16c8-11ed-9b5f-1234bde3cd05,AR
1d430598-16c8-11ed-9b5f-1234bde3cd05,AR
1d4310c0-16c8-11ed-9b5f-1234bde3cd05,AR
1d431915-16c8-11ed-9b5f-1234bde3cd05,AR
1d432bae-16c8-11ed-9b5f-1234bde3cd05,AR
1d43365f-16c8-11ed-9b5f-1234bde3cd05,AR
1d433cc0-16c8-11ed-9b5f-1234bde3cd05,AR
1d434a39-16c8-11ed-9b5f-1234bde3cd05,AR
1d434f4b-16c8-11ed-9b5f-1234bde3cd05,AR
1d435447-16c8-11ed-9b5f-1234bde3cd05,AR
1d4359c6-16c8-11ed-9b5f-1234bde3cd05,AR
1d435ef3-16c8-11ed-9b5f-1234bde3cd05,AR
1d436ea4-16c8-11ed-9b5f-1234bde3cd05,AR
1d437437-16c8-11ed-9b5f-1234bde3cd05,AR
1d4384fc-16c8-11ed-9b5f-1234bde3cd05,AR
1d439452-16c8-11ed-9b5f-1234bde3cd05,AR
1d43995d-16c8-11ed-9b5f-1234bde3cd05,AR
1d439ead-16c8-11ed-9b5f-1234bde3cd05,AR
1d43a5d2-16c8-11ed-9b5f-1234bde3cd05,AR
1d43ab2b-16c8-11ed-9b5f-1234bde3cd05,AR
1d43b08e-16c8-11ed-9b5f-1234bde3cd05,AR
1d43b58a-16c8-11ed-9b5f-1234bde3cd05,AR
1d43ba41-16c8-11ed-9b5f-1234bde3cd05,AR
1d43c000-16c8-11ed-9b5f-1234bde3cd05,AR
1d43cb97-16c8-11ed-9b5f-1234bde3cd05,AR
1d43d085-16c8-11ed-9b5f-1234bde3cd05,AR
1d43d5ed-16c8-11ed-9b5f-1234bde3cd05,AR
1d43db0c-16c8-11ed-9b5f-1234bde3cd05,AR
1d43e0d7-16c8-11ed-9b5f-1234bde3cd05,AR
1d43ea27-16c8-11ed-9b5f-1234bde3cd05,AR
1d43ef4d-16c8-11ed-9b5f-1234bde3cd05,AR
1d43f498-16c8-11ed-9b5f-1234bde3cd05,AR
1d43f9de-16c8-11ed-9b5f-1234bde3cd05,AR
1d43fffd-16c8-11ed-9b5f-1234bde3cd05,AR
1d440602-16c8-11ed-9b5f-1234bde3cd05,AR
1d440b56-16c8-11ed-9b5f-1234bde3cd05,AR
1d441c36-16c8-11ed-9b5f-1234bde3cd05,AR
1d442142-16c8-11ed-9b5f-1234bde3cd05,AR
1d569e03-16c8-11ed-9b5f-1234bde3cd05,AR
1d56a5e7-16c8-11ed-9b5f-1234bde3cd05,AR
1d583372-16c8-11ed-9b5f-1234bde3cd05,AR
1d5836e3-16c8-11ed-9b5f-1234bde3cd05,AR
1d583a2f-16c8-11ed-9b5f-1234bde3cd05,AR
1d584059-16c8-11ed-9b5f-1234bde3cd05,AR
1d584400-16c8-11ed-9b5f-1234bde3cd05,AR
1d58475f-16c8-11ed-9b5f-1234bde3cd05,AR
1d584b30-16c8-11ed-9b5f-1234bde3cd05,AR
1d585461-16c8-11ed-9b5f-1234bde3cd05,AR
1d585757-16c8-11ed-9b5f-1234bde3cd05,AR
1d585d6d-16c8-11ed-9b5f-1234bde3cd05,AR
1d586b77-16c8-11ed-9b5f-1234bde3cd05,AR
1d587a40-16c8-11ed-9b5f-1234bde3cd05,AR
1d587d48-16c8-11ed-9b5f-1234bde3cd05,AR
1d588035-16c8-11ed-9b5f-1234bde3cd05,AR
1d588a9c-16c8-11ed-9b5f-1234bde3cd05,AR
1d588d9a-16c8-11ed-9b5f-1234bde3cd05,AR
1d589221-16c8-11ed-9b5f-1234bde3cd05,AR
1d589563-16c8-11ed-9b5f-1234bde3cd05,AR
1d589e99-16c8-11ed-9b5f-1234bde3cd05,AR
1d58a17b-16c8-11ed-9b5f-1234bde3cd05,AR
1d58a48d-16c8-11ed-9b5f-1234bde3cd05,AR
1d58a798-16c8-11ed-9b5f-1234bde3cd05,AR
1d58ad73-16c8-11ed-9b5f-1234bde3cd05,AR
1d5bc599-16c8-11ed-9b5f-1234bde3cd05,AR
1d5bd010-16c8-11ed-9b5f-1234bde3cd05,AR
1d5bd84d-16c8-11ed-9b5f-1234bde3cd05,AR
1d5bdbf4-16c8-11ed-9b5f-1234bde3cd05,AR
1d5bdf13-16c8-11ed-9b5f-1234bde3cd05,AR
1d5be239-16c8-11ed-9b5f-1234bde3cd05,AR
1d5be537-16c8-11ed-9b5f-1234bde3cd05,AR
1d5be876-16c8-11ed-9b5f-1234bde3cd05,AR
1d5bedc8-16c8-11ed-9b5f-1234bde3cd05,AR
1d5bf15b-16c8-11ed-9b5f-1234bde3cd05,AR
1d5bfd7c-16c8-11ed-9b5f-1234bde3cd05,AR
1d5c0062-16c8-11ed-9b5f-1234bde3cd05,AR
1d5c039b-16c8-11ed-9b5f-1234bde3cd05,AR
1d5c0a7d-16c8-11ed-9b5f-1234bde3cd05,AR
1d5c0db5-16c8-11ed-9b5f-1234bde3cd05,AR
1d5c10cd-16c8-11ed-9b5f-1234bde3cd05,AR
1d5c1414-16c8-11ed-9b5f-1234bde3cd05,AR
1d5c1a45-16c8-11ed-9b5f-1234bde3cd05,AR
1d5c1d42-16c8-11ed-9b5f-1234bde3cd05,AR
1d5c204f-16c8-11ed-9b5f-1234bde3cd05,AR
1d5c23ca-16c8-11ed-9b5f-1234bde3cd05,AR
1d63d788-16c8-11ed-9b5f-1234bde3cd05,AR
1d63e0c6-16c8-11ed-9b5f-1234bde3cd05,AR
1d63e770-16c8-11ed-9b5f-1234bde3cd05,PH
1d734ec2-16c8-11ed-9b5f-1234bde3cd05,PH
1d73525b-16c8-11ed-9b5f-1234bde3cd05,PH
1d735592-16c8-11ed-9b5f-1234bde3cd05,PH
1d735ef6-16c8-11ed-9b5f-1234bde3cd05,PH
1d736503-16c8-11ed-9b5f-1234bde3cd05,PH
1d736a0f-16c8-11ed-9b5f-1234bde3cd05,PH
1d737000-16c8-11ed-9b5f-1234bde3cd05,PH
1d737a0b-16c8-11ed-9b5f-1234bde3cd05,PH
1d737ef8-16c8-11ed-9b5f-1234bde3cd05,PH
1d73893e-16c8-11ed-9b5f-1234bde3cd05,PH
1d738df5-16c8-11ed-9b5f-1234bde3cd05,PH
1d739dc2-16c8-11ed-9b5f-1234bde3cd05,PH
1d73a7ef-16c8-11ed-9b5f-1234bde3cd05,PH
1d73ab23-16c8-11ed-9b5f-1234bde3cd05,PH
1d73b210-16c8-11ed-9b5f-1234bde3cd05,PH
1d73b4ff-16c8-11ed-9b5f-1234bde3cd05,PH
1d73b859-16c8-11ed-9b5f-1234bde3cd05,PH
1d73bb73-16c8-11ed-9b5f-1234bde3cd05,PH
1d73be5c-16c8-11ed-9b5f-1234bde3cd05,PH
1d73c142-16c8-11ed-9b5f-1234bde3cd05,PH
1d73c419-16c8-11ed-9b5f-1234bde3cd05,PH
1d73ca54-16c8-11ed-9b5f-1234bde3cd05,PH
1d73d0d7-16c8-11ed-9b5f-1234bde3cd05,PH
1d73d415-16c8-11ed-9b5f-1234bde3cd05,PH
1d73e29a-16c8-11ed-9b5f-1234bde3cd05,PH
1d73e575-16c8-11ed-9b5f-1234bde3cd05,PH
1d73eb90-16c8-11ed-9b5f-1234bde3cd05,PH
1d73ee63-16c8-11ed-9b5f-1234bde3cd05,PH
1d73f143-16c8-11ed-9b5f-1234bde3cd05,PH
1d73f40d-16c8-11ed-9b5f-1234bde3cd05,PH
1d73f6f4-16c8-11ed-9b5f-1234bde3cd05,PH
1d7400cd-16c8-11ed-9b5f-1234bde3cd05,PH
1d7405d9-16c8-11ed-9b5f-1234bde3cd05,PH
1d740acc-16c8-11ed-9b5f-1234bde3cd05,PH
1d7410ff-16c8-11ed-9b5f-1234bde3cd05,PH
1d74160a-16c8-11ed-9b5f-1234bde3cd05,PH
1d741ac4-16c8-11ed-9b5f-1234bde3cd05,PH
1d741fb8-16c8-11ed-9b5f-1234bde3cd05,PH
1d7424b9-16c8-11ed-9b5f-1234bde3cd05,PH
1d742969-16c8-11ed-9b5f-1234bde3cd05,PH
1d742e20-16c8-11ed-9b5f-1234bde3cd05,PH
1d74353a-16c8-11ed-9b5f-1234bde3cd05,PH
1d743bb3-16c8-11ed-9b5f-1234bde3cd05,PH
1d74411b-16c8-11ed-9b5f-1234bde3cd05,PH
1d744ae2-16c8-11ed-9b5f-1234bde3cd05,PH
1d7455b3-16c8-11ed-9b5f-1234bde3cd05,PH
1d745a86-16c8-11ed-9b5f-1234bde3cd05,PH
1d746028-16c8-11ed-9b5f-1234bde3cd05,PH
1d746ba9-16c8-11ed-9b5f-1234bde3cd05,PH
1d747221-16c8-11ed-9b5f-1234bde3cd05,PH
1e192ad4-16c8-11ed-9b5f-1234bde3cd05,PH
1e192f8d-16c8-11ed-9b5f-1234bde3cd05,PH
1e23fb2d-16c8-11ed-9b5f-1234bde3cd05,PH
1e2400e9-16c8-11ed-9b5f-1234bde3cd05,PH
1e2405e2-16c8-11ed-9b5f-1234bde3cd05,PH
1e24139b-16c8-11ed-9b5f-1234bde3cd05,PH
1e241800-16c8-11ed-9b5f-1234bde3cd05,PH
1e241cde-16c8-11ed-9b5f-1234bde3cd05,PH
1e242207-16c8-11ed-9b5f-1234bde3cd05,PH
1e24271b-16c8-11ed-9b5f-1234bde3cd05,PH
1e242bdf-16c8-11ed-9b5f-1234bde3cd05,PH
1e2434ce-16c8-11ed-9b5f-1234bde3cd05,PH
1e2439af-16c8-11ed-9b5f-1234bde3cd05,GB
1e243e85-16c8-11ed-9b5f-1234bde3cd05,PH
1e24431a-16c8-11ed-9b5f-1234bde3cd05,PH
1e2447d0-16c8-11ed-9b5f-1234bde3cd05,PH
1e245120-16c8-11ed-9b5f-1234bde3cd05,PH
1e2455f4-16c8-11ed-9b5f-1234bde3cd05,PH
1e245aef-16c8-11ed-9b5f-1234bde3cd05,PH
1e24616e-16c8-11ed-9b5f-1234bde3cd05,PH
1e246b26-16c8-11ed-9b5f-1234bde3cd05,PH
1e246e58-16c8-11ed-9b5f-1234bde3cd05,PH
1e247732-16c8-11ed-9b5f-1234bde3cd05,PH
1e247a80-16c8-11ed-9b5f-1234bde3cd05,PH
1e248063-16c8-11ed-9b5f-1234bde3cd05,PH
1e248376-16c8-11ed-9b5f-1234bde3cd05,PH
1e248687-16c8-11ed-9b5f-1234bde3cd05,PH
1e2489a0-16c8-11ed-9b5f-1234bde3cd05,PH
1e248cfd-16c8-11ed-9b5f-1234bde3cd05,PH
1e249635-16c8-11ed-9b5f-1234bde3cd05,PH
1e249915-16c8-11ed-9b5f-1234bde3cd05,PH
1e249ed9-16c8-11ed-9b5f-1234bde3cd05,PH
1e24a1d9-16c8-11ed-9b5f-1234bde3cd05,PH
1e24a4b7-16c8-11ed-9b5f-1234bde3cd05,PH
1e24a7eb-16c8-11ed-9b5f-1234bde3cd05,PH
1e24aabf-16c8-11ed-9b5f-1234bde3cd05,PH
1e24adb4-16c8-11ed-9b5f-1234bde3cd05,PH
1e24b3c9-16c8-11ed-9b5f-1234bde3cd05,PH
1e24c267-16c8-11ed-9b5f-1234bde3cd05,PH
1e24cbdf-16c8-11ed-9b5f-1234bde3cd05,PH
1e24d0de-16c8-11ed-9b5f-1234bde3cd05,PH
1e24d580-16c8-11ed-9b5f-1234bde3cd05,PH
1e24da42-16c8-11ed-9b5f-1234bde3cd05,PH
1e24e515-16c8-11ed-9b5f-1234bde3cd05,PH
1e24e97a-16c8-11ed-9b5f-1234bde3cd05,PH
1e24efdd-16c8-11ed-9b5f-1234bde3cd05,PH
1e24fa26-16c8-11ed-9b5f-1234bde3cd05,PH
1e25009b-16c8-11ed-9b5f-1234bde3cd05,PH
1e251705-16c8-11ed-9b5f-1234bde3cd05,PH
1e251b8d-16c8-11ed-9b5f-1234bde3cd05,PH
1e252015-16c8-11ed-9b5f-1234bde3cd05,PH
1e252598-16c8-11ed-9b5f-1234bde3cd05,PH
1e3dcc48-16c8-11ed-9b5f-1234bde3cd05,PH
1e3dd1ff-16c8-11ed-9b5f-1234bde3cd05,PH
1e3dd6f3-16c8-11ed-9b5f-1234bde3cd05,PH
1e3ddc65-16c8-11ed-9b5f-1234bde3cd05,PH
1e440a2f-16c8-11ed-9b5f-1234bde3cd05,PH
1e44101b-16c8-11ed-9b5f-1234bde3cd05,PH
1e4425d3-16c8-11ed-9b5f-1234bde3cd05,PH
1e442a71-16c8-11ed-9b5f-1234bde3cd05,PH
1e4436cb-16c8-11ed-9b5f-1234bde3cd05,PH
1e443bb6-16c8-11ed-9b5f-1234bde3cd05,PH
1e44407c-16c8-11ed-9b5f-1234bde3cd05,PH
1e44498d-16c8-11ed-9b5f-1234bde3cd05,PH
1e444e3e-16c8-11ed-9b5f-1234bde3cd05,PH
1e445db0-16c8-11ed-9b5f-1234bde3cd05,PH
1e446227-16c8-11ed-9b5f-1234bde3cd05,PH
1e4474a9-16c8-11ed-9b5f-1234bde3cd05,PH
1e44792e-16c8-11ed-9b5f-1234bde3cd05,PH
1e448068-16c8-11ed-9b5f-1234bde3cd05,PH
1e44863b-16c8-11ed-9b5f-1234bde3cd05,PH
1e448c64-16c8-11ed-9b5f-1234bde3cd05,PH
1e44911d-16c8-11ed-9b5f-1234bde3cd05,PH
1e449674-16c8-11ed-9b5f-1234bde3cd05,PH
1e449b83-16c8-11ed-9b5f-1234bde3cd05,PH
1e44a1bd-16c8-11ed-9b5f-1234bde3cd05,PH
1e44a644-16c8-11ed-9b5f-1234bde3cd05,PH
1e44af5d-16c8-11ed-9b5f-1234bde3cd05,PH
1e44b429-16c8-11ed-9b5f-1234bde3cd05,PH
1e44b934-16c8-11ed-9b5f-1234bde3cd05,PH
1e44bed1-16c8-11ed-9b5f-1234bde3cd05,PH
1e44c377-16c8-11ed-9b5f-1234bde3cd05,PH
1e44cc5f-16c8-11ed-9b5f-1234bde3cd05,IT
1e44d10f-16c8-11ed-9b5f-1234bde3cd05,IT
1e44d57c-16c8-11ed-9b5f-1234bde3cd05,JP
1e5d81e5-16c8-11ed-9b5f-1234bde3cd05,FR
1e5d86d9-16c8-11ed-9b5f-1234bde3cd05,TH
1e5d8be0-16c8-11ed-9b5f-1234bde3cd05,ES
1e5d9109-16c8-11ed-9b5f-1234bde3cd05,ML
1e5d95f6-16c8-11ed-9b5f-1234bde3cd05,SN
1e5d9ad8-16c8-11ed-9b5f-1234bde3cd05,AT
1e5d9fb2-16c8-11ed-9b5f-1234bde3cd05,IT
1e5da5aa-16c8-11ed-9b5f-1234bde3cd05,CA
1e5dab61-16c8-11ed-9b5f-1234bde3cd05,CA
1e5db08c-16c8-11ed-9b5f-1234bde3cd05,FI
1e5db5c5-16c8-11ed-9b5f-1234bde3cd05,UY
1e5dbb5b-16c8-11ed-9b5f-1234bde3cd05,AU
1e5dc0d9-16c8-11ed-9b5f-1234bde3cd05,DE
1e5dc5f6-16c8-11ed-9b5f-1234bde3cd05,LK
1e5dcabf-16c8-11ed-9b5f-1234bde3cd05,LK
1e5dd082-16c8-11ed-9b5f-1234bde3cd05,NL
1e5dd697-16c8-11ed-9b5f-1234bde3cd05,US
1e5ded61-16c8-11ed-9b5f-1234bde3cd05,CA
1e5df24d-16c8-11ed-9b5f-1234bde3cd05,DE
1e5df701-16c8-11ed-9b5f-1234bde3cd05,DE
1e5dff26-16c8-11ed-9b5f-1234bde3cd05,CM
1e5e0761-16c8-11ed-9b5f-1234bde3cd05,IT
1e5e0d24-16c8-11ed-9b5f-1234bde3cd05,DE
1e5e1719-16c8-11ed-9b5f-1234bde3cd05,NO
1e5e1c03-16c8-11ed-9b5f-1234bde3cd05,FR
1e5e20b2-16c8-11ed-9b5f-1234bde3cd05,FI
1e5e255d-16c8-11ed-9b5f-1234bde3cd05,GB
1e5e2f86-16c8-11ed-9b5f-1234bde3cd05,GB
1e5e3525-16c8-11ed-9b5f-1234bde3cd05,CA
1e5e3a63-16c8-11ed-9b5f-1234bde3cd05,GB
1e5e3fe0-16c8-11ed-9b5f-1234bde3cd05,CA
1e5ea45f-16c8-11ed-9b5f-1234bde3cd05,TR
1e5ea9fb-16c8-11ed-9b5f-1234bde3cd05,IN
1e5eaed4-16c8-11ed-9b5f-1234bde3cd05,UA
1e5eb3cf-16c8-11ed-9b5f-1234bde3cd05,SE
1e5eb8a7-16c8-11ed-9b5f-1234bde3cd05,BR
1e5ec5f0-16c8-11ed-9b5f-1234bde3cd05,US
1e5ecd1b-16c8-11ed-9b5f-1234bde3cd05,US
1e5ef017-16c8-11ed-9b5f-1234bde3cd05,DE
1e5ef4df-16c8-11ed-9b5f-1234bde3cd05,DE
1e5efbd6-16c8-11ed-9b5f-1234bde3cd05,CA
1e5f0183-16c8-11ed-9b5f-1234bde3cd05,DE
1e5f065a-16c8-11ed-9b5f-1234bde3cd05,AT
1e5f10f1-16c8-11ed-9b5f-1234bde3cd05,CH
1e5f1593-16c8-11ed-9b5f-1234bde3cd05,CH
1e5f1a42-16c8-11ed-9b5f-1234bde3cd05,CN
1e5f1fb8-16c8-11ed-9b5f-1234bde3cd05,CN
1e5f2e92-16c8-11ed-9b5f-1234bde3cd05,CN
1e5f342b-16c8-11ed-9b5f-1234bde3cd05,FR
1e5f38fd-16c8-11ed-9b5f-1234bde3cd05,DE
1e5f3eed-16c8-11ed-9b5f-1234bde3cd05,CA
1e5f44ef-16c8-11ed-9b5f-1234bde3cd05,CA
1e5f4a2a-16c8-11ed-9b5f-1234bde3cd05,GB
1e5f5025-16c8-11ed-9b5f-1234bde3cd05,CH
1e5f6219-16c8-11ed-9b5f-1234bde3cd05,GB
1e5f6af2-16c8-11ed-9b5f-1234bde3cd05,MN
1e5f709f-16c8-11ed-9b5f-1234bde3cd05,CA
1e5f75fe-16c8-11ed-9b5f-1234bde3cd05,AU
1e5f8177-16c8-11ed-9b5f-1234bde3cd05,DE
1e5f8614-16c8-11ed-9b5f-1234bde3cd05,DE
1e5f8dbe-16c8-11ed-9b5f-1234bde3cd05,AT
1e5f92c9-16c8-11ed-9b5f-1234bde3cd05,IN
1e5f98de-16c8-11ed-9b5f-1234bde3cd05,DE
1e6015ff-16c8-11ed-9b5f-1234bde3cd05,DE
1e601af8-16c8-11ed-9b5f-1234bde3cd05,ES
1e602130-16c8-11ed-9b5f-1234bde3cd05,IN
1e602d44-16c8-11ed-9b5f-1234bde3cd05,TR
1e6033f7-16c8-11ed-9b5f-1234bde3cd05,GB
1e603e3c-16c8-11ed-9b5f-1234bde3cd05,SE
1e60436e-16c8-11ed-9b5f-1234bde3cd05,GB
1e604a39-16c8-11ed-9b5f-1234bde3cd05,CA
1e605c8e-16c8-11ed-9b5f-1234bde3cd05,CA
1e68169a-16c8-11ed-9b5f-1234bde3cd05,AU
1e715f54-16c8-11ed-9b5f-1234bde3cd05,GB
1e716495-16c8-11ed-9b5f-1234bde3cd05,VE
1e7169ab-16c8-11ed-9b5f-1234bde3cd05,GB
1e716f6a-16c8-11ed-9b5f-1234bde3cd05,AU
1e72ff0f-16c8-11ed-9b5f-1234bde3cd05,GB
1e730487-16c8-11ed-9b5f-1234bde3cd05,GB
1e73097d-16c8-11ed-9b5f-1234bde3cd05,AR
1e731301-16c8-11ed-9b5f-1234bde3cd05,AR
1e731c7f-16c8-11ed-9b5f-1234bde3cd05,ES
1e732290-16c8-11ed-9b5f-1234bde3cd05,FR
1e73287a-16c8-11ed-9b5f-1234bde3cd05,CA
1e732dc1-16c8-11ed-9b5f-1234bde3cd05,DE
1e73328b-16c8-11ed-9b5f-1234bde3cd05,IT
1e73384b-16c8-11ed-9b5f-1234bde3cd05,CA
1e733d2a-16c8-11ed-9b5f-1234bde3cd05,LU
1e7341f2-16c8-11ed-9b5f-1234bde3cd05,AU
1e734c4a-16c8-11ed-9b5f-1234bde3cd05,IT
1e7350ef-16c8-11ed-9b5f-1234bde3cd05,AU
1e74e875-16c8-11ed-9b5f-1234bde3cd05,IN
1e74edd2-16c8-11ed-9b5f-1234bde3cd05,AU
1e768183-16c8-11ed-9b5f-1234bde3cd05,MY
1e76867e-16c8-11ed-9b5f-1234bde3cd05,RU
1e769008-16c8-11ed-9b5f-1234bde3cd05,CN
1e769934-16c8-11ed-9b5f-1234bde3cd05,FR
1e769e18-16c8-11ed-9b5f-1234bde3cd05,CH
1e76a2b9-16c8-11ed-9b5f-1234bde3cd05,IT
1e76a766-16c8-11ed-9b5f-1234bde3cd05,SE
1e76ac14-16c8-11ed-9b5f-1234bde3cd05,IT
1e76b4fc-16c8-11ed-9b5f-1234bde3cd05,CY
1e76b9bc-16c8-11ed-9b5f-1234bde3cd05,NL
1e76be87-16c8-11ed-9b5f-1234bde3cd05,PT
1e76c2cc-16c8-11ed-9b5f-1234bde3cd05,CY
1e76c972-16c8-11ed-9b5f-1234bde3cd05,AR
1e76cfb2-16c8-11ed-9b5f-1234bde3cd05,CA
1e76d52a-16c8-11ed-9b5f-1234bde3cd05,AU
1e76d9e0-16c8-11ed-9b5f-1234bde3cd05,FR
1e76de5c-16c8-11ed-9b5f-1234bde3cd05,FI
1e76e2f1-16c8-11ed-9b5f-1234bde3cd05,PL
1e76e7cf-16c8-11ed-9b5f-1234bde3cd05,RU
1e76ecd9-16c8-11ed-9b5f-1234bde3cd05,TR
1e76f1ea-16c8-11ed-9b5f-1234bde3cd05,AT
1e76fd20-16c8-11ed-9b5f-1234bde3cd05,AT
1e770f2c-16c8-11ed-9b5f-1234bde3cd05,MX
1e771923-16c8-11ed-9b5f-1234bde3cd05,AT
1e771de7-16c8-11ed-9b5f-1234bde3cd05,AT
1e7724cd-16c8-11ed-9b5f-1234bde3cd05,AT
1e772e18-16c8-11ed-9b5f-1234bde3cd05,AT
1e7736f7-16c8-11ed-9b5f-1234bde3cd05,GB
1e773bf5-16c8-11ed-9b5f-1234bde3cd05,FI
1e774530-16c8-11ed-9b5f-1234bde3cd05,TR
1e774a10-16c8-11ed-9b5f-1234bde3cd05,CH
1e774eb2-16c8-11ed-9b5f-1234bde3cd05,CH
1e77535d-16c8-11ed-9b5f-1234bde3cd05,FR
1e7757df-16c8-11ed-9b5f-1234bde3cd05,ES
1e7761de-16c8-11ed-9b5f-1234bde3cd05,CA
1e776cfe-16c8-11ed-9b5f-1234bde3cd05,GB
1e7771fe-16c8-11ed-9b5f-1234bde3cd05,DE
1e777a51-16c8-11ed-9b5f-1234bde3cd05,DE
1e777ed8-16c8-11ed-9b5f-1234bde3cd05,GB
1e7783ad-16c8-11ed-9b5f-1234bde3cd05,GB
1e778832-16c8-11ed-9b5f-1234bde3cd05,GB
1e778ce5-16c8-11ed-9b5f-1234bde3cd05,IT
1e77914d-16c8-11ed-9b5f-1234bde3cd05,CY
1e779722-16c8-11ed-9b5f-1234bde3cd05,CA
1e779c09-16c8-11ed-9b5f-1234bde3cd05,IE
1e77a1b0-16c8-11ed-9b5f-1234bde3cd05,MX
1e77a799-16c8-11ed-9b5f-1234bde3cd05,MX
1e77ac82-16c8-11ed-9b5f-1234bde3cd05,AU
1e77b123-16c8-11ed-9b5f-1234bde3cd05,DE
1e79448d-16c8-11ed-9b5f-1234bde3cd05,TH
1e794950-16c8-11ed-9b5f-1234bde3cd05,IR
1e794e44-16c8-11ed-9b5f-1234bde3cd05,FR
1e795315-16c8-11ed-9b5f-1234bde3cd05,IN
1e795d4f-16c8-11ed-9b5f-1234bde3cd05,IN
1e796242-16c8-11ed-9b5f-1234bde3cd05,AU
1e796cd7-16c8-11ed-9b5f-1234bde3cd05,AU
1e79752c-16c8-11ed-9b5f-1234bde3cd05,FI
1e797a6a-16c8-11ed-9b5f-1234bde3cd05,DE
1e7983ff-16c8-11ed-9b5f-1234bde3cd05,MX
1e7988bf-16c8-11ed-9b5f-1234bde3cd05,DE
1e798f4e-16c8-11ed-9b5f-1234bde3cd05,AR
1e7993ea-16c8-11ed-9b5f-1234bde3cd05,AT
1e799a44-16c8-11ed-9b5f-1234bde3cd05,GB
1e799ee5-16c8-11ed-9b5f-1234bde3cd05,AU
1e79a8a6-16c8-11ed-9b5f-1234bde3cd05,IS
1e878b45-16c8-11ed-9b5f-1234bde3cd05,AU
1e879099-16c8-11ed-9b5f-1234bde3cd05,DK
1e8795a6-16c8-11ed-9b5f-1234bde3cd05,AU
1e879a5b-16c8-11ed-9b5f-1234bde3cd05,IS
1e87a4fa-16c8-11ed-9b5f-1234bde3cd05,US
1e87af7c-16c8-11ed-9b5f-1234bde3cd05,CH
1e87b446-16c8-11ed-9b5f-1234bde3cd05,CH
1e87b961-16c8-11ed-9b5f-1234bde3cd05,CH
1e87ccbd-16c8-11ed-9b5f-1234bde3cd05,RU
1e87d19b-16c8-11ed-9b5f-1234bde3cd05,AU
1e87d76a-16c8-11ed-9b5f-1234bde3cd05,AM
1e87dc18-16c8-11ed-9b5f-1234bde3cd05,PL
1e87e239-16c8-11ed-9b5f-1234bde3cd05,JP
1e897220-16c8-11ed-9b5f-1234bde3cd05,DE
1e89791d-16c8-11ed-9b5f-1234bde3cd05,AT
1e897d9f-16c8-11ed-9b5f-1234bde3cd05,AT
1e898479-16c8-11ed-9b5f-1234bde3cd05,US
1e898f59-16c8-11ed-9b5f-1234bde3cd05,JP
1e89955a-16c8-11ed-9b5f-1234bde3cd05,JP
1e899b85-16c8-11ed-9b5f-1234bde3cd05,JP
1e89a0b2-16c8-11ed-9b5f-1234bde3cd05,JP
1e89aade-16c8-11ed-9b5f-1234bde3cd05,JP
1e89b44b-16c8-11ed-9b5f-1234bde3cd05,JP
1e89baae-16c8-11ed-9b5f-1234bde3cd05,JP
1e89c171-16c8-11ed-9b5f-1234bde3cd05,JP
1e89c955-16c8-11ed-9b5f-1234bde3cd05,JP
